Workbook

Sheet bippity_poppity_boo
A1: =trust!A1 -> sub | B1: tania_subid | C1: =trust!B1 -> computer_defect | D1: =trust!C1 -> computer_recip | E1: =trust!D1 -> stranger_defect | F1: =trust!E1 -> stranger_recip | G1: =trust!F1 -> friend_defect | H1: =trust!G1 -> friend_recip | I1: =island_data!C1 -> screener_date | J1: =island_data!D1 -> dob | K1: =island_data!E1 -> age_mo | L1: =rf1_data!D1 -> sub_age | M1: =rf1_data!E1 -> race | N1: =rf1_data!F1 -> ethnicity | O1: =rf1_data!G1 -> sub_gender | P1: =rf1_data!H1 -> eros_o_score | Q1: =rf1_data!I1 -> eros_s_score | R1: =rf1_data!J1 -> susd_adult_mania | S1: =rf1_data!K1 -> susd_adult_depression | ... DA1: =rf1_data!CS1 -> ios_stranger_score | DB1: =island_data!H1 -> audit_sum | DC1: =island_data!I1 -> dudit_sum | DD1: =island_data!J1 -> usi_sum | DE1: =island_data!K1 -> fevs_sum | DF1: =island_data!L1 -> pmas_sum | DG1: =island_data!M1 -> pam_total_sum | DH1: =island_data!N1 -> pam_adult_duration | DI1: =island_data!O1 -> pam_adult_interaction | ... EI1: =island_data!AO1 -> ecog_score | EJ1: =TabCAT!AU1 -> Flanker_TaskDuration | EK1: =TabCAT!AV1 -> Flanker_PracticeTrialSuccess | EL1: =TabCAT!AW1 -> Flanker_PTSet1_TotalCorrect | EM1: =TabCAT!AX1 -> Flanker_PTSet2_TotalCorrect | EN1: =TabCAT!AY1 -> Flanker_TotalScore | EO1: =TabCAT!AZ1 -> Flanker_Correct_Total | EP1: =TabCAT!BA1 -> Flanker_Correct_MedianRT | EQ1: =TabCAT!BB1 -> Flanker_Correct_StDevRT | ... GH1: =TabCAT!CS1 -> SetShifting_TotalScore_Z
A2: 10317 | B2: =_xlfn.XLOOKUP(bippity_poppity_boo!A2,rf1_data!A:A,rf1_data!B:B) -> 191960 | C2: =(_xlfn.XLOOKUP($A2,trust!$A:$A,trust!B:B,"NaN")) -> 2.8 | D2: =(_xlfn.XLOOKUP($A2,trust!$A:$A,trust!C:C,"NaN")) -> 4 | E2: =(_xlfn.XLOOKUP($A2,trust!$A:$A,trust!D:D,"NaN")) -> 2.8 | F2: =(_xlfn.XLOOKUP($A2,trust!$A:$A,trust!E:E,"NaN")) -> 5.2 | G2: =(_xlfn.XLOOKUP($A2,trust!$A:$A,trust!F:F,"NaN")) -> 6.857143 | H2: =(_xlfn.XLOOKUP($A2,trust!$A:$A,trust!G:G,"NaN")) -> 4.666667 | I2: =IF(_xlfn.XLOOKUP($B2,island_data!$B:$B,island_data!C:C,"NaN")="","NaN",_xlfn.XLOOKUP($B2,island_data!$B:$B,island_data!C:C,"NaN")) -> NaN | J2: =IF(_xlfn.XLOOKUP($B2,island_data!$B:$B,island_data!D:D,"NaN")="","NaN",_xlfn.XLOOKUP($B2,island_data!$B:$B,island_data!D:D,"NaN")) -> NaN | K2: =IF(_xlfn.XLOOKUP($B2,island_data!$B:$B,island_data!E:E,"NaN")="","NaN",_xlfn.XLOOKUP($B2,island_data!$B:$B,island_data!E:E,"NaN")) -> NaN | L2: =IF(_xlfn.XLOOKUP($B2,rf1_data!$B:$B,rf1_data!D:D,"NaN")="","NaN",(_xlfn.XLOOKUP($B2,rf1_data!$B:$B,rf1_data!D:D,"NaN"))) -> 62.96 | M2: =IF(_xlfn.XLOOKUP($B2,rf1_data!$B:$B,rf1_data!E:E,"NaN")="","NaN",(_xlfn.XLOOKUP($B2,rf1_data!$B:$B,rf1_data!E:E,"NaN"))) -> White | N2: =IF(_xlfn.XLOOKUP($B2,rf1_data!$B:$B,rf1_data!F:F,"NaN")="","NaN",(_xlfn.XLOOKUP($B2,rf1_data!$B:$B,rf1_data!F:F,"NaN"))) -> Not Hispanic or Latino | O2: =IF(_xlfn.XLOOKUP($B2,rf1_data!$B:$B,rf1_data!G:G,"NaN")="","NaN",(_xlfn.XLOOKUP($B2,rf1_data!$B:$B,rf1_data!G:G,"NaN"))) -> Female | P2: =IF(_xlfn.XLOOKUP($B2,rf1_data!$B:$B,rf1_data!H:H,"NaN")="","NaN",(_xlfn.XLOOKUP($B2,rf1_data!$B:$B,rf1_data!H:H,"NaN"))) -> 4.22 | Q2: =IF(_xlfn.XLOOKUP($B2,rf1_data!$B:$B,rf1_data!I:I,"NaN")="","NaN",(_xlfn.XLOOKUP($B2,rf1_data!$B:$B,rf1_data!I:I,"NaN"))) -> 4.3 | R2: =IF(_xlfn.XLOOKUP($B2,rf1_data!$B:$B,rf1_data!J:J,"NaN")="","NaN",(_xlfn.XLOOKUP($B2,rf1_data!$B:$B,rf1_data!J:J,"NaN"))) -> 0 | S2: =IF(_xlfn.XLOOKUP($B2,rf1_data!$B:$B,rf1_data!K:K,"NaN")="","NaN",(_xlfn.XLOOKUP($B2,rf1_data!$B:$B,rf1_data!K:K,"NaN"))) -> 6 | T2: =IF(_xlfn.XLOOKUP($B2,rf1_data!$B:$B,rf1_data!L:L,"NaN")="","NaN",(_xlfn.XLOOKUP($B2,rf1_data!$B:$B,rf1_data!L:L,"NaN"))) -> 0 | U2: =IF(_xlfn.XLOOKUP($B2,rf1_data!$B:$B,rf1_data!M:M,"NaN")="","NaN",(_xlfn.XLOOKUP($B2,rf1_data!$B:$B,rf1_data!M:M,"NaN"))) -> 4.83 | V2: =IF(_xlfn.XLOOKUP($B2,rf1_data!$B:$B,rf1_data!N:N,"NaN")="","NaN",(_xlfn.XLOOKUP($B2,rf1_data!$B:$B,rf1_data!N:N,"NaN"))) -> 4.83 | W2: =IF(_xlfn.XLOOKUP($B2,rf1_data!$B:$B,rf1_data!O:O,"NaN")="","NaN",(_xlfn.XLOOKUP($B2,rf1_data!$B:$B,rf1_data!O:O,"NaN"))) -> 5.38 | X2: =IF(_xlfn.XLOOKUP($B2,rf1_data!$B:$B,rf1_data!P:P,"NaN")="","NaN",(_xlfn.XLOOKUP($B2,rf1_data!$B:$B,rf1_data!P:P,"NaN"))) -> 4.5 | Y2: =IF(_xlfn.XLOOKUP($B2,rf1_data!$B:$B,rf1_data!Q:Q,"NaN")="","NaN",(_xlfn.XLOOKUP($B2,rf1_data!$B:$B,rf1_data!Q:Q,"NaN"))) -> 4.97 | Z2: =IF(_xlfn.XLOOKUP($B2,rf1_data!$B:$B,rf1_data!R:R,"NaN")="","NaN",(_xlfn.XLOOKUP($B2,rf1_data!$B:$B,rf1_data!R:R,"NaN"))) -> 21 | AA2: =IF(_xlfn.XLOOKUP($B2,rf1_data!$B:$B,rf1_data!S:S,"NaN")="","NaN",(_xlfn.XLOOKUP($B2,rf1_data!$B:$B,rf1_data!S:S,"NaN"))) -> 3 | AB2: =IF(_xlfn.XLOOKUP($B2,rf1_data!$B:$B,rf1_data!T:T,"NaN")="","NaN",(_xlfn.XLOOKUP($B2,rf1_data!$B:$B,rf1_data!T:T,"NaN"))) -> 11 | AC2: =IF(_xlfn.XLOOKUP($B2,rf1_data!$B:$B,rf1_data!U:U,"NaN")="","NaN",(_xlfn.XLOOKUP($B2,rf1_data!$B:$B,rf1_data!U:U,"NaN"))) -> 1 | AD2: =IF(_xlfn.XLOOKUP($B2,rf1_data!$B:$B,rf1_data!V:V,"NaN")="","NaN",(_xlfn.XLOOKUP($B2,rf1_data!$B:$B,rf1_data!V:V,"NaN"))) -> 6 | AE2: =IF(_xlfn.XLOOKUP($B2,rf1_data!$B:$B,rf1_data!W:W,"NaN")="","NaN",(_xlfn.XLOOKUP($B2,rf1_data!$B:$B,rf1_data!W:W,"NaN"))) -> 3 | AF2: =IF(_xlfn.XLOOKUP($B2,rf1_data!$B:$B,rf1_data!X:X,"NaN")="","NaN",(_xlfn.XLOOKUP($B2,rf1_data!$B:$B,rf1_data!X:X,"NaN"))) -> 7 | AG2: =IF(_xlfn.XLOOKUP($B2,rf1_data!$B:$B,rf1_data!Y:Y,"NaN")="","NaN",(_xlfn.XLOOKUP($B2,rf1_data!$B:$B,rf1_data!Y:Y,"NaN"))) -> 2 | AH2: =IF(_xlfn.XLOOKUP($B2,rf1_data!$B:$B,rf1_data!Z:Z,"NaN")="","NaN",(_xlfn.XLOOKUP($B2,rf1_data!$B:$B,rf1_data!Z:Z,"NaN"))) -> 5 | AI2: =IF(_xlfn.XLOOKUP($B2,rf1_data!$B:$B,rf1_data!AA:AA,"NaN")="","NaN",(_xlfn.XLOOKUP($B2,rf1_data!$B:$B,rf1_data!AA:AA,"NaN"))) -> 2 | AJ2: =IF(_xlfn.XLOOKUP($B2,rf1_data!$B:$B,rf1_data!AB:AB,"NaN")="","NaN",(_xlfn.XLOOKUP($B2,rf1_data!$B:$B,rf1_data!AB:AB,"NaN"))) -> 19 | AK2: =IF(_xlfn.XLOOKUP($B2,rf1_data!$B:$B,rf1_data!AC:AC,"NaN")="","NaN",(_xlfn.XLOOKUP($B2,rf1_data!$B:$B,rf1_data!AC:AC,"NaN"))) -> 30 | AL2: =IF(_xlfn.XLOOKUP($B2,rf1_data!$B:$B,rf1_data!AD:AD,"NaN")="","NaN",(_xlfn.XLOOKUP($B2,rf1_data!$B:$B,rf1_data!AD:AD,"NaN"))) -> 8 | AM2: =IF(_xlfn.XLOOKUP($B2,rf1_data!$B:$B,rf1_data!AE:AE,"NaN")="","NaN",(_xlfn.XLOOKUP($B2,rf1_data!$B:$B,rf1_data!AE:AE,"NaN"))) -> 0 | AN2: =IF(_xlfn.XLOOKUP($B2,rf1_data!$B:$B,rf1_data!AF:AF,"NaN")="","NaN",(_xlfn.XLOOKUP($B2,rf1_data!$B:$B,rf1_data!AF:AF,"NaN"))) -> 0 | AO2: =IF(_xlfn.XLOOKUP($B2,rf1_data!$B:$B,rf1_data!AG:AG,"NaN")="","NaN",(_xlfn.XLOOKUP($B2,rf1_data!$B:$B,rf1_data!AG:AG,"NaN"))) -> 3.83 | AP2: =IF(_xlfn.XLOOKUP($B2,rf1_data!$B:$B,rf1_data!AH:AH,"NaN")="","NaN",(_xlfn.XLOOKUP($B2,rf1_data!$B:$B,rf1_data!AH:AH,"NaN"))) -> 6.5 | AQ2: =IF(_xlfn.XLOOKUP($B2,rf1_data!$B:$B,rf1_data!AI:AI,"NaN")="","NaN",(_xlfn.XLOOKUP($B2,rf1_data!$B:$B,rf1_data!AI:AI,"NaN"))) -> 1 | AR2: =IF(_xlfn.XLOOKUP($B2,rf1_data!$B:$B,rf1_data!AJ:AJ,"NaN")="","NaN",(_xlfn.XLOOKUP($B2,rf1_data!$B:$B,rf1_data!AJ:AJ,"NaN"))) -> 4 | AS2: =IF(_xlfn.XLOOKUP($B2,rf1_data!$B:$B,rf1_data!AK:AK,"NaN")="","NaN",(_xlfn.XLOOKUP($B2,rf1_data!$B:$B,rf1_data!AK:AK,"NaN"))) -> 3 | AT2: =IF(_xlfn.XLOOKUP($B2,rf1_data!$B:$B,rf1_data!AL:AL,"NaN")="","NaN",(_xlfn.XLOOKUP($B2,rf1_data!$B:$B,rf1_data!AL:AL,"NaN"))) -> 17 | AU2: =IF(_xlfn.XLOOKUP($B2,rf1_data!$B:$B,rf1_data!AM:AM,"NaN")="","NaN",(_xlfn.XLOOKUP($B2,rf1_data!$B:$B,rf1_data!AM:AM,"NaN"))) -> 1.58 | AV2: =IF(_xlfn.XLOOKUP($B2,rf1_data!$B:$B,rf1_data!AN:AN,"NaN")="","NaN",(_xlfn.XLOOKUP($B2,rf1_data!$B:$B,rf1_data!AN:AN,"NaN"))) -> 0 | AW2: =IF(_xlfn.XLOOKUP($B2,rf1_data!$B:$B,rf1_data!AO:AO,"NaN")="","NaN",(_xlfn.XLOOKUP($B2,rf1_data!$B:$B,rf1_data!AO:AO,"NaN"))) -> 3 | AX2: =IF(_xlfn.XLOOKUP($B2,rf1_data!$B:$B,rf1_data!AP:AP,"NaN")="","NaN",(_xlfn.XLOOKUP($B2,rf1_data!$B:$B,rf1_data!AP:AP,"NaN"))) -> 2.66 | AY2: =IF(_xlfn.XLOOKUP($B2,rf1_data!$B:$B,rf1_data!AQ:AQ,"NaN")="","NaN",(_xlfn.XLOOKUP($B2,rf1_data!$B:$B,rf1_data!AQ:AQ,"NaN"))) -> 120.1 | AZ2: =IF(_xlfn.XLOOKUP($B2,rf1_data!$B:$B,rf1_data!AR:AR,"NaN")="","NaN",(_xlfn.XLOOKUP($B2,rf1_data!$B:$B,rf1_data!AR:AR,"NaN"))) -> NaN | BA2: =IF(_xlfn.XLOOKUP($B2,rf1_data!$B:$B,rf1_data!AS:AS,"NaN")="","NaN",(_xlfn.XLOOKUP($B2,rf1_data!$B:$B,rf1_data!AS:AS,"NaN"))) -> NaN | BB2: =IF(_xlfn.XLOOKUP($B2,rf1_data!$B:$B,rf1_data!AT:AT,"NaN")="","NaN",(_xlfn.XLOOKUP($B2,rf1_data!$B:$B,rf1_data!AT:AT,"NaN"))) -> NaN | BC2: =IF(_xlfn.XLOOKUP($B2,rf1_data!$B:$B,rf1_data!AU:AU,"NaN")="","NaN",(_xlfn.XLOOKUP($B2,rf1_data!$B:$B,rf1_data!AU:AU,"NaN"))) -> NaN | BD2: =IF(_xlfn.XLOOKUP($B2,rf1_data!$B:$B,rf1_data!AV:AV,"NaN")="","NaN",(_xlfn.XLOOKUP($B2,rf1_data!$B:$B,rf1_data!AV:AV,"NaN"))) -> NaN | BE2: =IF(_xlfn.XLOOKUP($B2,rf1_data!$B:$B,rf1_data!AW:AW,"NaN")="","NaN",(_xlfn.XLOOKUP($B2,rf1_data!$B:$B,rf1_data!AW:AW,"NaN"))) -> NaN | BF2: =IF(_xlfn.XLOOKUP($B2,rf1_data!$B:$B,rf1_data!AX:AX,"NaN")="","NaN",(_xlfn.XLOOKUP($B2,rf1_data!$B:$B,rf1_data!AX:AX,"NaN"))) -> NaN | BG2: =IF(_xlfn.XLOOKUP($B2,rf1_data!$B:$B,rf1_data!AY:AY,"NaN")="","NaN",(_xlfn.XLOOKUP($B2,rf1_data!$B:$B,rf1_data!AY:AY,"NaN"))) -> NaN | BH2: =IF(_xlfn.XLOOKUP($B2,rf1_data!$B:$B,rf1_data!AZ:AZ,"NaN")="","NaN",(_xlfn.XLOOKUP($B2,rf1_data!$B:$B,rf1_data!AZ:AZ,"NaN"))) -> NaN | BI2: =IF(_xlfn.XLOOKUP($B2,rf1_data!$B:$B,rf1_data!BA:BA,"NaN")="","NaN",(_xlfn.XLOOKUP($B2,rf1_data!$B:$B,rf1_data!BA:BA,"NaN"))) -> 20 | BJ2: =IF(_xlfn.XLOOKUP($B2,rf1_data!$B:$B,rf1_data!BB:BB,"NaN")="","NaN",(_xlfn.XLOOKUP($B2,rf1_data!$B:$B,rf1_data!BB:BB,"NaN"))) -> NaN | BK2: =IF(_xlfn.XLOOKUP($B2,rf1_data!$B:$B,rf1_data!BC:BC,"NaN")="","NaN",(_xlfn.XLOOKUP($B2,rf1_data!$B:$B,rf1_data!BC:BC,"NaN"))) -> NaN | BL2: =IF(_xlfn.XLOOKUP($B2,rf1_data!$B:$B,rf1_data!BD:BD,"NaN")="","NaN",(_xlfn.XLOOKUP($B2,rf1_data!$B:$B,rf1_data!BD:BD,"NaN"))) -> NaN | BM2: =IF(_xlfn.XLOOKUP($B2,rf1_data!$B:$B,rf1_data!BE:BE,"NaN")="","NaN",(_xlfn.XLOOKUP($B2,rf1_data!$B:$B,rf1_data!BE:BE,"NaN"))) -> NaN | BN2: =IF(_xlfn.XLOOKUP($B2,rf1_data!$B:$B,rf1_data!BF:BF,"NaN")="","NaN",(_xlfn.XLOOKUP($B2,rf1_data!$B:$B,rf1_data!BF:BF,"NaN"))) -> NaN | BO2: =IF(_xlfn.XLOOKUP($B2,rf1_data!$B:$B,rf1_data!BG:BG,"NaN")="","NaN",(_xlfn.XLOOKUP($B2,rf1_data!$B:$B,rf1_data!BG:BG,"NaN"))) -> NaN | BP2: =IF(_xlfn.XLOOKUP($B2,rf1_data!$B:$B,rf1_data!BH:BH,"NaN")="","NaN",(_xlfn.XLOOKUP($B2,rf1_data!$B:$B,rf1_data!BH:BH,"NaN"))) -> NaN | BQ2: =IF(_xlfn.XLOOKUP($B2,rf1_data!$B:$B,rf1_data!BI:BI,"NaN")="","NaN",(_xlfn.XLOOKUP($B2,rf1_data!$B:$B,rf1_data!BI:BI,"NaN"))) -> NaN | BR2: =IF(_xlfn.XLOOKUP($B2,rf1_data!$B:$B,rf1_data!BJ:BJ,"NaN")="","NaN",(_xlfn.XLOOKUP($B2,rf1_data!$B:$B,rf1_data!BJ:BJ,"NaN"))) -> 8991 | BS2: =IF(_xlfn.XLOOKUP($B2,rf1_data!$B:$B,rf1_data!BK:BK,"NaN")="","NaN",(_xlfn.XLOOKUP($B2,rf1_data!$B:$B,rf1_data!BK:BK,"NaN"))) -> NaN | BT2: =IF(_xlfn.XLOOKUP($B2,rf1_data!$B:$B,rf1_data!BL:BL,"NaN")="","NaN",(_xlfn.XLOOKUP($B2,rf1_data!$B:$B,rf1_data!BL:BL,"NaN"))) -> NaN | BU2: =IF(_xlfn.XLOOKUP($B2,rf1_data!$B:$B,rf1_data!BM:BM,"NaN")="","NaN",(_xlfn.XLOOKUP($B2,rf1_data!$B:$B,rf1_data!BM:BM,"NaN"))) -> NaN | BV2: =IF(_xlfn.XLOOKUP($B2,rf1_data!$B:$B,rf1_data!BN:BN,"NaN")="","NaN",(_xlfn.XLOOKUP($B2,rf1_data!$B:$B,rf1_data!BN:BN,"NaN"))) -> NaN | BW2: =IF(_xlfn.XLOOKUP($B2,rf1_data!$B:$B,rf1_data!BO:BO,"NaN")="","NaN",(_xlfn.XLOOKUP($B2,rf1_data!$B:$B,rf1_data!BO:BO,"NaN"))) -> 4 | BX2: =IF(_xlfn.XLOOKUP($B2,rf1_data!$B:$B,rf1_data!BP:BP,"NaN")="","NaN",(_xlfn.XLOOKUP($B2,rf1_data!$B:$B,rf1_data!BP:BP,"NaN"))) -> 4.4 | BY2: =IF(_xlfn.XLOOKUP($B2,rf1_data!$B:$B,rf1_data!BQ:BQ,"NaN")="","NaN",(_xlfn.XLOOKUP($B2,rf1_data!$B:$B,rf1_data!BQ:BQ,"NaN"))) -> 4.4 | BZ2: =IF(_xlfn.XLOOKUP($B2,rf1_data!$B:$B,rf1_data!BR:BR,"NaN")="","NaN",(_xlfn.XLOOKUP($B2,rf1_data!$B:$B,rf1_data!BR:BR,"NaN"))) -> 4.27 | CA2: =IF(_xlfn.XLOOKUP($B2,rf1_data!$B:$B,rf1_data!BS:BS,"NaN")="","NaN",(_xlfn.XLOOKUP($B2,rf1_data!$B:$B,rf1_data!BS:BS,"NaN"))) -> 6 | CB2: =IF(_xlfn.XLOOKUP($B2,rf1_data!$B:$B,rf1_data!BT:BT,"NaN")="","NaN",(_xlfn.XLOOKUP($B2,rf1_data!$B:$B,rf1_data!BT:BT,"NaN"))) -> 5.1666667 | CC2: =IF(_xlfn.XLOOKUP($B2,rf1_data!$B:$B,rf1_data!BU:BU,"NaN")="","NaN",(_xlfn.XLOOKUP($B2,rf1_data!$B:$B,rf1_data!BU:BU,"NaN"))) -> 6 | CD2: =IF(_xlfn.XLOOKUP($B2,rf1_data!$B:$B,rf1_data!BV:BV,"NaN")="","NaN",(_xlfn.XLOOKUP($B2,rf1_data!$B:$B,rf1_data!BV:BV,"NaN"))) -> 5.1666667 | CE2: =IF(_xlfn.XLOOKUP($B2,rf1_data!$B:$B,rf1_data!BW:BW,"NaN")="","NaN",(_xlfn.XLOOKUP($B2,rf1_data!$B:$B,rf1_data!BW:BW,"NaN"))) -> 2.75 | CF2: =IF(_xlfn.XLOOKUP($B2,rf1_data!$B:$B,rf1_data!BX:BX,"NaN")="","NaN",(_xlfn.XLOOKUP($B2,rf1_data!$B:$B,rf1_data!BX:BX,"NaN"))) -> 0 | CG2: =IF(_xlfn.XLOOKUP($B2,rf1_data!$B:$B,rf1_data!BY:BY,"NaN")="","NaN",(_xlfn.XLOOKUP($B2,rf1_data!$B:$B,rf1_data!BY:BY,"NaN"))) -> 0 | CH2: =IF(_xlfn.XLOOKUP($B2,rf1_data!$B:$B,rf1_data!BZ:BZ,"NaN")="","NaN",(_xlfn.XLOOKUP($B2,rf1_data!$B:$B,rf1_data!BZ:BZ,"NaN"))) -> 28 | CI2: =IF(_xlfn.XLOOKUP($B2,rf1_data!$B:$B,rf1_data!CA:CA,"NaN")="","NaN",(_xlfn.XLOOKUP($B2,rf1_data!$B:$B,rf1_data!CA:CA,"NaN"))) -> 26 | CJ2: =IF(_xlfn.XLOOKUP($B2,rf1_data!$B:$B,rf1_data!CB:CB,"NaN")="","NaN",(_xlfn.XLOOKUP($B2,rf1_data!$B:$B,rf1_data!CB:CB,"NaN"))) -> 12 | CK2: =IF(_xlfn.XLOOKUP($B2,rf1_data!$B:$B,rf1_data!CC:CC,"NaN")="","NaN",(_xlfn.XLOOKUP($B2,rf1_data!$B:$B,rf1_data!CC:CC,"NaN"))) -> 1.2 | CL2: =IF(_xlfn.XLOOKUP($B2,rf1_data!$B:$B,rf1_data!CD:CD,"NaN")=0,"NaN",(_xlfn.XLOOKUP($B2,rf1_data!$B:$B,rf1_data!CD:CD,"NaN"))) -> 40 | CM2: =IF(_xlfn.XLOOKUP($B2,rf1_data!$B:$B,rf1_data!CE:CE,"NaN")="","NaN",(_xlfn.XLOOKUP($B2,rf1_data!$B:$B,rf1_data!CE:CE,"NaN"))) -> 45 | CN2: =IF(_xlfn.XLOOKUP($B2,rf1_data!$B:$B,rf1_data!CF:CF,"NaN")="","NaN",(_xlfn.XLOOKUP($B2,rf1_data!$B:$B,rf1_data!CF:CF,"NaN"))) -> 47 | CO2: =IF(_xlfn.XLOOKUP($B2,rf1_data!$B:$B,rf1_data!CG:CG,"NaN")="","NaN",(_xlfn.XLOOKUP($B2,rf1_data!$B:$B,rf1_data!CG:CG,"NaN"))) -> 26 | CP2: =IF(_xlfn.XLOOKUP($B2,rf1_data!$B:$B,rf1_data!CH:CH,"NaN")=0,"NaN",(_xlfn.XLOOKUP($B2,rf1_data!$B:$B,rf1_data!CH:CH,"NaN"))) -> 29 | CQ2: =IF(_xlfn.XLOOKUP($B2,rf1_data!$B:$B,rf1_data!CI:CI,"NaN")="","NaN",(_xlfn.XLOOKUP($B2,rf1_data!$B:$B,rf1_data!CI:CI,"NaN"))) -> 43 | CR2: =IF(_xlfn.XLOOKUP($B2,rf1_data!$B:$B,rf1_data!CJ:CJ,"NaN")="","NaN",(_xlfn.XLOOKUP($B2,rf1_data!$B:$B,rf1_data!CJ:CJ,"NaN"))) -> 60 | CS2: =IF(_xlfn.XLOOKUP($B2,rf1_data!$B:$B,rf1_data!CK:CK,"NaN")="","NaN",(_xlfn.XLOOKUP($B2,rf1_data!$B:$B,rf1_data!CK:CK,"NaN"))) -> 34 | CT2: =IF(_xlfn.XLOOKUP($B2,rf1_data!$B:$B,rf1_data!CL:CL,"NaN")="","NaN",(_xlfn.XLOOKUP($B2,rf1_data!$B:$B,rf1_data!CL:CL,"NaN"))) -> 60 | CU2: =IF(_xlfn.XLOOKUP($B2,rf1_data!$B:$B,rf1_data!CM:CM,"NaN")="","NaN",(_xlfn.XLOOKUP($B2,rf1_data!$B:$B,rf1_data!CM:CM,"NaN"))) -> 27 | CV2: =IF(_xlfn.XLOOKUP($B2,rf1_data!$B:$B,rf1_data!CN:CN,"NaN")="","NaN",(_xlfn.XLOOKUP($B2,rf1_data!$B:$B,rf1_data!CN:CN,"NaN"))) -> 60 | CW2: =IF(_xlfn.XLOOKUP($B2,rf1_data!$B:$B,rf1_data!CO:CO,"NaN")="","NaN",(_xlfn.XLOOKUP($B2,rf1_data!$B:$B,rf1_data!CO:CO,"NaN"))) -> NaN | CX2: =IF(_xlfn.XLOOKUP($B2,rf1_data!$B:$B,rf1_data!CP:CP,"NaN")="","NaN",(_xlfn.XLOOKUP($B2,rf1_data!$B:$B,rf1_data!CP:CP,"NaN"))) -> NaN | CY2: =IF(_xlfn.XLOOKUP($B2,rf1_data!$B:$B,rf1_data!CQ:CQ,"NaN")="","NaN",(_xlfn.XLOOKUP($B2,rf1_data!$B:$B,rf1_data!CQ:CQ,"NaN"))) -> 3 | CZ2: =IF(_xlfn.XLOOKUP($B2,rf1_data!$B:$B,rf1_data!CR:CR,"NaN")="","NaN",(_xlfn.XLOOKUP($B2,rf1_data!$B:$B,rf1_data!CR:CR,"NaN"))) -> 1 | DA2: =IF(_xlfn.XLOOKUP($B2,rf1_data!$B:$B,rf1_data!CS:CS,"NaN")="","NaN",(_xlfn.XLOOKUP($B2,rf1_data!$B:$B,rf1_data!CS:CS,"NaN"))) -> 2 | DB2: =IF(_xlfn.XLOOKUP($B2,island_data!$B:$B,island_data!H:H,"NaN")="","NaN",_xlfn.XLOOKUP($B2,island_data!$B:$B,island_data!H:H,"NaN")) -> NaN | DC2: =IF(_xlfn.XLOOKUP($B2,island_data!$B:$B,island_data!I:I,"NaN")="","NaN",_xlfn.XLOOKUP($B2,island_data!$B:$B,island_data!I:I,"NaN")) -> NaN | DD2: =IF(_xlfn.XLOOKUP($B2,island_data!$B:$B,island_data!J:J,"NaN")="","NaN",_xlfn.XLOOKUP($B2,island_data!$B:$B,island_data!J:J,"NaN")) -> NaN | DE2: =IF(_xlfn.XLOOKUP($B2,island_data!$B:$B,island_data!K:K,"NaN")="","NaN",_xlfn.XLOOKUP($B2,island_data!$B:$B,island_data!K:K,"NaN")) -> 7 | DF2: =IF(_xlfn.XLOOKUP($B2,island_data!$B:$B,island_data!L:L,"NaN")="","NaN",_xlfn.XLOOKUP($B2,island_data!$B:$B,island_data!L:L,"NaN")) -> NaN | DG2: =IF(_xlfn.XLOOKUP($B2,island_data!$B:$B,island_data!M:M,"NaN")="","NaN",_xlfn.XLOOKUP($B2,island_data!$B:$B,island_data!M:M,"NaN")) -> NaN | DH2: =IF(_xlfn.XLOOKUP($B2,island_data!$B:$B,island_data!N:N,"NaN")="","NaN",_xlfn.XLOOKUP($B2,island_data!$B:$B,island_data!N:N,"NaN")) -> NaN | DI2: =IF(_xlfn.XLOOKUP($B2,island_data!$B:$B,island_data!O:O,"NaN")=999,"NaN",_xlfn.XLOOKUP($B2,island_data!$B:$B,island_data!O:O,"NaN")) -> NaN | DJ2: =IF(_xlfn.XLOOKUP($B2,island_data!$B:$B,island_data!P:P,"NaN")="","NaN",_xlfn.XLOOKUP($B2,island_data!$B:$B,island_data!P:P,"NaN")) -> NaN | DK2: =IF(_xlfn.XLOOKUP($B2,island_data!$B:$B,island_data!Q:Q,"NaN")="","NaN",_xlfn.XLOOKUP($B2,island_data!$B:$B,island_data!Q:Q,"NaN")) -> NaN | DL2: =IF(_xlfn.XLOOKUP($B2,island_data!$B:$B,island_data!R:R,"NaN")=999,"NaN",_xlfn.XLOOKUP($B2,island_data!$B:$B,island_data!R:R,"NaN")) -> NaN | DM2: =IF(_xlfn.XLOOKUP($B2,island_data!$B:$B,island_data!S:S,"NaN")="","NaN",_xlfn.XLOOKUP($B2,island_data!$B:$B,island_data!S:S,"NaN")) -> NaN | DN2: =IF(_xlfn.XLOOKUP($B2,island_data!$B:$B,island_data!T:T,"NaN")="","NaN",_xlfn.XLOOKUP($B2,island_data!$B:$B,island_data!T:T,"NaN")) -> NaN | DO2: =IF(_xlfn.XLOOKUP($B2,island_data!$B:$B,island_data!U:U,"NaN")="","NaN",_xlfn.XLOOKUP($B2,island_data!$B:$B,island_data!U:U,"NaN")) -> 4 | DP2: =IF(_xlfn.XLOOKUP($B2,island_data!$B:$B,island_data!V:V,"NaN")="","NaN",_xlfn.XLOOKUP($B2,island_data!$B:$B,island_data!V:V,"NaN")) -> 0 | DQ2: =IF(_xlfn.XLOOKUP($B2,island_data!$B:$B,island_data!W:W,"NaN")="","NaN",_xlfn.XLOOKUP($B2,island_data!$B:$B,island_data!W:W,"NaN")) -> NaN | DR2: =IF(_xlfn.XLOOKUP($B2,island_data!$B:$B,island_data!X:X,"NaN")="","NaN",_xlfn.XLOOKUP($B2,island_data!$B:$B,island_data!X:X,"NaN")) -> 4 | DS2: =IF(_xlfn.XLOOKUP($B2,island_data!$B:$B,island_data!Y:Y,"NaN")="","NaN",_xlfn.XLOOKUP($B2,island_data!$B:$B,island_data!Y:Y,"NaN")) -> NaN | DT2: =IF(_xlfn.XLOOKUP($B2,island_data!$B:$B,island_data!Z:Z,"NaN")="","NaN",_xlfn.XLOOKUP($B2,island_data!$B:$B,island_data!Z:Z,"NaN")) -> NaN | DU2: =IF(_xlfn.XLOOKUP($B2,island_data!$B:$B,island_data!AA:AA,"NaN")="","NaN",_xlfn.XLOOKUP($B2,island_data!$B:$B,island_data!AA:AA,"NaN")) -> NaN | DV2: =IF(_xlfn.XLOOKUP($B2,island_data!$B:$B,island_data!AB:AB,"NaN")="","NaN",_xlfn.XLOOKUP($B2,island_data!$B:$B,island_data!AB:AB,"NaN")) -> 0 | DW2: =IF(_xlfn.XLOOKUP($B2,island_data!$B:$B,island_data!AC:AC,"NaN")="","NaN",_xlfn.XLOOKUP($B2,island_data!$B:$B,island_data!AC:AC,"NaN")) -> 19810 | DX2: =IF(_xlfn.XLOOKUP($B2,island_data!$B:$B,island_data!AD:AD,"NaN")="","NaN",_xlfn.XLOOKUP($B2,island_data!$B:$B,island_data!AD:AD,"NaN")) -> NaN | DY2: =IF(_xlfn.XLOOKUP($B2,island_data!$B:$B,island_data!AE:AE,"NaN")="","NaN",_xlfn.XLOOKUP($B2,island_data!$B:$B,island_data!AE:AE,"NaN")) -> 1 | DZ2: =IF(_xlfn.XLOOKUP($B2,island_data!$B:$B,island_data!AF:AF,"NaN")="","NaN",_xlfn.XLOOKUP($B2,island_data!$B:$B,island_data!AF:AF,"NaN")) -> NaN | EA2: =IF(_xlfn.XLOOKUP($B2,island_data!$B:$B,island_data!AG:AG,"NaN")="","NaN",_xlfn.XLOOKUP($B2,island_data!$B:$B,island_data!AG:AG,"NaN")) -> NaN | EB2: =IF(_xlfn.XLOOKUP($B2,island_data!$B:$B,island_data!AH:AH,"NaN")="","NaN",_xlfn.XLOOKUP($B2,island_data!$B:$B,island_data!AH:AH,"NaN")) -> NaN | EC2: =IF(_xlfn.XLOOKUP($B2,island_data!$B:$B,island_data!AI:AI,"NaN")="","NaN",_xlfn.XLOOKUP($B2,island_data!$B:$B,island_data!AI:AI,"NaN")) -> NaN | ED2: =IF(_xlfn.XLOOKUP($B2,island_data!$B:$B,island_data!AJ:AJ,"NaN")="","NaN",_xlfn.XLOOKUP($B2,island_data!$B:$B,island_data!AJ:AJ,"NaN")) -> NaN | EE2: =IF(_xlfn.XLOOKUP($B2,island_data!$B:$B,island_data!AK:AK,"NaN")="","NaN",_xlfn.XLOOKUP($B2,island_data!$B:$B,island_data!AK:AK,"NaN")) -> NaN | EF2: =IF(_xlfn.XLOOKUP($B2,island_data!$B:$B,island_data!AL:AL,"NaN")="","NaN",_xlfn.XLOOKUP($B2,island_data!$B:$B,island_data!AL:AL,"NaN")) -> NaN | EG2: =IF(_xlfn.XLOOKUP($B2,island_data!$B:$B,island_data!AM:AM,"NaN")="","NaN",_xlfn.XLOOKUP($B2,island_data!$B:$B,island_data!AM:AM,"NaN")) -> NaN | EH2: =IF(_xlfn.XLOOKUP($B2,island_data!$B:$B,island_data!AN:AN,"NaN")="","NaN",_xlfn.XLOOKUP($B2,island_data!$B:$B,island_data!AN:AN,"NaN")) -> NaN | EI2: =IF(_xlfn.XLOOKUP($B2,island_data!$B:$B,island_data!AO:AO,"NaN")="","NaN",_xlfn.XLOOKUP($B2,island_data!$B:$B,island_data!AO:AO,"NaN")) -> NaN | EJ2: =IF(_xlfn.XLOOKUP($A2,TabCAT!$A:$A,TabCAT!AU:AU,"NaN")="","NaN",(_xlfn.XLOOKUP($A2,TabCAT!$A:$A,TabCAT!AU:AU,"NaN"))) -> 217 | EK2: =IF(_xlfn.XLOOKUP($A2,TabCAT!$A:$A,TabCAT!AV:AV,"NaN")="","NaN",(_xlfn.XLOOKUP($A2,TabCAT!$A:$A,TabCAT!AV:AV,"NaN"))) -> TRUE | EL2: =IF(_xlfn.XLOOKUP($A2,TabCAT!$A:$A,TabCAT!AW:AW,"NaN")="","NaN",(_xlfn.XLOOKUP($A2,TabCAT!$A:$A,TabCAT!AW:AW,"NaN"))) -> 4 | EM2: =IF(_xlfn.XLOOKUP($A2,TabCAT!$A:$A,TabCAT!AX:AX,"NaN")="","NaN",(_xlfn.XLOOKUP($A2,TabCAT!$A:$A,TabCAT!AX:AX,"NaN"))) -> 6 | EN2: =IF(_xlfn.XLOOKUP($A2,TabCAT!$A:$A,TabCAT!AY:AY,"NaN")="","NaN",(_xlfn.XLOOKUP($A2,TabCAT!$A:$A,TabCAT!AY:AY,"NaN"))) -> 7.4 | EO2: =IF(_xlfn.XLOOKUP($A2,TabCAT!$A:$A,TabCAT!AZ:AZ,"NaN")="","NaN",(_xlfn.XLOOKUP($A2,TabCAT!$A:$A,TabCAT!AZ:AZ,"NaN"))) -> 32 | EP2: =IF(_xlfn.XLOOKUP($A2,TabCAT!$A:$A,TabCAT!BA:BA,"NaN")="","NaN",(_xlfn.XLOOKUP($A2,TabCAT!$A:$A,TabCAT!BA:BA,"NaN"))) -> 0.8041145 | EQ2: =IF(_xlfn.XLOOKUP($A2,TabCAT!$A:$A,TabCAT!BB:BB,"NaN")="","NaN",(_xlfn.XLOOKUP($A2,TabCAT!$A:$A,TabCAT!BB:BB,"NaN"))) -> 0.28349804 | ER2: =IF(_xlfn.XLOOKUP($A2,TabCAT!$A:$A,TabCAT!BC:BC,"NaN")="","NaN",(_xlfn.XLOOKUP($A2,TabCAT!$A:$A,TabCAT!BC:BC,"NaN"))) -> 16 | ES2: =IF(_xlfn.XLOOKUP($A2,TabCAT!$A:$A,TabCAT!BD:BD,"NaN")="","NaN",(_xlfn.XLOOKUP($A2,TabCAT!$A:$A,TabCAT!BD:BD,"NaN"))) -> 0.737505 | ET2: =IF(_xlfn.XLOOKUP($A2,TabCAT!$A:$A,TabCAT!BE:BE,"NaN")="","NaN",(_xlfn.XLOOKUP($A2,TabCAT!$A:$A,TabCAT!BE:BE,"NaN"))) -> 16 | EU2: =IF(_xlfn.XLOOKUP($A2,TabCAT!$A:$A,TabCAT!BF:BF,"NaN")="","NaN",(_xlfn.XLOOKUP($A2,TabCAT!$A:$A,TabCAT!BF:BF,"NaN"))) -> 1.0709495 | EV2: =IF(_xlfn.XLOOKUP($A2,TabCAT!$A:$A,TabCAT!BG:BG,"NaN")="","NaN",(_xlfn.XLOOKUP($A2,TabCAT!$A:$A,TabCAT!BG:BG,"NaN"))) -> NaN | EW2: =IF(_xlfn.XLOOKUP($A2,TabCAT!$A:$A,TabCAT!BH:BH,"NaN")="","NaN",(_xlfn.XLOOKUP($A2,TabCAT!$A:$A,TabCAT!BH:BH,"NaN"))) -> 3.0.0 | EX2: =IF(_xlfn.XLOOKUP($A2,TabCAT!$A:$A,TabCAT!BI:BI,"NaN")="","NaN",(_xlfn.XLOOKUP($A2,TabCAT!$A:$A,TabCAT!BI:BI,"NaN"))) -> English | EY2: =IF(_xlfn.XLOOKUP($A2,TabCAT!$A:$A,TabCAT!BJ:BJ,"NaN")="","NaN",(_xlfn.XLOOKUP($A2,TabCAT!$A:$A,TabCAT!BJ:BJ,"NaN"))) -> 234 | EZ2: =IF(_xlfn.XLOOKUP($A2,TabCAT!$A:$A,TabCAT!BK:BK,"NaN")="","NaN",(_xlfn.XLOOKUP($A2,TabCAT!$A:$A,TabCAT!BK:BK,"NaN"))) -> 1 | FA2: =IF(_xlfn.XLOOKUP($A2,TabCAT!$A:$A,TabCAT!BL:BL,"NaN")="","NaN",(_xlfn.XLOOKUP($A2,TabCAT!$A:$A,TabCAT!BL:BL,"NaN"))) -> 6 | FB2: =IF(_xlfn.XLOOKUP($A2,TabCAT!$A:$A,TabCAT!BM:BM,"NaN")="","NaN",(_xlfn.XLOOKUP($A2,TabCAT!$A:$A,TabCAT!BM:BM,"NaN"))) -> 1 | FC2: =IF(_xlfn.XLOOKUP($A2,TabCAT!$A:$A,TabCAT!BN:BN,"NaN")="","NaN",(_xlfn.XLOOKUP($A2,TabCAT!$A:$A,TabCAT!BN:BN,"NaN"))) -> 6 | FD2: =IF(_xlfn.XLOOKUP($A2,TabCAT!$A:$A,TabCAT!BO:BO,"NaN")="","NaN",(_xlfn.XLOOKUP($A2,TabCAT!$A:$A,TabCAT!BO:BO,"NaN"))) -> 9 | FE2: =IF(_xlfn.XLOOKUP($A2,TabCAT!$A:$A,TabCAT!BP:BP,"NaN")="","NaN",(_xlfn.XLOOKUP($A2,TabCAT!$A:$A,TabCAT!BP:BP,"NaN"))) -> 1 | FF2: =IF(_xlfn.XLOOKUP($A2,TabCAT!$A:$A,TabCAT!BQ:BQ,"NaN")="","NaN",(_xlfn.XLOOKUP($A2,TabCAT!$A:$A,TabCAT!BQ:BQ,"NaN"))) -> 9 | FG2: =IF(_xlfn.XLOOKUP($A2,TabCAT!$A:$A,TabCAT!BR:BR,"NaN")="","NaN",(_xlfn.XLOOKUP($A2,TabCAT!$A:$A,TabCAT!BR:BR,"NaN"))) -> 10 | FH2: =IF(_xlfn.XLOOKUP($A2,TabCAT!$A:$A,TabCAT!BS:BS,"NaN")="","NaN",(_xlfn.XLOOKUP($A2,TabCAT!$A:$A,TabCAT!BS:BS,"NaN"))) -> 0.83333333 | FI2: =IF(_xlfn.XLOOKUP($A2,TabCAT!$A:$A,TabCAT!BT:BT,"NaN")="","NaN",(_xlfn.XLOOKUP($A2,TabCAT!$A:$A,TabCAT!BT:BT,"NaN"))) -> 10 | FJ2: =IF(_xlfn.XLOOKUP($A2,TabCAT!$A:$A,TabCAT!BU:BU,"NaN")="","NaN",(_xlfn.XLOOKUP($A2,TabCAT!$A:$A,TabCAT!BU:BU,"NaN"))) -> 11 | FK2: =IF(_xlfn.XLOOKUP($A2,TabCAT!$A:$A,TabCAT!BV:BV,"NaN")="","NaN",(_xlfn.XLOOKUP($A2,TabCAT!$A:$A,TabCAT!BV:BV,"NaN"))) -> 0.73333333 | FL2: =IF(_xlfn.XLOOKUP($A2,TabCAT!$A:$A,TabCAT!BW:BW,"NaN")="","NaN",(_xlfn.XLOOKUP($A2,TabCAT!$A:$A,TabCAT!BW:BW,"NaN"))) -> 8.5 | FM2: =IF(_xlfn.XLOOKUP($A2,TabCAT!$A:$A,TabCAT!BX:BX,"NaN")="","NaN",(_xlfn.XLOOKUP($A2,TabCAT!$A:$A,TabCAT!BX:BX,"NaN"))) -> 36 | FN2: =IF(_xlfn.XLOOKUP($A2,TabCAT!$A:$A,TabCAT!BY:BY,"NaN")="","NaN",(_xlfn.XLOOKUP($A2,TabCAT!$A:$A,TabCAT!BY:BY,"NaN"))) -> 0.85714286 | FO2: =IF(_xlfn.XLOOKUP($A2,TabCAT!$A:$A,TabCAT!BZ:BZ,"NaN")="","NaN",(_xlfn.XLOOKUP($A2,TabCAT!$A:$A,TabCAT!BZ:BZ,"NaN"))) -> 33.5 | FP2: =IF(_xlfn.XLOOKUP($A2,TabCAT!$A:$A,TabCAT!CA:CA,"NaN")="","NaN",(_xlfn.XLOOKUP($A2,TabCAT!$A:$A,TabCAT!CA:CA,"NaN"))) -> 3.0.0 | FQ2: =IF(_xlfn.XLOOKUP($A2,TabCAT!$A:$A,TabCAT!CB:CB,"NaN")="","NaN",(_xlfn.XLOOKUP($A2,TabCAT!$A:$A,TabCAT!CB:CB,"NaN"))) -> English | FR2: =IF(_xlfn.XLOOKUP($A2,TabCAT!$A:$A,TabCAT!CC:CC,"NaN")="","NaN",(_xlfn.XLOOKUP($A2,TabCAT!$A:$A,TabCAT!CC:CC,"NaN"))) -> 235 | FS2: =IF(_xlfn.XLOOKUP($A2,TabCAT!$A:$A,TabCAT!CD:CD,"NaN")="","NaN",(_xlfn.XLOOKUP($A2,TabCAT!$A:$A,TabCAT!CD:CD,"NaN"))) -> TRUE | FT2: =IF(_xlfn.XLOOKUP($A2,TabCAT!$A:$A,TabCAT!CE:CE,"NaN")="","NaN",(_xlfn.XLOOKUP($A2,TabCAT!$A:$A,TabCAT!CE:CE,"NaN"))) -> 8 | FU2: =IF(_xlfn.XLOOKUP($A2,TabCAT!$A:$A,TabCAT!CF:CF,"NaN")="","NaN",(_xlfn.XLOOKUP($A2,TabCAT!$A:$A,TabCAT!CF:CF,"NaN"))) -> 0 | FV2: =IF(_xlfn.XLOOKUP($A2,TabCAT!$A:$A,TabCAT!CG:CG,"NaN")="","NaN",(_xlfn.XLOOKUP($A2,TabCAT!$A:$A,TabCAT!CG:CG,"NaN"))) -> 7.54 | FW2: =IF(_xlfn.XLOOKUP($A2,TabCAT!$A:$A,TabCAT!CH:CH,"NaN")="","NaN",(_xlfn.XLOOKUP($A2,TabCAT!$A:$A,TabCAT!CH:CH,"NaN"))) -> 16 | FX2: =IF(_xlfn.XLOOKUP($A2,TabCAT!$A:$A,TabCAT!CI:CI,"NaN")="","NaN",(_xlfn.XLOOKUP($A2,TabCAT!$A:$A,TabCAT!CI:CI,"NaN"))) -> 0.66297 | FY2: =IF(_xlfn.XLOOKUP($A2,TabCAT!$A:$A,TabCAT!CJ:CJ,"NaN")="","NaN",(_xlfn.XLOOKUP($A2,TabCAT!$A:$A,TabCAT!CJ:CJ,"NaN"))) -> 16 | FZ2: =IF(_xlfn.XLOOKUP($A2,TabCAT!$A:$A,TabCAT!CK:CK,"NaN")="","NaN",(_xlfn.XLOOKUP($A2,TabCAT!$A:$A,TabCAT!CK:CK,"NaN"))) -> 0.5922435 | GA2: =IF(_xlfn.XLOOKUP($A2,TabCAT!$A:$A,TabCAT!CL:CL,"NaN")="","NaN",(_xlfn.XLOOKUP($A2,TabCAT!$A:$A,TabCAT!CL:CL,"NaN"))) -> 31 | GB2: =IF(_xlfn.XLOOKUP($A2,TabCAT!$A:$A,TabCAT!CM:CM,"NaN")="","NaN",(_xlfn.XLOOKUP($A2,TabCAT!$A:$A,TabCAT!CM:CM,"NaN"))) -> 0.904475 | GC2: =IF(_xlfn.XLOOKUP($A2,TabCAT!$A:$A,TabCAT!CN:CN,"NaN")="","NaN",(_xlfn.XLOOKUP($A2,TabCAT!$A:$A,TabCAT!CN:CN,"NaN"))) -> 18 | GD2: =IF(_xlfn.XLOOKUP($A2,TabCAT!$A:$A,TabCAT!CO:CO,"NaN")="","NaN",(_xlfn.XLOOKUP($A2,TabCAT!$A:$A,TabCAT!CO:CO,"NaN"))) -> 0.8671765 | GE2: =IF(_xlfn.XLOOKUP($A2,TabCAT!$A:$A,TabCAT!CP:CP,"NaN")="","NaN",(_xlfn.XLOOKUP($A2,TabCAT!$A:$A,TabCAT!CP:CP,"NaN"))) -> 0.23794223 | GF2: =IF(_xlfn.XLOOKUP($A2,TabCAT!$A:$A,TabCAT!CQ:CQ,"NaN")="","NaN",(_xlfn.XLOOKUP($A2,TabCAT!$A:$A,TabCAT!CQ:CQ,"NaN"))) -> 55 | GG2: =IF(_xlfn.XLOOKUP($A2,TabCAT!$A:$A,TabCAT!CR:CR,"NaN")="","NaN",(_xlfn.XLOOKUP($A2,TabCAT!$A:$A,TabCAT!CR:CR,"NaN"))) -> 0.729848 | GH2: =IF(_xlfn.XLOOKUP($A2,TabCAT!$A:$A,TabCAT!CS:CS,"NaN")="","NaN",(_xlfn.XLOOKUP($A2,TabCAT!$A:$A,TabCAT!CS:CS,"NaN"))) -> NaN
A3: 10369 | B3: =_xlfn.XLOOKUP(bippity_poppity_boo!A3,rf1_data!A:A,rf1_data!B:B) -> 30791 | C3: =(_xlfn.XLOOKUP($A3,trust!$A:$A,trust!B:B,"NaN")) -> 4.5 | D3: =(_xlfn.XLOOKUP($A3,trust!$A:$A,trust!C:C,"NaN")) -> 4.285714 | E3: =(_xlfn.XLOOKUP($A3,trust!$A:$A,trust!D:D,"NaN")) -> 3 | F3: =(_xlfn.XLOOKUP($A3,trust!$A:$A,trust!E:E,"NaN")) -> 4.8 | G3: =(_xlfn.XLOOKUP($A3,trust!$A:$A,trust!F:F,"NaN")) -> 5.428571 | H3: =(_xlfn.XLOOKUP($A3,trust!$A:$A,trust!G:G,"NaN")) -> 4.666667 | I3: =IF(_xlfn.XLOOKUP($B3,island_data!$B:$B,island_data!C:C,"NaN")="","NaN",_xlfn.XLOOKUP($B3,island_data!$B:$B,island_data!C:C,"NaN")) -> 45105 | J3: =IF(_xlfn.XLOOKUP($B3,island_data!$B:$B,island_data!D:D,"NaN")="","NaN",_xlfn.XLOOKUP($B3,island_data!$B:$B,island_data!D:D,"NaN")) -> 33288 | K3: =IF(_xlfn.XLOOKUP($B3,island_data!$B:$B,island_data!E:E,"NaN")="","NaN",_xlfn.XLOOKUP($B3,island_data!$B:$B,island_data!E:E,"NaN")) -> 32.35 | L3: =IF(_xlfn.XLOOKUP($B3,rf1_data!$B:$B,rf1_data!D:D,"NaN")="","NaN",(_xlfn.XLOOKUP($B3,rf1_data!$B:$B,rf1_data!D:D,"NaN"))) -> 31.95 | M3: =IF(_xlfn.XLOOKUP($B3,rf1_data!$B:$B,rf1_data!E:E,"NaN")="","NaN",(_xlfn.XLOOKUP($B3,rf1_data!$B:$B,rf1_data!E:E,"NaN"))) -> White | N3: =IF(_xlfn.XLOOKUP($B3,rf1_data!$B:$B,rf1_data!F:F,"NaN")="","NaN",(_xlfn.XLOOKUP($B3,rf1_data!$B:$B,rf1_data!F:F,"NaN"))) -> Not Hispanic or Latino | O3: =IF(_xlfn.XLOOKUP($B3,rf1_data!$B:$B,rf1_data!G:G,"NaN")="","NaN",(_xlfn.XLOOKUP($B3,rf1_data!$B:$B,rf1_data!G:G,"NaN"))) -> Male | P3: =IF(_xlfn.XLOOKUP($B3,rf1_data!$B:$B,rf1_data!H:H,"NaN")="","NaN",(_xlfn.XLOOKUP($B3,rf1_data!$B:$B,rf1_data!H:H,"NaN"))) -> 4.56 | Q3: =IF(_xlfn.XLOOKUP($B3,rf1_data!$B:$B,rf1_data!I:I,"NaN")="","NaN",(_xlfn.XLOOKUP($B3,rf1_data!$B:$B,rf1_data!I:I,"NaN"))) -> 3.44 | R3: =IF(_xlfn.XLOOKUP($B3,rf1_data!$B:$B,rf1_data!J:J,"NaN")="","NaN",(_xlfn.XLOOKUP($B3,rf1_data!$B:$B,rf1_data!J:J,"NaN"))) -> 0 | S3: =IF(_xlfn.XLOOKUP($B3,rf1_data!$B:$B,rf1_data!K:K,"NaN")="","NaN",(_xlfn.XLOOKUP($B3,rf1_data!$B:$B,rf1_data!K:K,"NaN"))) -> 8 | T3: =IF(_xlfn.XLOOKUP($B3,rf1_data!$B:$B,rf1_data!L:L,"NaN")="","NaN",(_xlfn.XLOOKUP($B3,rf1_data!$B:$B,rf1_data!L:L,"NaN"))) -> 1 | U3: =IF(_xlfn.XLOOKUP($B3,rf1_data!$B:$B,rf1_data!M:M,"NaN")="","NaN",(_xlfn.XLOOKUP($B3,rf1_data!$B:$B,rf1_data!M:M,"NaN"))) -> 3.5 | V3: =IF(_xlfn.XLOOKUP($B3,rf1_data!$B:$B,rf1_data!N:N,"NaN")="","NaN",(_xlfn.XLOOKUP($B3,rf1_data!$B:$B,rf1_data!N:N,"NaN"))) -> 3.83 | W3: =IF(_xlfn.XLOOKUP($B3,rf1_data!$B:$B,rf1_data!O:O,"NaN")="","NaN",(_xlfn.XLOOKUP($B3,rf1_data!$B:$B,rf1_data!O:O,"NaN"))) -> 5.13 | X3: =IF(_xlfn.XLOOKUP($B3,rf1_data!$B:$B,rf1_data!P:P,"NaN")="","NaN",(_xlfn.XLOOKUP($B3,rf1_data!$B:$B,rf1_data!P:P,"NaN"))) -> 4.67 | Y3: =IF(_xlfn.XLOOKUP($B3,rf1_data!$B:$B,rf1_data!Q:Q,"NaN")="","NaN",(_xlfn.XLOOKUP($B3,rf1_data!$B:$B,rf1_data!Q:Q,"NaN"))) -> 4.3 | Z3: =IF(_xlfn.XLOOKUP($B3,rf1_data!$B:$B,rf1_data!R:R,"NaN")="","NaN",(_xlfn.XLOOKUP($B3,rf1_data!$B:$B,rf1_data!R:R,"NaN"))) -> 18 | AA3: =IF(_xlfn.XLOOKUP($B3,rf1_data!$B:$B,rf1_data!S:S,"NaN")="","NaN",(_xlfn.XLOOKUP($B3,rf1_data!$B:$B,rf1_data!S:S,"NaN"))) -> 5 | AB3: =IF(_xlfn.XLOOKUP($B3,rf1_data!$B:$B,rf1_data!T:T,"NaN")="","NaN",(_xlfn.XLOOKUP($B3,rf1_data!$B:$B,rf1_data!T:T,"NaN"))) -> 10 | AC3: =IF(_xlfn.XLOOKUP($B3,rf1_data!$B:$B,rf1_data!U:U,"NaN")="","NaN",(_xlfn.XLOOKUP($B3,rf1_data!$B:$B,rf1_data!U:U,"NaN"))) -> 0 | AD3: =IF(_xlfn.XLOOKUP($B3,rf1_data!$B:$B,rf1_data!V:V,"NaN")="","NaN",(_xlfn.XLOOKUP($B3,rf1_data!$B:$B,rf1_data!V:V,"NaN"))) -> 3 | AE3: =IF(_xlfn.XLOOKUP($B3,rf1_data!$B:$B,rf1_data!W:W,"NaN")="","NaN",(_xlfn.XLOOKUP($B3,rf1_data!$B:$B,rf1_data!W:W,"NaN"))) -> 2 | AF3: =IF(_xlfn.XLOOKUP($B3,rf1_data!$B:$B,rf1_data!X:X,"NaN")="","NaN",(_xlfn.XLOOKUP($B3,rf1_data!$B:$B,rf1_data!X:X,"NaN"))) -> 7 | AG3: =IF(_xlfn.XLOOKUP($B3,rf1_data!$B:$B,rf1_data!Y:Y,"NaN")="","NaN",(_xlfn.XLOOKUP($B3,rf1_data!$B:$B,rf1_data!Y:Y,"NaN"))) -> 5 | AH3: =IF(_xlfn.XLOOKUP($B3,rf1_data!$B:$B,rf1_data!Z:Z,"NaN")="","NaN",(_xlfn.XLOOKUP($B3,rf1_data!$B:$B,rf1_data!Z:Z,"NaN"))) -> 5 | AI3: =IF(_xlfn.XLOOKUP($B3,rf1_data!$B:$B,rf1_data!AA:AA,"NaN")="","NaN",(_xlfn.XLOOKUP($B3,rf1_data!$B:$B,rf1_data!AA:AA,"NaN"))) -> 2 | AJ3: =IF(_xlfn.XLOOKUP($B3,rf1_data!$B:$B,rf1_data!AB:AB,"NaN")="","NaN",(_xlfn.XLOOKUP($B3,rf1_data!$B:$B,rf1_data!AB:AB,"NaN"))) -> 21 | AK3: =IF(_xlfn.XLOOKUP($B3,rf1_data!$B:$B,rf1_data!AC:AC,"NaN")="","NaN",(_xlfn.XLOOKUP($B3,rf1_data!$B:$B,rf1_data!AC:AC,"NaN"))) -> 26 | AL3: =IF(_xlfn.XLOOKUP($B3,rf1_data!$B:$B,rf1_data!AD:AD,"NaN")="","NaN",(_xlfn.XLOOKUP($B3,rf1_data!$B:$B,rf1_data!AD:AD,"NaN"))) -> 10 | AM3: =IF(_xlfn.XLOOKUP($B3,rf1_data!$B:$B,rf1_data!AE:AE,"NaN")="","NaN",(_xlfn.XLOOKUP($B3,rf1_data!$B:$B,rf1_data!AE:AE,"NaN"))) -> 0 | AN3: =IF(_xlfn.XLOOKUP($B3,rf1_data!$B:$B,rf1_data!AF:AF,"NaN")="","NaN",(_xlfn.XLOOKUP($B3,rf1_data!$B:$B,rf1_data!AF:AF,"NaN"))) -> 0 | AO3: =IF(_xlfn.XLOOKUP($B3,rf1_data!$B:$B,rf1_data!AG:AG,"NaN")="","NaN",(_xlfn.XLOOKUP($B3,rf1_data!$B:$B,rf1_data!AG:AG,"NaN"))) -> NaN | AP3: =IF(_xlfn.XLOOKUP($B3,rf1_data!$B:$B,rf1_data!AH:AH,"NaN")="","NaN",(_xlfn.XLOOKUP($B3,rf1_data!$B:$B,rf1_data!AH:AH,"NaN"))) -> NaN | AQ3: =IF(_xlfn.XLOOKUP($B3,rf1_data!$B:$B,rf1_data!AI:AI,"NaN")="","NaN",(_xlfn.XLOOKUP($B3,rf1_data!$B:$B,rf1_data!AI:AI,"NaN"))) -> NaN | AR3: =IF(_xlfn.XLOOKUP($B3,rf1_data!$B:$B,rf1_data!AJ:AJ,"NaN")="","NaN",(_xlfn.XLOOKUP($B3,rf1_data!$B:$B,rf1_data!AJ:AJ,"NaN"))) -> NaN | AS3: =IF(_xlfn.XLOOKUP($B3,rf1_data!$B:$B,rf1_data!AK:AK,"NaN")="","NaN",(_xlfn.XLOOKUP($B3,rf1_data!$B:$B,rf1_data!AK:AK,"NaN"))) -> 2.7 | AT3: =IF(_xlfn.XLOOKUP($B3,rf1_data!$B:$B,rf1_data!AL:AL,"NaN")="","NaN",(_xlfn.XLOOKUP($B3,rf1_data!$B:$B,rf1_data!AL:AL,"NaN"))) -> 13 | AU3: =IF(_xlfn.XLOOKUP($B3,rf1_data!$B:$B,rf1_data!AM:AM,"NaN")="","NaN",(_xlfn.XLOOKUP($B3,rf1_data!$B:$B,rf1_data!AM:AM,"NaN"))) -> 2.25 | AV3: =IF(_xlfn.XLOOKUP($B3,rf1_data!$B:$B,rf1_data!AN:AN,"NaN")="","NaN",(_xlfn.XLOOKUP($B3,rf1_data!$B:$B,rf1_data!AN:AN,"NaN"))) -> 0 | AW3: =IF(_xlfn.XLOOKUP($B3,rf1_data!$B:$B,rf1_data!AO:AO,"NaN")="","NaN",(_xlfn.XLOOKUP($B3,rf1_data!$B:$B,rf1_data!AO:AO,"NaN"))) -> NaN | AX3: =IF(_xlfn.XLOOKUP($B3,rf1_data!$B:$B,rf1_data!AP:AP,"NaN")="","NaN",(_xlfn.XLOOKUP($B3,rf1_data!$B:$B,rf1_data!AP:AP,"NaN"))) -> 2.63 | AY3: =IF(_xlfn.XLOOKUP($B3,rf1_data!$B:$B,rf1_data!AQ:AQ,"NaN")="","NaN",(_xlfn.XLOOKUP($B3,rf1_data!$B:$B,rf1_data!AQ:AQ,"NaN"))) -> 44.05 | AZ3: =IF(_xlfn.XLOOKUP($B3,rf1_data!$B:$B,rf1_data!AR:AR,"NaN")="","NaN",(_xlfn.XLOOKUP($B3,rf1_data!$B:$B,rf1_data!AR:AR,"NaN"))) -> NaN | BA3: =IF(_xlfn.XLOOKUP($B3,rf1_data!$B:$B,rf1_data!AS:AS,"NaN")="","NaN",(_xlfn.XLOOKUP($B3,rf1_data!$B:$B,rf1_data!AS:AS,"NaN"))) -> NaN | BB3: =IF(_xlfn.XLOOKUP($B3,rf1_data!$B:$B,rf1_data!AT:AT,"NaN")="","NaN",(_xlfn.XLOOKUP($B3,rf1_data!$B:$B,rf1_data!AT:AT,"NaN"))) -> NaN | BC3: =IF(_xlfn.XLOOKUP($B3,rf1_data!$B:$B,rf1_data!AU:AU,"NaN")="","NaN",(_xlfn.XLOOKUP($B3,rf1_data!$B:$B,rf1_data!AU:AU,"NaN"))) -> NaN | BD3: =IF(_xlfn.XLOOKUP($B3,rf1_data!$B:$B,rf1_data!AV:AV,"NaN")="","NaN",(_xlfn.XLOOKUP($B3,rf1_data!$B:$B,rf1_data!AV:AV,"NaN"))) -> NaN | BE3: =IF(_xlfn.XLOOKUP($B3,rf1_data!$B:$B,rf1_data!AW:AW,"NaN")="","NaN",(_xlfn.XLOOKUP($B3,rf1_data!$B:$B,rf1_data!AW:AW,"NaN"))) -> NaN | BF3: =IF(_xlfn.XLOOKUP($B3,rf1_data!$B:$B,rf1_data!AX:AX,"NaN")="","NaN",(_xlfn.XLOOKUP($B3,rf1_data!$B:$B,rf1_data!AX:AX,"NaN"))) -> NaN | BG3: =IF(_xlfn.XLOOKUP($B3,rf1_data!$B:$B,rf1_data!AY:AY,"NaN")="","NaN",(_xlfn.XLOOKUP($B3,rf1_data!$B:$B,rf1_data!AY:AY,"NaN"))) -> NaN | BH3: =IF(_xlfn.XLOOKUP($B3,rf1_data!$B:$B,rf1_data!AZ:AZ,"NaN")="","NaN",(_xlfn.XLOOKUP($B3,rf1_data!$B:$B,rf1_data!AZ:AZ,"NaN"))) -> NaN | BI3: =IF(_xlfn.XLOOKUP($B3,rf1_data!$B:$B,rf1_data!BA:BA,"NaN")="","NaN",(_xlfn.XLOOKUP($B3,rf1_data!$B:$B,rf1_data!BA:BA,"NaN"))) -> 20 | BJ3: =IF(_xlfn.XLOOKUP($B3,rf1_data!$B:$B,rf1_data!BB:BB,"NaN")="","NaN",(_xlfn.XLOOKUP($B3,rf1_data!$B:$B,rf1_data!BB:BB,"NaN"))) -> NaN | BK3: =IF(_xlfn.XLOOKUP($B3,rf1_data!$B:$B,rf1_data!BC:BC,"NaN")="","NaN",(_xlfn.XLOOKUP($B3,rf1_data!$B:$B,rf1_data!BC:BC,"NaN"))) -> NaN | BL3: =IF(_xlfn.XLOOKUP($B3,rf1_data!$B:$B,rf1_data!BD:BD,"NaN")="","NaN",(_xlfn.XLOOKUP($B3,rf1_data!$B:$B,rf1_data!BD:BD,"NaN"))) -> NaN | BM3: =IF(_xlfn.XLOOKUP($B3,rf1_data!$B:$B,rf1_data!BE:BE,"NaN")="","NaN",(_xlfn.XLOOKUP($B3,rf1_data!$B:$B,rf1_data!BE:BE,"NaN"))) -> NaN | BN3: =IF(_xlfn.XLOOKUP($B3,rf1_data!$B:$B,rf1_data!BF:BF,"NaN")="","NaN",(_xlfn.XLOOKUP($B3,rf1_data!$B:$B,rf1_data!BF:BF,"NaN"))) -> NaN | BO3: =IF(_xlfn.XLOOKUP($B3,rf1_data!$B:$B,rf1_data!BG:BG,"NaN")="","NaN",(_xlfn.XLOOKUP($B3,rf1_data!$B:$B,rf1_data!BG:BG,"NaN"))) -> NaN | BP3: =IF(_xlfn.XLOOKUP($B3,rf1_data!$B:$B,rf1_data!BH:BH,"NaN")="","NaN",(_xlfn.XLOOKUP($B3,rf1_data!$B:$B,rf1_data!BH:BH,"NaN"))) -> NaN | BQ3: =IF(_xlfn.XLOOKUP($B3,rf1_data!$B:$B,rf1_data!BI:BI,"NaN")="","NaN",(_xlfn.XLOOKUP($B3,rf1_data!$B:$B,rf1_data!BI:BI,"NaN"))) -> NaN | BR3: =IF(_xlfn.XLOOKUP($B3,rf1_data!$B:$B,rf1_data!BJ:BJ,"NaN")="","NaN",(_xlfn.XLOOKUP($B3,rf1_data!$B:$B,rf1_data!BJ:BJ,"NaN"))) -> 8991 | BS3: =IF(_xlfn.XLOOKUP($B3,rf1_data!$B:$B,rf1_data!BK:BK,"NaN")="","NaN",(_xlfn.XLOOKUP($B3,rf1_data!$B:$B,rf1_data!BK:BK,"NaN"))) -> NaN | BT3: =IF(_xlfn.XLOOKUP($B3,rf1_data!$B:$B,rf1_data!BL:BL,"NaN")="","NaN",(_xlfn.XLOOKUP($B3,rf1_data!$B:$B,rf1_data!BL:BL,"NaN"))) -> NaN | BU3: =IF(_xlfn.XLOOKUP($B3,rf1_data!$B:$B,rf1_data!BM:BM,"NaN")="","NaN",(_xlfn.XLOOKUP($B3,rf1_data!$B:$B,rf1_data!BM:BM,"NaN"))) -> NaN | BV3: =IF(_xlfn.XLOOKUP($B3,rf1_data!$B:$B,rf1_data!BN:BN,"NaN")="","NaN",(_xlfn.XLOOKUP($B3,rf1_data!$B:$B,rf1_data!BN:BN,"NaN"))) -> NaN | BW3: =IF(_xlfn.XLOOKUP($B3,rf1_data!$B:$B,rf1_data!BO:BO,"NaN")="","NaN",(_xlfn.XLOOKUP($B3,rf1_data!$B:$B,rf1_data!BO:BO,"NaN"))) -> 3.6 | BX3: =IF(_xlfn.XLOOKUP($B3,rf1_data!$B:$B,rf1_data!BP:BP,"NaN")="","NaN",(_xlfn.XLOOKUP($B3,rf1_data!$B:$B,rf1_data!BP:BP,"NaN"))) -> 3.9 | BY3: =IF(_xlfn.XLOOKUP($B3,rf1_data!$B:$B,rf1_data!BQ:BQ,"NaN")="","NaN",(_xlfn.XLOOKUP($B3,rf1_data!$B:$B,rf1_data!BQ:BQ,"NaN"))) -> 3.5 | BZ3: =IF(_xlfn.XLOOKUP($B3,rf1_data!$B:$B,rf1_data!BR:BR,"NaN")="","NaN",(_xlfn.XLOOKUP($B3,rf1_data!$B:$B,rf1_data!BR:BR,"NaN"))) -> 3.67 | CA3: =IF(_xlfn.XLOOKUP($B3,rf1_data!$B:$B,rf1_data!BS:BS,"NaN")="","NaN",(_xlfn.XLOOKUP($B3,rf1_data!$B:$B,rf1_data!BS:BS,"NaN"))) -> 6 | CB3: =IF(_xlfn.XLOOKUP($B3,rf1_data!$B:$B,rf1_data!BT:BT,"NaN")="","NaN",(_xlfn.XLOOKUP($B3,rf1_data!$B:$B,rf1_data!BT:BT,"NaN"))) -> 5.6666667 | CC3: =IF(_xlfn.XLOOKUP($B3,rf1_data!$B:$B,rf1_data!BU:BU,"NaN")="","NaN",(_xlfn.XLOOKUP($B3,rf1_data!$B:$B,rf1_data!BU:BU,"NaN"))) -> 6 | CD3: =IF(_xlfn.XLOOKUP($B3,rf1_data!$B:$B,rf1_data!BV:BV,"NaN")="","NaN",(_xlfn.XLOOKUP($B3,rf1_data!$B:$B,rf1_data!BV:BV,"NaN"))) -> 5.6666667 | CE3: =IF(_xlfn.XLOOKUP($B3,rf1_data!$B:$B,rf1_data!BW:BW,"NaN")="","NaN",(_xlfn.XLOOKUP($B3,rf1_data!$B:$B,rf1_data!BW:BW,"NaN"))) -> 0.75 | CF3: =IF(_xlfn.XLOOKUP($B3,rf1_data!$B:$B,rf1_data!BX:BX,"NaN")="","NaN",(_xlfn.XLOOKUP($B3,rf1_data!$B:$B,rf1_data!BX:BX,"NaN"))) -> 0 | CG3: =IF(_xlfn.XLOOKUP($B3,rf1_data!$B:$B,rf1_data!BY:BY,"NaN")="","NaN",(_xlfn.XLOOKUP($B3,rf1_data!$B:$B,rf1_data!BY:BY,"NaN"))) -> 0 | CH3: =IF(_xlfn.XLOOKUP($B3,rf1_data!$B:$B,rf1_data!BZ:BZ,"NaN")="","NaN",(_xlfn.XLOOKUP($B3,rf1_data!$B:$B,rf1_data!BZ:BZ,"NaN"))) -> 18 | CI3: =IF(_xlfn.XLOOKUP($B3,rf1_data!$B:$B,rf1_data!CA:CA,"NaN")="","NaN",(_xlfn.XLOOKUP($B3,rf1_data!$B:$B,rf1_data!CA:CA,"NaN"))) -> 25 | CJ3: =IF(_xlfn.XLOOKUP($B3,rf1_data!$B:$B,rf1_data!CB:CB,"NaN")="","NaN",(_xlfn.XLOOKUP($B3,rf1_data!$B:$B,rf1_data!CB:CB,"NaN"))) -> 4 | CK3: =IF(_xlfn.XLOOKUP($B3,rf1_data!$B:$B,rf1_data!CC:CC,"NaN")="","NaN",(_xlfn.XLOOKUP($B3,rf1_data!$B:$B,rf1_data!CC:CC,"NaN"))) -> 0.57142857 | CL3: =IF(_xlfn.XLOOKUP($B3,rf1_data!$B:$B,rf1_data!CD:CD,"NaN")=0,"NaN",(_xlfn.XLOOKUP($B3,rf1_data!$B:$B,rf1_data!CD:CD,"NaN"))) -> 18 | CM3: =IF(_xlfn.XLOOKUP($B3,rf1_data!$B:$B,rf1_data!CE:CE,"NaN")="","NaN",(_xlfn.XLOOKUP($B3,rf1_data!$B:$B,rf1_data!CE:CE,"NaN"))) -> 42 | CN3: =IF(_xlfn.XLOOKUP($B3,rf1_data!$B:$B,rf1_data!CF:CF,"NaN")="","NaN",(_xlfn.XLOOKUP($B3,rf1_data!$B:$B,rf1_data!CF:CF,"NaN"))) -> 41 | CO3: =IF(_xlfn.XLOOKUP($B3,rf1_data!$B:$B,rf1_data!CG:CG,"NaN")="","NaN",(_xlfn.XLOOKUP($B3,rf1_data!$B:$B,rf1_data!CG:CG,"NaN"))) -> 23 | CP3: =IF(_xlfn.XLOOKUP($B3,rf1_data!$B:$B,rf1_data!CH:CH,"NaN")=0,"NaN",(_xlfn.XLOOKUP($B3,rf1_data!$B:$B,rf1_data!CH:CH,"NaN"))) -> 33 | CQ3: =IF(_xlfn.XLOOKUP($B3,rf1_data!$B:$B,rf1_data!CI:CI,"NaN")="","NaN",(_xlfn.XLOOKUP($B3,rf1_data!$B:$B,rf1_data!CI:CI,"NaN"))) -> 38 | CR3: =IF(_xlfn.XLOOKUP($B3,rf1_data!$B:$B,rf1_data!CJ:CJ,"NaN")="","NaN",(_xlfn.XLOOKUP($B3,rf1_data!$B:$B,rf1_data!CJ:CJ,"NaN"))) -> 60 | CS3: =IF(_xlfn.XLOOKUP($B3,rf1_data!$B:$B,rf1_data!CK:CK,"NaN")="","NaN",(_xlfn.XLOOKUP($B3,rf1_data!$B:$B,rf1_data!CK:CK,"NaN"))) -> 42 | CT3: =IF(_xlfn.XLOOKUP($B3,rf1_data!$B:$B,rf1_data!CL:CL,"NaN")="","NaN",(_xlfn.XLOOKUP($B3,rf1_data!$B:$B,rf1_data!CL:CL,"NaN"))) -> 60 | CU3: =IF(_xlfn.XLOOKUP($B3,rf1_data!$B:$B,rf1_data!CM:CM,"NaN")="","NaN",(_xlfn.XLOOKUP($B3,rf1_data!$B:$B,rf1_data!CM:CM,"NaN"))) -> 38 | CV3: =IF(_xlfn.XLOOKUP($B3,rf1_data!$B:$B,rf1_data!CN:CN,"NaN")="","NaN",(_xlfn.XLOOKUP($B3,rf1_data!$B:$B,rf1_data!CN:CN,"NaN"))) -> 60 | CW3: =IF(_xlfn.XLOOKUP($B3,rf1_data!$B:$B,rf1_data!CO:CO,"NaN")="","NaN",(_xlfn.XLOOKUP($B3,rf1_data!$B:$B,rf1_data!CO:CO,"NaN"))) -> NaN | CX3: =IF(_xlfn.XLOOKUP($B3,rf1_data!$B:$B,rf1_data!CP:CP,"NaN")="","NaN",(_xlfn.XLOOKUP($B3,rf1_data!$B:$B,rf1_data!CP:CP,"NaN"))) -> NaN | CY3: =IF(_xlfn.XLOOKUP($B3,rf1_data!$B:$B,rf1_data!CQ:CQ,"NaN")="","NaN",(_xlfn.XLOOKUP($B3,rf1_data!$B:$B,rf1_data!CQ:CQ,"NaN"))) -> 4 | CZ3: =IF(_xlfn.XLOOKUP($B3,rf1_data!$B:$B,rf1_data!CR:CR,"NaN")="","NaN",(_xlfn.XLOOKUP($B3,rf1_data!$B:$B,rf1_data!CR:CR,"NaN"))) -> 1 | DA3: =IF(_xlfn.XLOOKUP($B3,rf1_data!$B:$B,rf1_data!CS:CS,"NaN")="","NaN",(_xlfn.XLOOKUP($B3,rf1_data!$B:$B,rf1_data!CS:CS,"NaN"))) -> 1 | DB3: =IF(_xlfn.XLOOKUP($B3,island_data!$B:$B,island_data!H:H,"NaN")="","NaN",_xlfn.XLOOKUP($B3,island_data!$B:$B,island_data!H:H,"NaN")) -> 9 | DC3: =IF(_xlfn.XLOOKUP($B3,island_data!$B:$B,island_data!I:I,"NaN")="","NaN",_xlfn.XLOOKUP($B3,island_data!$B:$B,island_data!I:I,"NaN")) -> 13 | DD3: =IF(_xlfn.XLOOKUP($B3,island_data!$B:$B,island_data!J:J,"NaN")="","NaN",_xlfn.XLOOKUP($B3,island_data!$B:$B,island_data!J:J,"NaN")) -> 3 | DE3: =IF(_xlfn.XLOOKUP($B3,island_data!$B:$B,island_data!K:K,"NaN")="","NaN",_xlfn.XLOOKUP($B3,island_data!$B:$B,island_data!K:K,"NaN")) -> NaN | DF3: =IF(_xlfn.XLOOKUP($B3,island_data!$B:$B,island_data!L:L,"NaN")="","NaN",_xlfn.XLOOKUP($B3,island_data!$B:$B,island_data!L:L,"NaN")) -> 0 | DG3: =IF(_xlfn.XLOOKUP($B3,island_data!$B:$B,island_data!M:M,"NaN")="","NaN",_xlfn.XLOOKUP($B3,island_data!$B:$B,island_data!M:M,"NaN")) -> 3.5 | DH3: =IF(_xlfn.XLOOKUP($B3,island_data!$B:$B,island_data!N:N,"NaN")="","NaN",_xlfn.XLOOKUP($B3,island_data!$B:$B,island_data!N:N,"NaN")) -> 12 | DI3: =IF(_xlfn.XLOOKUP($B3,island_data!$B:$B,island_data!O:O,"NaN")=999,"NaN",_xlfn.XLOOKUP($B3,island_data!$B:$B,island_data!O:O,"NaN")) -> NaN | DJ3: =IF(_xlfn.XLOOKUP($B3,island_data!$B:$B,island_data!P:P,"NaN")="","NaN",_xlfn.XLOOKUP($B3,island_data!$B:$B,island_data!P:P,"NaN")) -> 8 | DK3: =IF(_xlfn.XLOOKUP($B3,island_data!$B:$B,island_data!Q:Q,"NaN")="","NaN",_xlfn.XLOOKUP($B3,island_data!$B:$B,island_data!Q:Q,"NaN")) -> 12 | DL3: =IF(_xlfn.XLOOKUP($B3,island_data!$B:$B,island_data!R:R,"NaN")=999,"NaN",_xlfn.XLOOKUP($B3,island_data!$B:$B,island_data!R:R,"NaN")) -> NaN | DM3: =IF(_xlfn.XLOOKUP($B3,island_data!$B:$B,island_data!S:S,"NaN")="","NaN",_xlfn.XLOOKUP($B3,island_data!$B:$B,island_data!S:S,"NaN")) -> 11 | DN3: =IF(_xlfn.XLOOKUP($B3,island_data!$B:$B,island_data!T:T,"NaN")="","NaN",_xlfn.XLOOKUP($B3,island_data!$B:$B,island_data!T:T,"NaN")) -> 4.5 | DO3: =IF(_xlfn.XLOOKUP($B3,island_data!$B:$B,island_data!U:U,"NaN")="","NaN",_xlfn.XLOOKUP($B3,island_data!$B:$B,island_data!U:U,"NaN")) -> 5 | DP3: =IF(_xlfn.XLOOKUP($B3,island_data!$B:$B,island_data!V:V,"NaN")="","NaN",_xlfn.XLOOKUP($B3,island_data!$B:$B,island_data!V:V,"NaN")) -> 1 | DQ3: =IF(_xlfn.XLOOKUP($B3,island_data!$B:$B,island_data!W:W,"NaN")="","NaN",_xlfn.XLOOKUP($B3,island_data!$B:$B,island_data!W:W,"NaN")) -> 4 | DR3: =IF(_xlfn.XLOOKUP($B3,island_data!$B:$B,island_data!X:X,"NaN")="","NaN",_xlfn.XLOOKUP($B3,island_data!$B:$B,island_data!X:X,"NaN")) -> 5 | DS3: =IF(_xlfn.XLOOKUP($B3,island_data!$B:$B,island_data!Y:Y,"NaN")="","NaN",_xlfn.XLOOKUP($B3,island_data!$B:$B,island_data!Y:Y,"NaN")) -> NaN | DT3: =IF(_xlfn.XLOOKUP($B3,island_data!$B:$B,island_data!Z:Z,"NaN")="","NaN",_xlfn.XLOOKUP($B3,island_data!$B:$B,island_data!Z:Z,"NaN")) -> NaN | DU3: =IF(_xlfn.XLOOKUP($B3,island_data!$B:$B,island_data!AA:AA,"NaN")="","NaN",_xlfn.XLOOKUP($B3,island_data!$B:$B,island_data!AA:AA,"NaN")) -> NaN | DV3: =IF(_xlfn.XLOOKUP($B3,island_data!$B:$B,island_data!AB:AB,"NaN")="","NaN",_xlfn.XLOOKUP($B3,island_data!$B:$B,island_data!AB:AB,"NaN")) -> NaN | DW3: =IF(_xlfn.XLOOKUP($B3,island_data!$B:$B,island_data!AC:AC,"NaN")="","NaN",_xlfn.XLOOKUP($B3,island_data!$B:$B,island_data!AC:AC,"NaN")) -> 19054 | DX3: =IF(_xlfn.XLOOKUP($B3,island_data!$B:$B,island_data!AD:AD,"NaN")="","NaN",_xlfn.XLOOKUP($B3,island_data!$B:$B,island_data!AD:AD,"NaN")) -> 4 | DY3: =IF(_xlfn.XLOOKUP($B3,island_data!$B:$B,island_data!AE:AE,"NaN")="","NaN",_xlfn.XLOOKUP($B3,island_data!$B:$B,island_data!AE:AE,"NaN")) -> 1 | DZ3: =IF(_xlfn.XLOOKUP($B3,island_data!$B:$B,island_data!AF:AF,"NaN")="","NaN",_xlfn.XLOOKUP($B3,island_data!$B:$B,island_data!AF:AF,"NaN")) -> NaN | EA3: =IF(_xlfn.XLOOKUP($B3,island_data!$B:$B,island_data!AG:AG,"NaN")="","NaN",_xlfn.XLOOKUP($B3,island_data!$B:$B,island_data!AG:AG,"NaN")) -> NaN | EB3: =IF(_xlfn.XLOOKUP($B3,island_data!$B:$B,island_data!AH:AH,"NaN")="","NaN",_xlfn.XLOOKUP($B3,island_data!$B:$B,island_data!AH:AH,"NaN")) -> NaN | EC3: =IF(_xlfn.XLOOKUP($B3,island_data!$B:$B,island_data!AI:AI,"NaN")="","NaN",_xlfn.XLOOKUP($B3,island_data!$B:$B,island_data!AI:AI,"NaN")) -> NaN | ED3: =IF(_xlfn.XLOOKUP($B3,island_data!$B:$B,island_data!AJ:AJ,"NaN")="","NaN",_xlfn.XLOOKUP($B3,island_data!$B:$B,island_data!AJ:AJ,"NaN")) -> NaN | EE3: =IF(_xlfn.XLOOKUP($B3,island_data!$B:$B,island_data!AK:AK,"NaN")="","NaN",_xlfn.XLOOKUP($B3,island_data!$B:$B,island_data!AK:AK,"NaN")) -> NaN | EF3: =IF(_xlfn.XLOOKUP($B3,island_data!$B:$B,island_data!AL:AL,"NaN")="","NaN",_xlfn.XLOOKUP($B3,island_data!$B:$B,island_data!AL:AL,"NaN")) -> NaN | EG3: =IF(_xlfn.XLOOKUP($B3,island_data!$B:$B,island_data!AM:AM,"NaN")="","NaN",_xlfn.XLOOKUP($B3,island_data!$B:$B,island_data!AM:AM,"NaN")) -> NaN | EH3: =IF(_xlfn.XLOOKUP($B3,island_data!$B:$B,island_data!AN:AN,"NaN")="","NaN",_xlfn.XLOOKUP($B3,island_data!$B:$B,island_data!AN:AN,"NaN")) -> NaN | EI3: =IF(_xlfn.XLOOKUP($B3,island_data!$B:$B,island_data!AO:AO,"NaN")="","NaN",_xlfn.XLOOKUP($B3,island_data!$B:$B,island_data!AO:AO,"NaN")) -> NaN | EJ3: =IF(_xlfn.XLOOKUP($A3,TabCAT!$A:$A,TabCAT!AU:AU,"NaN")="","NaN",(_xlfn.XLOOKUP($A3,TabCAT!$A:$A,TabCAT!AU:AU,"NaN"))) -> 183 | EK3: =IF(_xlfn.XLOOKUP($A3,TabCAT!$A:$A,TabCAT!AV:AV,"NaN")="","NaN",(_xlfn.XLOOKUP($A3,TabCAT!$A:$A,TabCAT!AV:AV,"NaN"))) -> TRUE | EL3: =IF(_xlfn.XLOOKUP($A3,TabCAT!$A:$A,TabCAT!AW:AW,"NaN")="","NaN",(_xlfn.XLOOKUP($A3,TabCAT!$A:$A,TabCAT!AW:AW,"NaN"))) -> 6 | EM3: =IF(_xlfn.XLOOKUP($A3,TabCAT!$A:$A,TabCAT!AX:AX,"NaN")="","NaN",(_xlfn.XLOOKUP($A3,TabCAT!$A:$A,TabCAT!AX:AX,"NaN"))) -> 0 | EN3: =IF(_xlfn.XLOOKUP($A3,TabCAT!$A:$A,TabCAT!AY:AY,"NaN")="","NaN",(_xlfn.XLOOKUP($A3,TabCAT!$A:$A,TabCAT!AY:AY,"NaN"))) -> 8.32 | EO3: =IF(_xlfn.XLOOKUP($A3,TabCAT!$A:$A,TabCAT!AZ:AZ,"NaN")="","NaN",(_xlfn.XLOOKUP($A3,TabCAT!$A:$A,TabCAT!AZ:AZ,"NaN"))) -> 32 | EP3: =IF(_xlfn.XLOOKUP($A3,TabCAT!$A:$A,TabCAT!BA:BA,"NaN")="","NaN",(_xlfn.XLOOKUP($A3,TabCAT!$A:$A,TabCAT!BA:BA,"NaN"))) -> 0.829171 | EQ3: =IF(_xlfn.XLOOKUP($A3,TabCAT!$A:$A,TabCAT!BB:BB,"NaN")="","NaN",(_xlfn.XLOOKUP($A3,TabCAT!$A:$A,TabCAT!BB:BB,"NaN"))) -> 0.19469296 | ER3: =IF(_xlfn.XLOOKUP($A3,TabCAT!$A:$A,TabCAT!BC:BC,"NaN")="","NaN",(_xlfn.XLOOKUP($A3,TabCAT!$A:$A,TabCAT!BC:BC,"NaN"))) -> 16 | ES3: =IF(_xlfn.XLOOKUP($A3,TabCAT!$A:$A,TabCAT!BD:BD,"NaN")="","NaN",(_xlfn.XLOOKUP($A3,TabCAT!$A:$A,TabCAT!BD:BD,"NaN"))) -> 0.708541 | ET3: =IF(_xlfn.XLOOKUP($A3,TabCAT!$A:$A,TabCAT!BE:BE,"NaN")="","NaN",(_xlfn.XLOOKUP($A3,TabCAT!$A:$A,TabCAT!BE:BE,"NaN"))) -> 16 | EU3: =IF(_xlfn.XLOOKUP($A3,TabCAT!$A:$A,TabCAT!BF:BF,"NaN")="","NaN",(_xlfn.XLOOKUP($A3,TabCAT!$A:$A,TabCAT!BF:BF,"NaN"))) -> 0.858221 | EV3: =IF(_xlfn.XLOOKUP($A3,TabCAT!$A:$A,TabCAT!BG:BG,"NaN")="","NaN",(_xlfn.XLOOKUP($A3,TabCAT!$A:$A,TabCAT!BG:BG,"NaN"))) -> NaN | EW3: =IF(_xlfn.XLOOKUP($A3,TabCAT!$A:$A,TabCAT!BH:BH,"NaN")="","NaN",(_xlfn.XLOOKUP($A3,TabCAT!$A:$A,TabCAT!BH:BH,"NaN"))) -> 3.0.0 | EX3: =IF(_xlfn.XLOOKUP($A3,TabCAT!$A:$A,TabCAT!BI:BI,"NaN")="","NaN",(_xlfn.XLOOKUP($A3,TabCAT!$A:$A,TabCAT!BI:BI,"NaN"))) -> English | EY3: =IF(_xlfn.XLOOKUP($A3,TabCAT!$A:$A,TabCAT!BJ:BJ,"NaN")="","NaN",(_xlfn.XLOOKUP($A3,TabCAT!$A:$A,TabCAT!BJ:BJ,"NaN"))) -> 262 | EZ3: =IF(_xlfn.XLOOKUP($A3,TabCAT!$A:$A,TabCAT!BK:BK,"NaN")="","NaN",(_xlfn.XLOOKUP($A3,TabCAT!$A:$A,TabCAT!BK:BK,"NaN"))) -> 1 | FA3: =IF(_xlfn.XLOOKUP($A3,TabCAT!$A:$A,TabCAT!BL:BL,"NaN")="","NaN",(_xlfn.XLOOKUP($A3,TabCAT!$A:$A,TabCAT!BL:BL,"NaN"))) -> 6 | FB3: =IF(_xlfn.XLOOKUP($A3,TabCAT!$A:$A,TabCAT!BM:BM,"NaN")="","NaN",(_xlfn.XLOOKUP($A3,TabCAT!$A:$A,TabCAT!BM:BM,"NaN"))) -> 1 | FC3: =IF(_xlfn.XLOOKUP($A3,TabCAT!$A:$A,TabCAT!BN:BN,"NaN")="","NaN",(_xlfn.XLOOKUP($A3,TabCAT!$A:$A,TabCAT!BN:BN,"NaN"))) -> 6 | FD3: =IF(_xlfn.XLOOKUP($A3,TabCAT!$A:$A,TabCAT!BO:BO,"NaN")="","NaN",(_xlfn.XLOOKUP($A3,TabCAT!$A:$A,TabCAT!BO:BO,"NaN"))) -> 8 | FE3: =IF(_xlfn.XLOOKUP($A3,TabCAT!$A:$A,TabCAT!BP:BP,"NaN")="","NaN",(_xlfn.XLOOKUP($A3,TabCAT!$A:$A,TabCAT!BP:BP,"NaN"))) -> 0.88888889 | FF3: =IF(_xlfn.XLOOKUP($A3,TabCAT!$A:$A,TabCAT!BQ:BQ,"NaN")="","NaN",(_xlfn.XLOOKUP($A3,TabCAT!$A:$A,TabCAT!BQ:BQ,"NaN"))) -> 8 | FG3: =IF(_xlfn.XLOOKUP($A3,TabCAT!$A:$A,TabCAT!BR:BR,"NaN")="","NaN",(_xlfn.XLOOKUP($A3,TabCAT!$A:$A,TabCAT!BR:BR,"NaN"))) -> 9 | FH3: =IF(_xlfn.XLOOKUP($A3,TabCAT!$A:$A,TabCAT!BS:BS,"NaN")="","NaN",(_xlfn.XLOOKUP($A3,TabCAT!$A:$A,TabCAT!BS:BS,"NaN"))) -> 0.75 | FI3: =IF(_xlfn.XLOOKUP($A3,TabCAT!$A:$A,TabCAT!BT:BT,"NaN")="","NaN",(_xlfn.XLOOKUP($A3,TabCAT!$A:$A,TabCAT!BT:BT,"NaN"))) -> 8 | FJ3: =IF(_xlfn.XLOOKUP($A3,TabCAT!$A:$A,TabCAT!BU:BU,"NaN")="","NaN",(_xlfn.XLOOKUP($A3,TabCAT!$A:$A,TabCAT!BU:BU,"NaN"))) -> 10 | FK3: =IF(_xlfn.XLOOKUP($A3,TabCAT!$A:$A,TabCAT!BV:BV,"NaN")="","NaN",(_xlfn.XLOOKUP($A3,TabCAT!$A:$A,TabCAT!BV:BV,"NaN"))) -> 0.66666667 | FL3: =IF(_xlfn.XLOOKUP($A3,TabCAT!$A:$A,TabCAT!BW:BW,"NaN")="","NaN",(_xlfn.XLOOKUP($A3,TabCAT!$A:$A,TabCAT!BW:BW,"NaN"))) -> 8.5 | FM3: =IF(_xlfn.XLOOKUP($A3,TabCAT!$A:$A,TabCAT!BX:BX,"NaN")="","NaN",(_xlfn.XLOOKUP($A3,TabCAT!$A:$A,TabCAT!BX:BX,"NaN"))) -> 33 | FN3: =IF(_xlfn.XLOOKUP($A3,TabCAT!$A:$A,TabCAT!BY:BY,"NaN")="","NaN",(_xlfn.XLOOKUP($A3,TabCAT!$A:$A,TabCAT!BY:BY,"NaN"))) -> 0.78571429 | FO3: =IF(_xlfn.XLOOKUP($A3,TabCAT!$A:$A,TabCAT!BZ:BZ,"NaN")="","NaN",(_xlfn.XLOOKUP($A3,TabCAT!$A:$A,TabCAT!BZ:BZ,"NaN"))) -> 30.5 | FP3: =IF(_xlfn.XLOOKUP($A3,TabCAT!$A:$A,TabCAT!CA:CA,"NaN")="","NaN",(_xlfn.XLOOKUP($A3,TabCAT!$A:$A,TabCAT!CA:CA,"NaN"))) -> 3.0.0 | FQ3: =IF(_xlfn.XLOOKUP($A3,TabCAT!$A:$A,TabCAT!CB:CB,"NaN")="","NaN",(_xlfn.XLOOKUP($A3,TabCAT!$A:$A,TabCAT!CB:CB,"NaN"))) -> English | FR3: =IF(_xlfn.XLOOKUP($A3,TabCAT!$A:$A,TabCAT!CC:CC,"NaN")="","NaN",(_xlfn.XLOOKUP($A3,TabCAT!$A:$A,TabCAT!CC:CC,"NaN"))) -> 275 | FS3: =IF(_xlfn.XLOOKUP($A3,TabCAT!$A:$A,TabCAT!CD:CD,"NaN")="","NaN",(_xlfn.XLOOKUP($A3,TabCAT!$A:$A,TabCAT!CD:CD,"NaN"))) -> TRUE | FT3: =IF(_xlfn.XLOOKUP($A3,TabCAT!$A:$A,TabCAT!CE:CE,"NaN")="","NaN",(_xlfn.XLOOKUP($A3,TabCAT!$A:$A,TabCAT!CE:CE,"NaN"))) -> 8 | FU3: =IF(_xlfn.XLOOKUP($A3,TabCAT!$A:$A,TabCAT!CF:CF,"NaN")="","NaN",(_xlfn.XLOOKUP($A3,TabCAT!$A:$A,TabCAT!CF:CF,"NaN"))) -> 0 | FV3: =IF(_xlfn.XLOOKUP($A3,TabCAT!$A:$A,TabCAT!CG:CG,"NaN")="","NaN",(_xlfn.XLOOKUP($A3,TabCAT!$A:$A,TabCAT!CG:CG,"NaN"))) -> 6.47 | FW3: =IF(_xlfn.XLOOKUP($A3,TabCAT!$A:$A,TabCAT!CH:CH,"NaN")="","NaN",(_xlfn.XLOOKUP($A3,TabCAT!$A:$A,TabCAT!CH:CH,"NaN"))) -> 15 | FX3: =IF(_xlfn.XLOOKUP($A3,TabCAT!$A:$A,TabCAT!CI:CI,"NaN")="","NaN",(_xlfn.XLOOKUP($A3,TabCAT!$A:$A,TabCAT!CI:CI,"NaN"))) -> 0.938216 | FY3: =IF(_xlfn.XLOOKUP($A3,TabCAT!$A:$A,TabCAT!CJ:CJ,"NaN")="","NaN",(_xlfn.XLOOKUP($A3,TabCAT!$A:$A,TabCAT!CJ:CJ,"NaN"))) -> 16 | FZ3: =IF(_xlfn.XLOOKUP($A3,TabCAT!$A:$A,TabCAT!CK:CK,"NaN")="","NaN",(_xlfn.XLOOKUP($A3,TabCAT!$A:$A,TabCAT!CK:CK,"NaN"))) -> 1.562937 | GA3: =IF(_xlfn.XLOOKUP($A3,TabCAT!$A:$A,TabCAT!CL:CL,"NaN")="","NaN",(_xlfn.XLOOKUP($A3,TabCAT!$A:$A,TabCAT!CL:CL,"NaN"))) -> 32 | GB3: =IF(_xlfn.XLOOKUP($A3,TabCAT!$A:$A,TabCAT!CM:CM,"NaN")="","NaN",(_xlfn.XLOOKUP($A3,TabCAT!$A:$A,TabCAT!CM:CM,"NaN"))) -> 1.296432 | GC3: =IF(_xlfn.XLOOKUP($A3,TabCAT!$A:$A,TabCAT!CN:CN,"NaN")="","NaN",(_xlfn.XLOOKUP($A3,TabCAT!$A:$A,TabCAT!CN:CN,"NaN"))) -> 16 | GD3: =IF(_xlfn.XLOOKUP($A3,TabCAT!$A:$A,TabCAT!CO:CO,"NaN")="","NaN",(_xlfn.XLOOKUP($A3,TabCAT!$A:$A,TabCAT!CO:CO,"NaN"))) -> 1.3922405 | GE3: =IF(_xlfn.XLOOKUP($A3,TabCAT!$A:$A,TabCAT!CP:CP,"NaN")="","NaN",(_xlfn.XLOOKUP($A3,TabCAT!$A:$A,TabCAT!CP:CP,"NaN"))) -> 0.54860256 | GF3: =IF(_xlfn.XLOOKUP($A3,TabCAT!$A:$A,TabCAT!CQ:CQ,"NaN")="","NaN",(_xlfn.XLOOKUP($A3,TabCAT!$A:$A,TabCAT!CQ:CQ,"NaN"))) -> 57 | GG3: =IF(_xlfn.XLOOKUP($A3,TabCAT!$A:$A,TabCAT!CR:CR,"NaN")="","NaN",(_xlfn.XLOOKUP($A3,TabCAT!$A:$A,TabCAT!CR:CR,"NaN"))) -> 1.196073 | GH3: =IF(_xlfn.XLOOKUP($A3,TabCAT!$A:$A,TabCAT!CS:CS,"NaN")="","NaN",(_xlfn.XLOOKUP($A3,TabCAT!$A:$A,TabCAT!CS:CS,"NaN"))) -> NaN
A4: 10391 | B4: =_xlfn.XLOOKUP(bippity_poppity_boo!A4,rf1_data!A:A,rf1_data!B:B) -> 111978 | C4: =(_xlfn.XLOOKUP($A4,trust!$A:$A,trust!B:B,"NaN")) -> NaN | D4: =(_xlfn.XLOOKUP($A4,trust!$A:$A,trust!C:C,"NaN")) -> NaN | E4: =(_xlfn.XLOOKUP($A4,trust!$A:$A,trust!D:D,"NaN")) -> NaN | F4: =(_xlfn.XLOOKUP($A4,trust!$A:$A,trust!E:E,"NaN")) -> NaN | G4: =(_xlfn.XLOOKUP($A4,trust!$A:$A,trust!F:F,"NaN")) -> NaN | H4: =(_xlfn.XLOOKUP($A4,trust!$A:$A,trust!G:G,"NaN")) -> NaN | I4: =IF(_xlfn.XLOOKUP($B4,island_data!$B:$B,island_data!C:C,"NaN")="","NaN",_xlfn.XLOOKUP($B4,island_data!$B:$B,island_data!C:C,"NaN")) -> 45105 | J4: =IF(_xlfn.XLOOKUP($B4,island_data!$B:$B,island_data!D:D,"NaN")="","NaN",_xlfn.XLOOKUP($B4,island_data!$B:$B,island_data!D:D,"NaN")) -> 28713 | K4: =IF(_xlfn.XLOOKUP($B4,island_data!$B:$B,island_data!E:E,"NaN")="","NaN",_xlfn.XLOOKUP($B4,island_data!$B:$B,island_data!E:E,"NaN")) -> 44.88 | L4: =IF(_xlfn.XLOOKUP($B4,rf1_data!$B:$B,rf1_data!D:D,"NaN")="","NaN",(_xlfn.XLOOKUP($B4,rf1_data!$B:$B,rf1_data!D:D,"NaN"))) -> 44.21 | M4: =IF(_xlfn.XLOOKUP($B4,rf1_data!$B:$B,rf1_data!E:E,"NaN")="","NaN",(_xlfn.XLOOKUP($B4,rf1_data!$B:$B,rf1_data!E:E,"NaN"))) -> White | N4: =IF(_xlfn.XLOOKUP($B4,rf1_data!$B:$B,rf1_data!F:F,"NaN")="","NaN",(_xlfn.XLOOKUP($B4,rf1_data!$B:$B,rf1_data!F:F,"NaN"))) -> Not Hispanic or Latino | O4: =IF(_xlfn.XLOOKUP($B4,rf1_data!$B:$B,rf1_data!G:G,"NaN")="","NaN",(_xlfn.XLOOKUP($B4,rf1_data!$B:$B,rf1_data!G:G,"NaN"))) -> Female | P4: =IF(_xlfn.XLOOKUP($B4,rf1_data!$B:$B,rf1_data!H:H,"NaN")="","NaN",(_xlfn.XLOOKUP($B4,rf1_data!$B:$B,rf1_data!H:H,"NaN"))) -> 3.33 | Q4: =IF(_xlfn.XLOOKUP($B4,rf1_data!$B:$B,rf1_data!I:I,"NaN")="","NaN",(_xlfn.XLOOKUP($B4,rf1_data!$B:$B,rf1_data!I:I,"NaN"))) -> 2.67 | R4: =IF(_xlfn.XLOOKUP($B4,rf1_data!$B:$B,rf1_data!J:J,"NaN")="","NaN",(_xlfn.XLOOKUP($B4,rf1_data!$B:$B,rf1_data!J:J,"NaN"))) -> 0 | S4: =IF(_xlfn.XLOOKUP($B4,rf1_data!$B:$B,rf1_data!K:K,"NaN")="","NaN",(_xlfn.XLOOKUP($B4,rf1_data!$B:$B,rf1_data!K:K,"NaN"))) -> 6 | T4: =IF(_xlfn.XLOOKUP($B4,rf1_data!$B:$B,rf1_data!L:L,"NaN")="","NaN",(_xlfn.XLOOKUP($B4,rf1_data!$B:$B,rf1_data!L:L,"NaN"))) -> 0 | U4: =IF(_xlfn.XLOOKUP($B4,rf1_data!$B:$B,rf1_data!M:M,"NaN")="","NaN",(_xlfn.XLOOKUP($B4,rf1_data!$B:$B,rf1_data!M:M,"NaN"))) -> NaN | V4: =IF(_xlfn.XLOOKUP($B4,rf1_data!$B:$B,rf1_data!N:N,"NaN")="","NaN",(_xlfn.XLOOKUP($B4,rf1_data!$B:$B,rf1_data!N:N,"NaN"))) -> NaN | W4: =IF(_xlfn.XLOOKUP($B4,rf1_data!$B:$B,rf1_data!O:O,"NaN")="","NaN",(_xlfn.XLOOKUP($B4,rf1_data!$B:$B,rf1_data!O:O,"NaN"))) -> NaN | X4: =IF(_xlfn.XLOOKUP($B4,rf1_data!$B:$B,rf1_data!P:P,"NaN")="","NaN",(_xlfn.XLOOKUP($B4,rf1_data!$B:$B,rf1_data!P:P,"NaN"))) -> NaN | Y4: =IF(_xlfn.XLOOKUP($B4,rf1_data!$B:$B,rf1_data!Q:Q,"NaN")="","NaN",(_xlfn.XLOOKUP($B4,rf1_data!$B:$B,rf1_data!Q:Q,"NaN"))) -> NaN | Z4: =IF(_xlfn.XLOOKUP($B4,rf1_data!$B:$B,rf1_data!R:R,"NaN")="","NaN",(_xlfn.XLOOKUP($B4,rf1_data!$B:$B,rf1_data!R:R,"NaN"))) -> 33 | AA4: =IF(_xlfn.XLOOKUP($B4,rf1_data!$B:$B,rf1_data!S:S,"NaN")="","NaN",(_xlfn.XLOOKUP($B4,rf1_data!$B:$B,rf1_data!S:S,"NaN"))) -> 3 | AB4: =IF(_xlfn.XLOOKUP($B4,rf1_data!$B:$B,rf1_data!T:T,"NaN")="","NaN",(_xlfn.XLOOKUP($B4,rf1_data!$B:$B,rf1_data!T:T,"NaN"))) -> 12 | AC4: =IF(_xlfn.XLOOKUP($B4,rf1_data!$B:$B,rf1_data!U:U,"NaN")="","NaN",(_xlfn.XLOOKUP($B4,rf1_data!$B:$B,rf1_data!U:U,"NaN"))) -> 4 | AD4: =IF(_xlfn.XLOOKUP($B4,rf1_data!$B:$B,rf1_data!V:V,"NaN")="","NaN",(_xlfn.XLOOKUP($B4,rf1_data!$B:$B,rf1_data!V:V,"NaN"))) -> 14 | AE4: =IF(_xlfn.XLOOKUP($B4,rf1_data!$B:$B,rf1_data!W:W,"NaN")="","NaN",(_xlfn.XLOOKUP($B4,rf1_data!$B:$B,rf1_data!W:W,"NaN"))) -> 7 | AF4: =IF(_xlfn.XLOOKUP($B4,rf1_data!$B:$B,rf1_data!X:X,"NaN")="","NaN",(_xlfn.XLOOKUP($B4,rf1_data!$B:$B,rf1_data!X:X,"NaN"))) -> 8 | AG4: =IF(_xlfn.XLOOKUP($B4,rf1_data!$B:$B,rf1_data!Y:Y,"NaN")="","NaN",(_xlfn.XLOOKUP($B4,rf1_data!$B:$B,rf1_data!Y:Y,"NaN"))) -> 3 | AH4: =IF(_xlfn.XLOOKUP($B4,rf1_data!$B:$B,rf1_data!Z:Z,"NaN")="","NaN",(_xlfn.XLOOKUP($B4,rf1_data!$B:$B,rf1_data!Z:Z,"NaN"))) -> 4 | AI4: =IF(_xlfn.XLOOKUP($B4,rf1_data!$B:$B,rf1_data!AA:AA,"NaN")="","NaN",(_xlfn.XLOOKUP($B4,rf1_data!$B:$B,rf1_data!AA:AA,"NaN"))) -> 5 | AJ4: =IF(_xlfn.XLOOKUP($B4,rf1_data!$B:$B,rf1_data!AB:AB,"NaN")="","NaN",(_xlfn.XLOOKUP($B4,rf1_data!$B:$B,rf1_data!AB:AB,"NaN"))) -> 27 | AK4: =IF(_xlfn.XLOOKUP($B4,rf1_data!$B:$B,rf1_data!AC:AC,"NaN")="","NaN",(_xlfn.XLOOKUP($B4,rf1_data!$B:$B,rf1_data!AC:AC,"NaN"))) -> NaN | AL4: =IF(_xlfn.XLOOKUP($B4,rf1_data!$B:$B,rf1_data!AD:AD,"NaN")="","NaN",(_xlfn.XLOOKUP($B4,rf1_data!$B:$B,rf1_data!AD:AD,"NaN"))) -> NaN | AM4: =IF(_xlfn.XLOOKUP($B4,rf1_data!$B:$B,rf1_data!AE:AE,"NaN")="","NaN",(_xlfn.XLOOKUP($B4,rf1_data!$B:$B,rf1_data!AE:AE,"NaN"))) -> 0 | AN4: =IF(_xlfn.XLOOKUP($B4,rf1_data!$B:$B,rf1_data!AF:AF,"NaN")="","NaN",(_xlfn.XLOOKUP($B4,rf1_data!$B:$B,rf1_data!AF:AF,"NaN"))) -> 0 | AO4: =IF(_xlfn.XLOOKUP($B4,rf1_data!$B:$B,rf1_data!AG:AG,"NaN")="","NaN",(_xlfn.XLOOKUP($B4,rf1_data!$B:$B,rf1_data!AG:AG,"NaN"))) -> NaN | AP4: =IF(_xlfn.XLOOKUP($B4,rf1_data!$B:$B,rf1_data!AH:AH,"NaN")="","NaN",(_xlfn.XLOOKUP($B4,rf1_data!$B:$B,rf1_data!AH:AH,"NaN"))) -> NaN | AQ4: =IF(_xlfn.XLOOKUP($B4,rf1_data!$B:$B,rf1_data!AI:AI,"NaN")="","NaN",(_xlfn.XLOOKUP($B4,rf1_data!$B:$B,rf1_data!AI:AI,"NaN"))) -> NaN | AR4: =IF(_xlfn.XLOOKUP($B4,rf1_data!$B:$B,rf1_data!AJ:AJ,"NaN")="","NaN",(_xlfn.XLOOKUP($B4,rf1_data!$B:$B,rf1_data!AJ:AJ,"NaN"))) -> NaN | AS4: =IF(_xlfn.XLOOKUP($B4,rf1_data!$B:$B,rf1_data!AK:AK,"NaN")="","NaN",(_xlfn.XLOOKUP($B4,rf1_data!$B:$B,rf1_data!AK:AK,"NaN"))) -> 3.7 | AT4: =IF(_xlfn.XLOOKUP($B4,rf1_data!$B:$B,rf1_data!AL:AL,"NaN")="","NaN",(_xlfn.XLOOKUP($B4,rf1_data!$B:$B,rf1_data!AL:AL,"NaN"))) -> 24 | AU4: =IF(_xlfn.XLOOKUP($B4,rf1_data!$B:$B,rf1_data!AM:AM,"NaN")="","NaN",(_xlfn.XLOOKUP($B4,rf1_data!$B:$B,rf1_data!AM:AM,"NaN"))) -> 3.17 | AV4: =IF(_xlfn.XLOOKUP($B4,rf1_data!$B:$B,rf1_data!AN:AN,"NaN")="","NaN",(_xlfn.XLOOKUP($B4,rf1_data!$B:$B,rf1_data!AN:AN,"NaN"))) -> 36 | AW4: =IF(_xlfn.XLOOKUP($B4,rf1_data!$B:$B,rf1_data!AO:AO,"NaN")="","NaN",(_xlfn.XLOOKUP($B4,rf1_data!$B:$B,rf1_data!AO:AO,"NaN"))) -> NaN | AX4: =IF(_xlfn.XLOOKUP($B4,rf1_data!$B:$B,rf1_data!AP:AP,"NaN")="","NaN",(_xlfn.XLOOKUP($B4,rf1_data!$B:$B,rf1_data!AP:AP,"NaN"))) -> 9999 | AY4: =IF(_xlfn.XLOOKUP($B4,rf1_data!$B:$B,rf1_data!AQ:AQ,"NaN")="","NaN",(_xlfn.XLOOKUP($B4,rf1_data!$B:$B,rf1_data!AQ:AQ,"NaN"))) -> 209 | AZ4: =IF(_xlfn.XLOOKUP($B4,rf1_data!$B:$B,rf1_data!AR:AR,"NaN")="","NaN",(_xlfn.XLOOKUP($B4,rf1_data!$B:$B,rf1_data!AR:AR,"NaN"))) -> NaN | BA4: =IF(_xlfn.XLOOKUP($B4,rf1_data!$B:$B,rf1_data!AS:AS,"NaN")="","NaN",(_xlfn.XLOOKUP($B4,rf1_data!$B:$B,rf1_data!AS:AS,"NaN"))) -> NaN | BB4: =IF(_xlfn.XLOOKUP($B4,rf1_data!$B:$B,rf1_data!AT:AT,"NaN")="","NaN",(_xlfn.XLOOKUP($B4,rf1_data!$B:$B,rf1_data!AT:AT,"NaN"))) -> NaN | BC4: =IF(_xlfn.XLOOKUP($B4,rf1_data!$B:$B,rf1_data!AU:AU,"NaN")="","NaN",(_xlfn.XLOOKUP($B4,rf1_data!$B:$B,rf1_data!AU:AU,"NaN"))) -> NaN | BD4: =IF(_xlfn.XLOOKUP($B4,rf1_data!$B:$B,rf1_data!AV:AV,"NaN")="","NaN",(_xlfn.XLOOKUP($B4,rf1_data!$B:$B,rf1_data!AV:AV,"NaN"))) -> NaN | BE4: =IF(_xlfn.XLOOKUP($B4,rf1_data!$B:$B,rf1_data!AW:AW,"NaN")="","NaN",(_xlfn.XLOOKUP($B4,rf1_data!$B:$B,rf1_data!AW:AW,"NaN"))) -> NaN | BF4: =IF(_xlfn.XLOOKUP($B4,rf1_data!$B:$B,rf1_data!AX:AX,"NaN")="","NaN",(_xlfn.XLOOKUP($B4,rf1_data!$B:$B,rf1_data!AX:AX,"NaN"))) -> NaN | BG4: =IF(_xlfn.XLOOKUP($B4,rf1_data!$B:$B,rf1_data!AY:AY,"NaN")="","NaN",(_xlfn.XLOOKUP($B4,rf1_data!$B:$B,rf1_data!AY:AY,"NaN"))) -> NaN | BH4: =IF(_xlfn.XLOOKUP($B4,rf1_data!$B:$B,rf1_data!AZ:AZ,"NaN")="","NaN",(_xlfn.XLOOKUP($B4,rf1_data!$B:$B,rf1_data!AZ:AZ,"NaN"))) -> NaN | BI4: =IF(_xlfn.XLOOKUP($B4,rf1_data!$B:$B,rf1_data!BA:BA,"NaN")="","NaN",(_xlfn.XLOOKUP($B4,rf1_data!$B:$B,rf1_data!BA:BA,"NaN"))) -> 20 | BJ4: =IF(_xlfn.XLOOKUP($B4,rf1_data!$B:$B,rf1_data!BB:BB,"NaN")="","NaN",(_xlfn.XLOOKUP($B4,rf1_data!$B:$B,rf1_data!BB:BB,"NaN"))) -> NaN | BK4: =IF(_xlfn.XLOOKUP($B4,rf1_data!$B:$B,rf1_data!BC:BC,"NaN")="","NaN",(_xlfn.XLOOKUP($B4,rf1_data!$B:$B,rf1_data!BC:BC,"NaN"))) -> 20 | BL4: =IF(_xlfn.XLOOKUP($B4,rf1_data!$B:$B,rf1_data!BD:BD,"NaN")="","NaN",(_xlfn.XLOOKUP($B4,rf1_data!$B:$B,rf1_data!BD:BD,"NaN"))) -> 6 | BM4: =IF(_xlfn.XLOOKUP($B4,rf1_data!$B:$B,rf1_data!BE:BE,"NaN")="","NaN",(_xlfn.XLOOKUP($B4,rf1_data!$B:$B,rf1_data!BE:BE,"NaN"))) -> 3 | BN4: =IF(_xlfn.XLOOKUP($B4,rf1_data!$B:$B,rf1_data!BF:BF,"NaN")="","NaN",(_xlfn.XLOOKUP($B4,rf1_data!$B:$B,rf1_data!BF:BF,"NaN"))) -> 7 | BO4: =IF(_xlfn.XLOOKUP($B4,rf1_data!$B:$B,rf1_data!BG:BG,"NaN")="","NaN",(_xlfn.XLOOKUP($B4,rf1_data!$B:$B,rf1_data!BG:BG,"NaN"))) -> 4 | BP4: =IF(_xlfn.XLOOKUP($B4,rf1_data!$B:$B,rf1_data!BH:BH,"NaN")="","NaN",(_xlfn.XLOOKUP($B4,rf1_data!$B:$B,rf1_data!BH:BH,"NaN"))) -> NaN | BQ4: =IF(_xlfn.XLOOKUP($B4,rf1_data!$B:$B,rf1_data!BI:BI,"NaN")="","NaN",(_xlfn.XLOOKUP($B4,rf1_data!$B:$B,rf1_data!BI:BI,"NaN"))) -> NaN | BR4: =IF(_xlfn.XLOOKUP($B4,rf1_data!$B:$B,rf1_data!BJ:BJ,"NaN")="","NaN",(_xlfn.XLOOKUP($B4,rf1_data!$B:$B,rf1_data!BJ:BJ,"NaN"))) -> 8991 | BS4: =IF(_xlfn.XLOOKUP($B4,rf1_data!$B:$B,rf1_data!BK:BK,"NaN")="","NaN",(_xlfn.XLOOKUP($B4,rf1_data!$B:$B,rf1_data!BK:BK,"NaN"))) -> NaN | BT4: =IF(_xlfn.XLOOKUP($B4,rf1_data!$B:$B,rf1_data!BL:BL,"NaN")="","NaN",(_xlfn.XLOOKUP($B4,rf1_data!$B:$B,rf1_data!BL:BL,"NaN"))) -> NaN | BU4: =IF(_xlfn.XLOOKUP($B4,rf1_data!$B:$B,rf1_data!BM:BM,"NaN")="","NaN",(_xlfn.XLOOKUP($B4,rf1_data!$B:$B,rf1_data!BM:BM,"NaN"))) -> NaN | BV4: =IF(_xlfn.XLOOKUP($B4,rf1_data!$B:$B,rf1_data!BN:BN,"NaN")="","NaN",(_xlfn.XLOOKUP($B4,rf1_data!$B:$B,rf1_data!BN:BN,"NaN"))) -> NaN | BW4: =IF(_xlfn.XLOOKUP($B4,rf1_data!$B:$B,rf1_data!BO:BO,"NaN")="","NaN",(_xlfn.XLOOKUP($B4,rf1_data!$B:$B,rf1_data!BO:BO,"NaN"))) -> 2.7 | BX4: =IF(_xlfn.XLOOKUP($B4,rf1_data!$B:$B,rf1_data!BP:BP,"NaN")="","NaN",(_xlfn.XLOOKUP($B4,rf1_data!$B:$B,rf1_data!BP:BP,"NaN"))) -> 2.8 | BY4: =IF(_xlfn.XLOOKUP($B4,rf1_data!$B:$B,rf1_data!BQ:BQ,"NaN")="","NaN",(_xlfn.XLOOKUP($B4,rf1_data!$B:$B,rf1_data!BQ:BQ,"NaN"))) -> 3.2 | BZ4: =IF(_xlfn.XLOOKUP($B4,rf1_data!$B:$B,rf1_data!BR:BR,"NaN")="","NaN",(_xlfn.XLOOKUP($B4,rf1_data!$B:$B,rf1_data!BR:BR,"NaN"))) -> 2.9 | CA4: =IF(_xlfn.XLOOKUP($B4,rf1_data!$B:$B,rf1_data!BS:BS,"NaN")="","NaN",(_xlfn.XLOOKUP($B4,rf1_data!$B:$B,rf1_data!BS:BS,"NaN"))) -> NaN | CB4: =IF(_xlfn.XLOOKUP($B4,rf1_data!$B:$B,rf1_data!BT:BT,"NaN")="","NaN",(_xlfn.XLOOKUP($B4,rf1_data!$B:$B,rf1_data!BT:BT,"NaN"))) -> NaN | CC4: =IF(_xlfn.XLOOKUP($B4,rf1_data!$B:$B,rf1_data!BU:BU,"NaN")="","NaN",(_xlfn.XLOOKUP($B4,rf1_data!$B:$B,rf1_data!BU:BU,"NaN"))) -> NaN | CD4: =IF(_xlfn.XLOOKUP($B4,rf1_data!$B:$B,rf1_data!BV:BV,"NaN")="","NaN",(_xlfn.XLOOKUP($B4,rf1_data!$B:$B,rf1_data!BV:BV,"NaN"))) -> NaN | CE4: =IF(_xlfn.XLOOKUP($B4,rf1_data!$B:$B,rf1_data!BW:BW,"NaN")="","NaN",(_xlfn.XLOOKUP($B4,rf1_data!$B:$B,rf1_data!BW:BW,"NaN"))) -> 2.65 | CF4: =IF(_xlfn.XLOOKUP($B4,rf1_data!$B:$B,rf1_data!BX:BX,"NaN")="","NaN",(_xlfn.XLOOKUP($B4,rf1_data!$B:$B,rf1_data!BX:BX,"NaN"))) -> 1 | CG4: =IF(_xlfn.XLOOKUP($B4,rf1_data!$B:$B,rf1_data!BY:BY,"NaN")="","NaN",(_xlfn.XLOOKUP($B4,rf1_data!$B:$B,rf1_data!BY:BY,"NaN"))) -> 0 | CH4: =IF(_xlfn.XLOOKUP($B4,rf1_data!$B:$B,rf1_data!BZ:BZ,"NaN")="","NaN",(_xlfn.XLOOKUP($B4,rf1_data!$B:$B,rf1_data!BZ:BZ,"NaN"))) -> 17 | CI4: =IF(_xlfn.XLOOKUP($B4,rf1_data!$B:$B,rf1_data!CA:CA,"NaN")="","NaN",(_xlfn.XLOOKUP($B4,rf1_data!$B:$B,rf1_data!CA:CA,"NaN"))) -> 20 | CJ4: =IF(_xlfn.XLOOKUP($B4,rf1_data!$B:$B,rf1_data!CB:CB,"NaN")="","NaN",(_xlfn.XLOOKUP($B4,rf1_data!$B:$B,rf1_data!CB:CB,"NaN"))) -> 5 | CK4: =IF(_xlfn.XLOOKUP($B4,rf1_data!$B:$B,rf1_data!CC:CC,"NaN")="","NaN",(_xlfn.XLOOKUP($B4,rf1_data!$B:$B,rf1_data!CC:CC,"NaN"))) -> 0.71428571 | CL4: =IF(_xlfn.XLOOKUP($B4,rf1_data!$B:$B,rf1_data!CD:CD,"NaN")=0,"NaN",(_xlfn.XLOOKUP($B4,rf1_data!$B:$B,rf1_data!CD:CD,"NaN"))) -> 22 | CM4: =IF(_xlfn.XLOOKUP($B4,rf1_data!$B:$B,rf1_data!CE:CE,"NaN")="","NaN",(_xlfn.XLOOKUP($B4,rf1_data!$B:$B,rf1_data!CE:CE,"NaN"))) -> 38 | CN4: =IF(_xlfn.XLOOKUP($B4,rf1_data!$B:$B,rf1_data!CF:CF,"NaN")="","NaN",(_xlfn.XLOOKUP($B4,rf1_data!$B:$B,rf1_data!CF:CF,"NaN"))) -> 53 | CO4: =IF(_xlfn.XLOOKUP($B4,rf1_data!$B:$B,rf1_data!CG:CG,"NaN")="","NaN",(_xlfn.XLOOKUP($B4,rf1_data!$B:$B,rf1_data!CG:CG,"NaN"))) -> 30 | CP4: =IF(_xlfn.XLOOKUP($B4,rf1_data!$B:$B,rf1_data!CH:CH,"NaN")=0,"NaN",(_xlfn.XLOOKUP($B4,rf1_data!$B:$B,rf1_data!CH:CH,"NaN"))) -> 30 | CQ4: =IF(_xlfn.XLOOKUP($B4,rf1_data!$B:$B,rf1_data!CI:CI,"NaN")="","NaN",(_xlfn.XLOOKUP($B4,rf1_data!$B:$B,rf1_data!CI:CI,"NaN"))) -> 47 | CR4: =IF(_xlfn.XLOOKUP($B4,rf1_data!$B:$B,rf1_data!CJ:CJ,"NaN")="","NaN",(_xlfn.XLOOKUP($B4,rf1_data!$B:$B,rf1_data!CJ:CJ,"NaN"))) -> 58 | CS4: =IF(_xlfn.XLOOKUP($B4,rf1_data!$B:$B,rf1_data!CK:CK,"NaN")="","NaN",(_xlfn.XLOOKUP($B4,rf1_data!$B:$B,rf1_data!CK:CK,"NaN"))) -> 48 | CT4: =IF(_xlfn.XLOOKUP($B4,rf1_data!$B:$B,rf1_data!CL:CL,"NaN")="","NaN",(_xlfn.XLOOKUP($B4,rf1_data!$B:$B,rf1_data!CL:CL,"NaN"))) -> 60 | CU4: =IF(_xlfn.XLOOKUP($B4,rf1_data!$B:$B,rf1_data!CM:CM,"NaN")="","NaN",(_xlfn.XLOOKUP($B4,rf1_data!$B:$B,rf1_data!CM:CM,"NaN"))) -> 41 | CV4: =IF(_xlfn.XLOOKUP($B4,rf1_data!$B:$B,rf1_data!CN:CN,"NaN")="","NaN",(_xlfn.XLOOKUP($B4,rf1_data!$B:$B,rf1_data!CN:CN,"NaN"))) -> 60 | CW4: =IF(_xlfn.XLOOKUP($B4,rf1_data!$B:$B,rf1_data!CO:CO,"NaN")="","NaN",(_xlfn.XLOOKUP($B4,rf1_data!$B:$B,rf1_data!CO:CO,"NaN"))) -> NaN | CX4: =IF(_xlfn.XLOOKUP($B4,rf1_data!$B:$B,rf1_data!CP:CP,"NaN")="","NaN",(_xlfn.XLOOKUP($B4,rf1_data!$B:$B,rf1_data!CP:CP,"NaN"))) -> NaN | CY4: =IF(_xlfn.XLOOKUP($B4,rf1_data!$B:$B,rf1_data!CQ:CQ,"NaN")="","NaN",(_xlfn.XLOOKUP($B4,rf1_data!$B:$B,rf1_data!CQ:CQ,"NaN"))) -> 4 | CZ4: =IF(_xlfn.XLOOKUP($B4,rf1_data!$B:$B,rf1_data!CR:CR,"NaN")="","NaN",(_xlfn.XLOOKUP($B4,rf1_data!$B:$B,rf1_data!CR:CR,"NaN"))) -> 1 | DA4: =IF(_xlfn.XLOOKUP($B4,rf1_data!$B:$B,rf1_data!CS:CS,"NaN")="","NaN",(_xlfn.XLOOKUP($B4,rf1_data!$B:$B,rf1_data!CS:CS,"NaN"))) -> 2 | DB4: =IF(_xlfn.XLOOKUP($B4,island_data!$B:$B,island_data!H:H,"NaN")="","NaN",_xlfn.XLOOKUP($B4,island_data!$B:$B,island_data!H:H,"NaN")) -> 3 | DC4: =IF(_xlfn.XLOOKUP($B4,island_data!$B:$B,island_data!I:I,"NaN")="","NaN",_xlfn.XLOOKUP($B4,island_data!$B:$B,island_data!I:I,"NaN")) -> 0 | DD4: =IF(_xlfn.XLOOKUP($B4,island_data!$B:$B,island_data!J:J,"NaN")="","NaN",_xlfn.XLOOKUP($B4,island_data!$B:$B,island_data!J:J,"NaN")) -> 1 | DE4: =IF(_xlfn.XLOOKUP($B4,island_data!$B:$B,island_data!K:K,"NaN")="","NaN",_xlfn.XLOOKUP($B4,island_data!$B:$B,island_data!K:K,"NaN")) -> 13 | DF4: =IF(_xlfn.XLOOKUP($B4,island_data!$B:$B,island_data!L:L,"NaN")="","NaN",_xlfn.XLOOKUP($B4,island_data!$B:$B,island_data!L:L,"NaN")) -> 21 | DG4: =IF(_xlfn.XLOOKUP($B4,island_data!$B:$B,island_data!M:M,"NaN")="","NaN",_xlfn.XLOOKUP($B4,island_data!$B:$B,island_data!M:M,"NaN")) -> 1.8888889 | DH4: =IF(_xlfn.XLOOKUP($B4,island_data!$B:$B,island_data!N:N,"NaN")="","NaN",_xlfn.XLOOKUP($B4,island_data!$B:$B,island_data!N:N,"NaN")) -> 8 | DI4: =IF(_xlfn.XLOOKUP($B4,island_data!$B:$B,island_data!O:O,"NaN")=999,"NaN",_xlfn.XLOOKUP($B4,island_data!$B:$B,island_data!O:O,"NaN")) -> NaN | DJ4: =IF(_xlfn.XLOOKUP($B4,island_data!$B:$B,island_data!P:P,"NaN")="","NaN",_xlfn.XLOOKUP($B4,island_data!$B:$B,island_data!P:P,"NaN")) -> 5 | DK4: =IF(_xlfn.XLOOKUP($B4,island_data!$B:$B,island_data!Q:Q,"NaN")="","NaN",_xlfn.XLOOKUP($B4,island_data!$B:$B,island_data!Q:Q,"NaN")) -> 1 | DL4: =IF(_xlfn.XLOOKUP($B4,island_data!$B:$B,island_data!R:R,"NaN")=999,"NaN",_xlfn.XLOOKUP($B4,island_data!$B:$B,island_data!R:R,"NaN")) -> NaN | DM4: =IF(_xlfn.XLOOKUP($B4,island_data!$B:$B,island_data!S:S,"NaN")="","NaN",_xlfn.XLOOKUP($B4,island_data!$B:$B,island_data!S:S,"NaN")) -> 8 | DN4: =IF(_xlfn.XLOOKUP($B4,island_data!$B:$B,island_data!T:T,"NaN")="","NaN",_xlfn.XLOOKUP($B4,island_data!$B:$B,island_data!T:T,"NaN")) -> 4.0833333 | DO4: =IF(_xlfn.XLOOKUP($B4,island_data!$B:$B,island_data!U:U,"NaN")="","NaN",_xlfn.XLOOKUP($B4,island_data!$B:$B,island_data!U:U,"NaN")) -> 5 | DP4: =IF(_xlfn.XLOOKUP($B4,island_data!$B:$B,island_data!V:V,"NaN")="","NaN",_xlfn.XLOOKUP($B4,island_data!$B:$B,island_data!V:V,"NaN")) -> 1 | DQ4: =IF(_xlfn.XLOOKUP($B4,island_data!$B:$B,island_data!W:W,"NaN")="","NaN",_xlfn.XLOOKUP($B4,island_data!$B:$B,island_data!W:W,"NaN")) -> 6 | DR4: =IF(_xlfn.XLOOKUP($B4,island_data!$B:$B,island_data!X:X,"NaN")="","NaN",_xlfn.XLOOKUP($B4,island_data!$B:$B,island_data!X:X,"NaN")) -> 5 | DS4: =IF(_xlfn.XLOOKUP($B4,island_data!$B:$B,island_data!Y:Y,"NaN")="","NaN",_xlfn.XLOOKUP($B4,island_data!$B:$B,island_data!Y:Y,"NaN")) -> NaN | DT4: =IF(_xlfn.XLOOKUP($B4,island_data!$B:$B,island_data!Z:Z,"NaN")="","NaN",_xlfn.XLOOKUP($B4,island_data!$B:$B,island_data!Z:Z,"NaN")) -> NaN | DU4: =IF(_xlfn.XLOOKUP($B4,island_data!$B:$B,island_data!AA:AA,"NaN")="","NaN",_xlfn.XLOOKUP($B4,island_data!$B:$B,island_data!AA:AA,"NaN")) -> NaN | DV4: =IF(_xlfn.XLOOKUP($B4,island_data!$B:$B,island_data!AB:AB,"NaN")="","NaN",_xlfn.XLOOKUP($B4,island_data!$B:$B,island_data!AB:AB,"NaN")) -> NaN | DW4: =IF(_xlfn.XLOOKUP($B4,island_data!$B:$B,island_data!AC:AC,"NaN")="","NaN",_xlfn.XLOOKUP($B4,island_data!$B:$B,island_data!AC:AC,"NaN")) -> 13210 | DX4: =IF(_xlfn.XLOOKUP($B4,island_data!$B:$B,island_data!AD:AD,"NaN")="","NaN",_xlfn.XLOOKUP($B4,island_data!$B:$B,island_data!AD:AD,"NaN")) -> 6 | DY4: =IF(_xlfn.XLOOKUP($B4,island_data!$B:$B,island_data!AE:AE,"NaN")="","NaN",_xlfn.XLOOKUP($B4,island_data!$B:$B,island_data!AE:AE,"NaN")) -> 1 | DZ4: =IF(_xlfn.XLOOKUP($B4,island_data!$B:$B,island_data!AF:AF,"NaN")="","NaN",_xlfn.XLOOKUP($B4,island_data!$B:$B,island_data!AF:AF,"NaN")) -> NaN | EA4: =IF(_xlfn.XLOOKUP($B4,island_data!$B:$B,island_data!AG:AG,"NaN")="","NaN",_xlfn.XLOOKUP($B4,island_data!$B:$B,island_data!AG:AG,"NaN")) -> NaN | EB4: =IF(_xlfn.XLOOKUP($B4,island_data!$B:$B,island_data!AH:AH,"NaN")="","NaN",_xlfn.XLOOKUP($B4,island_data!$B:$B,island_data!AH:AH,"NaN")) -> NaN | EC4: =IF(_xlfn.XLOOKUP($B4,island_data!$B:$B,island_data!AI:AI,"NaN")="","NaN",_xlfn.XLOOKUP($B4,island_data!$B:$B,island_data!AI:AI,"NaN")) -> NaN | ED4: =IF(_xlfn.XLOOKUP($B4,island_data!$B:$B,island_data!AJ:AJ,"NaN")="","NaN",_xlfn.XLOOKUP($B4,island_data!$B:$B,island_data!AJ:AJ,"NaN")) -> NaN | EE4: =IF(_xlfn.XLOOKUP($B4,island_data!$B:$B,island_data!AK:AK,"NaN")="","NaN",_xlfn.XLOOKUP($B4,island_data!$B:$B,island_data!AK:AK,"NaN")) -> NaN | EF4: =IF(_xlfn.XLOOKUP($B4,island_data!$B:$B,island_data!AL:AL,"NaN")="","NaN",_xlfn.XLOOKUP($B4,island_data!$B:$B,island_data!AL:AL,"NaN")) -> NaN | EG4: =IF(_xlfn.XLOOKUP($B4,island_data!$B:$B,island_data!AM:AM,"NaN")="","NaN",_xlfn.XLOOKUP($B4,island_data!$B:$B,island_data!AM:AM,"NaN")) -> NaN | EH4: =IF(_xlfn.XLOOKUP($B4,island_data!$B:$B,island_data!AN:AN,"NaN")="","NaN",_xlfn.XLOOKUP($B4,island_data!$B:$B,island_data!AN:AN,"NaN")) -> NaN | EI4: =IF(_xlfn.XLOOKUP($B4,island_data!$B:$B,island_data!AO:AO,"NaN")="","NaN",_xlfn.XLOOKUP($B4,island_data!$B:$B,island_data!AO:AO,"NaN")) -> NaN | EJ4: =IF(_xlfn.XLOOKUP($A4,TabCAT!$A:$A,TabCAT!AU:AU,"NaN")="","NaN",(_xlfn.XLOOKUP($A4,TabCAT!$A:$A,TabCAT!AU:AU,"NaN"))) -> NaN | EK4: =IF(_xlfn.XLOOKUP($A4,TabCAT!$A:$A,TabCAT!AV:AV,"NaN")="","NaN",(_xlfn.XLOOKUP($A4,TabCAT!$A:$A,TabCAT!AV:AV,"NaN"))) -> NaN | EL4: =IF(_xlfn.XLOOKUP($A4,TabCAT!$A:$A,TabCAT!AW:AW,"NaN")="","NaN",(_xlfn.XLOOKUP($A4,TabCAT!$A:$A,TabCAT!AW:AW,"NaN"))) -> NaN | EM4: =IF(_xlfn.XLOOKUP($A4,TabCAT!$A:$A,TabCAT!AX:AX,"NaN")="","NaN",(_xlfn.XLOOKUP($A4,TabCAT!$A:$A,TabCAT!AX:AX,"NaN"))) -> NaN | EN4: =IF(_xlfn.XLOOKUP($A4,TabCAT!$A:$A,TabCAT!AY:AY,"NaN")="","NaN",(_xlfn.XLOOKUP($A4,TabCAT!$A:$A,TabCAT!AY:AY,"NaN"))) -> NaN | EO4: =IF(_xlfn.XLOOKUP($A4,TabCAT!$A:$A,TabCAT!AZ:AZ,"NaN")="","NaN",(_xlfn.XLOOKUP($A4,TabCAT!$A:$A,TabCAT!AZ:AZ,"NaN"))) -> NaN | EP4: =IF(_xlfn.XLOOKUP($A4,TabCAT!$A:$A,TabCAT!BA:BA,"NaN")="","NaN",(_xlfn.XLOOKUP($A4,TabCAT!$A:$A,TabCAT!BA:BA,"NaN"))) -> NaN | EQ4: =IF(_xlfn.XLOOKUP($A4,TabCAT!$A:$A,TabCAT!BB:BB,"NaN")="","NaN",(_xlfn.XLOOKUP($A4,TabCAT!$A:$A,TabCAT!BB:BB,"NaN"))) -> NaN | ER4: =IF(_xlfn.XLOOKUP($A4,TabCAT!$A:$A,TabCAT!BC:BC,"NaN")="","NaN",(_xlfn.XLOOKUP($A4,TabCAT!$A:$A,TabCAT!BC:BC,"NaN"))) -> NaN | ES4: =IF(_xlfn.XLOOKUP($A4,TabCAT!$A:$A,TabCAT!BD:BD,"NaN")="","NaN",(_xlfn.XLOOKUP($A4,TabCAT!$A:$A,TabCAT!BD:BD,"NaN"))) -> NaN | ET4: =IF(_xlfn.XLOOKUP($A4,TabCAT!$A:$A,TabCAT!BE:BE,"NaN")="","NaN",(_xlfn.XLOOKUP($A4,TabCAT!$A:$A,TabCAT!BE:BE,"NaN"))) -> NaN | EU4: =IF(_xlfn.XLOOKUP($A4,TabCAT!$A:$A,TabCAT!BF:BF,"NaN")="","NaN",(_xlfn.XLOOKUP($A4,TabCAT!$A:$A,TabCAT!BF:BF,"NaN"))) -> NaN | EV4: =IF(_xlfn.XLOOKUP($A4,TabCAT!$A:$A,TabCAT!BG:BG,"NaN")="","NaN",(_xlfn.XLOOKUP($A4,TabCAT!$A:$A,TabCAT!BG:BG,"NaN"))) -> NaN | EW4: =IF(_xlfn.XLOOKUP($A4,TabCAT!$A:$A,TabCAT!BH:BH,"NaN")="","NaN",(_xlfn.XLOOKUP($A4,TabCAT!$A:$A,TabCAT!BH:BH,"NaN"))) -> NaN | EX4: =IF(_xlfn.XLOOKUP($A4,TabCAT!$A:$A,TabCAT!BI:BI,"NaN")="","NaN",(_xlfn.XLOOKUP($A4,TabCAT!$A:$A,TabCAT!BI:BI,"NaN"))) -> NaN | EY4: =IF(_xlfn.XLOOKUP($A4,TabCAT!$A:$A,TabCAT!BJ:BJ,"NaN")="","NaN",(_xlfn.XLOOKUP($A4,TabCAT!$A:$A,TabCAT!BJ:BJ,"NaN"))) -> NaN | EZ4: =IF(_xlfn.XLOOKUP($A4,TabCAT!$A:$A,TabCAT!BK:BK,"NaN")="","NaN",(_xlfn.XLOOKUP($A4,TabCAT!$A:$A,TabCAT!BK:BK,"NaN"))) -> NaN | FA4: =IF(_xlfn.XLOOKUP($A4,TabCAT!$A:$A,TabCAT!BL:BL,"NaN")="","NaN",(_xlfn.XLOOKUP($A4,TabCAT!$A:$A,TabCAT!BL:BL,"NaN"))) -> NaN | FB4: =IF(_xlfn.XLOOKUP($A4,TabCAT!$A:$A,TabCAT!BM:BM,"NaN")="","NaN",(_xlfn.XLOOKUP($A4,TabCAT!$A:$A,TabCAT!BM:BM,"NaN"))) -> NaN | FC4: =IF(_xlfn.XLOOKUP($A4,TabCAT!$A:$A,TabCAT!BN:BN,"NaN")="","NaN",(_xlfn.XLOOKUP($A4,TabCAT!$A:$A,TabCAT!BN:BN,"NaN"))) -> NaN | FD4: =IF(_xlfn.XLOOKUP($A4,TabCAT!$A:$A,TabCAT!BO:BO,"NaN")="","NaN",(_xlfn.XLOOKUP($A4,TabCAT!$A:$A,TabCAT!BO:BO,"NaN"))) -> NaN | FE4: =IF(_xlfn.XLOOKUP($A4,TabCAT!$A:$A,TabCAT!BP:BP,"NaN")="","NaN",(_xlfn.XLOOKUP($A4,TabCAT!$A:$A,TabCAT!BP:BP,"NaN"))) -> NaN | FF4: =IF(_xlfn.XLOOKUP($A4,TabCAT!$A:$A,TabCAT!BQ:BQ,"NaN")="","NaN",(_xlfn.XLOOKUP($A4,TabCAT!$A:$A,TabCAT!BQ:BQ,"NaN"))) -> NaN | FG4: =IF(_xlfn.XLOOKUP($A4,TabCAT!$A:$A,TabCAT!BR:BR,"NaN")="","NaN",(_xlfn.XLOOKUP($A4,TabCAT!$A:$A,TabCAT!BR:BR,"NaN"))) -> NaN | FH4: =IF(_xlfn.XLOOKUP($A4,TabCAT!$A:$A,TabCAT!BS:BS,"NaN")="","NaN",(_xlfn.XLOOKUP($A4,TabCAT!$A:$A,TabCAT!BS:BS,"NaN"))) -> NaN | FI4: =IF(_xlfn.XLOOKUP($A4,TabCAT!$A:$A,TabCAT!BT:BT,"NaN")="","NaN",(_xlfn.XLOOKUP($A4,TabCAT!$A:$A,TabCAT!BT:BT,"NaN"))) -> NaN | FJ4: =IF(_xlfn.XLOOKUP($A4,TabCAT!$A:$A,TabCAT!BU:BU,"NaN")="","NaN",(_xlfn.XLOOKUP($A4,TabCAT!$A:$A,TabCAT!BU:BU,"NaN"))) -> NaN | FK4: =IF(_xlfn.XLOOKUP($A4,TabCAT!$A:$A,TabCAT!BV:BV,"NaN")="","NaN",(_xlfn.XLOOKUP($A4,TabCAT!$A:$A,TabCAT!BV:BV,"NaN"))) -> NaN | FL4: =IF(_xlfn.XLOOKUP($A4,TabCAT!$A:$A,TabCAT!BW:BW,"NaN")="","NaN",(_xlfn.XLOOKUP($A4,TabCAT!$A:$A,TabCAT!BW:BW,"NaN"))) -> NaN | FM4: =IF(_xlfn.XLOOKUP($A4,TabCAT!$A:$A,TabCAT!BX:BX,"NaN")="","NaN",(_xlfn.XLOOKUP($A4,TabCAT!$A:$A,TabCAT!BX:BX,"NaN"))) -> NaN | FN4: =IF(_xlfn.XLOOKUP($A4,TabCAT!$A:$A,TabCAT!BY:BY,"NaN")="","NaN",(_xlfn.XLOOKUP($A4,TabCAT!$A:$A,TabCAT!BY:BY,"NaN"))) -> NaN | FO4: =IF(_xlfn.XLOOKUP($A4,TabCAT!$A:$A,TabCAT!BZ:BZ,"NaN")="","NaN",(_xlfn.XLOOKUP($A4,TabCAT!$A:$A,TabCAT!BZ:BZ,"NaN"))) -> NaN | FP4: =IF(_xlfn.XLOOKUP($A4,TabCAT!$A:$A,TabCAT!CA:CA,"NaN")="","NaN",(_xlfn.XLOOKUP($A4,TabCAT!$A:$A,TabCAT!CA:CA,"NaN"))) -> NaN | FQ4: =IF(_xlfn.XLOOKUP($A4,TabCAT!$A:$A,TabCAT!CB:CB,"NaN")="","NaN",(_xlfn.XLOOKUP($A4,TabCAT!$A:$A,TabCAT!CB:CB,"NaN"))) -> NaN | FR4: =IF(_xlfn.XLOOKUP($A4,TabCAT!$A:$A,TabCAT!CC:CC,"NaN")="","NaN",(_xlfn.XLOOKUP($A4,TabCAT!$A:$A,TabCAT!CC:CC,"NaN"))) -> NaN | FS4: =IF(_xlfn.XLOOKUP($A4,TabCAT!$A:$A,TabCAT!CD:CD,"NaN")="","NaN",(_xlfn.XLOOKUP($A4,TabCAT!$A:$A,TabCAT!CD:CD,"NaN"))) -> NaN | FT4: =IF(_xlfn.XLOOKUP($A4,TabCAT!$A:$A,TabCAT!CE:CE,"NaN")="","NaN",(_xlfn.XLOOKUP($A4,TabCAT!$A:$A,TabCAT!CE:CE,"NaN"))) -> NaN | FU4: =IF(_xlfn.XLOOKUP($A4,TabCAT!$A:$A,TabCAT!CF:CF,"NaN")="","NaN",(_xlfn.XLOOKUP($A4,TabCAT!$A:$A,TabCAT!CF:CF,"NaN"))) -> NaN | FV4: =IF(_xlfn.XLOOKUP($A4,TabCAT!$A:$A,TabCAT!CG:CG,"NaN")="","NaN",(_xlfn.XLOOKUP($A4,TabCAT!$A:$A,TabCAT!CG:CG,"NaN"))) -> NaN | FW4: =IF(_xlfn.XLOOKUP($A4,TabCAT!$A:$A,TabCAT!CH:CH,"NaN")="","NaN",(_xlfn.XLOOKUP($A4,TabCAT!$A:$A,TabCAT!CH:CH,"NaN"))) -> NaN | FX4: =IF(_xlfn.XLOOKUP($A4,TabCAT!$A:$A,TabCAT!CI:CI,"NaN")="","NaN",(_xlfn.XLOOKUP($A4,TabCAT!$A:$A,TabCAT!CI:CI,"NaN"))) -> NaN | FY4: =IF(_xlfn.XLOOKUP($A4,TabCAT!$A:$A,TabCAT!CJ:CJ,"NaN")="","NaN",(_xlfn.XLOOKUP($A4,TabCAT!$A:$A,TabCAT!CJ:CJ,"NaN"))) -> NaN | FZ4: =IF(_xlfn.XLOOKUP($A4,TabCAT!$A:$A,TabCAT!CK:CK,"NaN")="","NaN",(_xlfn.XLOOKUP($A4,TabCAT!$A:$A,TabCAT!CK:CK,"NaN"))) -> NaN | GA4: =IF(_xlfn.XLOOKUP($A4,TabCAT!$A:$A,TabCAT!CL:CL,"NaN")="","NaN",(_xlfn.XLOOKUP($A4,TabCAT!$A:$A,TabCAT!CL:CL,"NaN"))) -> NaN | GB4: =IF(_xlfn.XLOOKUP($A4,TabCAT!$A:$A,TabCAT!CM:CM,"NaN")="","NaN",(_xlfn.XLOOKUP($A4,TabCAT!$A:$A,TabCAT!CM:CM,"NaN"))) -> NaN | GC4: =IF(_xlfn.XLOOKUP($A4,TabCAT!$A:$A,TabCAT!CN:CN,"NaN")="","NaN",(_xlfn.XLOOKUP($A4,TabCAT!$A:$A,TabCAT!CN:CN,"NaN"))) -> NaN | GD4: =IF(_xlfn.XLOOKUP($A4,TabCAT!$A:$A,TabCAT!CO:CO,"NaN")="","NaN",(_xlfn.XLOOKUP($A4,TabCAT!$A:$A,TabCAT!CO:CO,"NaN"))) -> NaN | GE4: =IF(_xlfn.XLOOKUP($A4,TabCAT!$A:$A,TabCAT!CP:CP,"NaN")="","NaN",(_xlfn.XLOOKUP($A4,TabCAT!$A:$A,TabCAT!CP:CP,"NaN"))) -> NaN | GF4: =IF(_xlfn.XLOOKUP($A4,TabCAT!$A:$A,TabCAT!CQ:CQ,"NaN")="","NaN",(_xlfn.XLOOKUP($A4,TabCAT!$A:$A,TabCAT!CQ:CQ,"NaN"))) -> NaN | GG4: =IF(_xlfn.XLOOKUP($A4,TabCAT!$A:$A,TabCAT!CR:CR,"NaN")="","NaN",(_xlfn.XLOOKUP($A4,TabCAT!$A:$A,TabCAT!CR:CR,"NaN"))) -> NaN | GH4: =IF(_xlfn.XLOOKUP($A4,TabCAT!$A:$A,TabCAT!CS:CS,"NaN")="","NaN",(_xlfn.XLOOKUP($A4,TabCAT!$A:$A,TabCAT!CS:CS,"NaN"))) -> NaN
A5: 10402 | B5: =_xlfn.XLOOKUP(bippity_poppity_boo!A5,rf1_data!A:A,rf1_data!B:B) -> 20286 | C5: =(_xlfn.XLOOKUP($A5,trust!$A:$A,trust!B:B,"NaN")) -> 3.714286 | D5: =(_xlfn.XLOOKUP($A5,trust!$A:$A,trust!C:C,"NaN")) -> 3.166667 | E5: =(_xlfn.XLOOKUP($A5,trust!$A:$A,trust!D:D,"NaN")) -> 4.153846 | F5: =(_xlfn.XLOOKUP($A5,trust!$A:$A,trust!E:E,"NaN")) -> 4.857143 | G5: =(_xlfn.XLOOKUP($A5,trust!$A:$A,trust!F:F,"NaN")) -> 4 | H5: =(_xlfn.XLOOKUP($A5,trust!$A:$A,trust!G:G,"NaN")) -> 5.384615 | I5: =IF(_xlfn.XLOOKUP($B5,island_data!$B:$B,island_data!C:C,"NaN")="","NaN",_xlfn.XLOOKUP($B5,island_data!$B:$B,island_data!C:C,"NaN")) -> 45105 | J5: =IF(_xlfn.XLOOKUP($B5,island_data!$B:$B,island_data!D:D,"NaN")="","NaN",_xlfn.XLOOKUP($B5,island_data!$B:$B,island_data!D:D,"NaN")) -> 31748 | K5: =IF(_xlfn.XLOOKUP($B5,island_data!$B:$B,island_data!E:E,"NaN")="","NaN",_xlfn.XLOOKUP($B5,island_data!$B:$B,island_data!E:E,"NaN")) -> 36.57 | L5: =IF(_xlfn.XLOOKUP($B5,rf1_data!$B:$B,rf1_data!D:D,"NaN")="","NaN",(_xlfn.XLOOKUP($B5,rf1_data!$B:$B,rf1_data!D:D,"NaN"))) -> 35.94 | M5: =IF(_xlfn.XLOOKUP($B5,rf1_data!$B:$B,rf1_data!E:E,"NaN")="","NaN",(_xlfn.XLOOKUP($B5,rf1_data!$B:$B,rf1_data!E:E,"NaN"))) -> Black or African American | N5: =IF(_xlfn.XLOOKUP($B5,rf1_data!$B:$B,rf1_data!F:F,"NaN")="","NaN",(_xlfn.XLOOKUP($B5,rf1_data!$B:$B,rf1_data!F:F,"NaN"))) -> Not Hispanic or Latino | O5: =IF(_xlfn.XLOOKUP($B5,rf1_data!$B:$B,rf1_data!G:G,"NaN")="","NaN",(_xlfn.XLOOKUP($B5,rf1_data!$B:$B,rf1_data!G:G,"NaN"))) -> Male | P5: =IF(_xlfn.XLOOKUP($B5,rf1_data!$B:$B,rf1_data!H:H,"NaN")="","NaN",(_xlfn.XLOOKUP($B5,rf1_data!$B:$B,rf1_data!H:H,"NaN"))) -> 3.56 | Q5: =IF(_xlfn.XLOOKUP($B5,rf1_data!$B:$B,rf1_data!I:I,"NaN")="","NaN",(_xlfn.XLOOKUP($B5,rf1_data!$B:$B,rf1_data!I:I,"NaN"))) -> 2.67 | R5: =IF(_xlfn.XLOOKUP($B5,rf1_data!$B:$B,rf1_data!J:J,"NaN")="","NaN",(_xlfn.XLOOKUP($B5,rf1_data!$B:$B,rf1_data!J:J,"NaN"))) -> 4 | S5: =IF(_xlfn.XLOOKUP($B5,rf1_data!$B:$B,rf1_data!K:K,"NaN")="","NaN",(_xlfn.XLOOKUP($B5,rf1_data!$B:$B,rf1_data!K:K,"NaN"))) -> 6 | T5: =IF(_xlfn.XLOOKUP($B5,rf1_data!$B:$B,rf1_data!L:L,"NaN")="","NaN",(_xlfn.XLOOKUP($B5,rf1_data!$B:$B,rf1_data!L:L,"NaN"))) -> 0 | U5: =IF(_xlfn.XLOOKUP($B5,rf1_data!$B:$B,rf1_data!M:M,"NaN")="","NaN",(_xlfn.XLOOKUP($B5,rf1_data!$B:$B,rf1_data!M:M,"NaN"))) -> NaN | V5: =IF(_xlfn.XLOOKUP($B5,rf1_data!$B:$B,rf1_data!N:N,"NaN")="","NaN",(_xlfn.XLOOKUP($B5,rf1_data!$B:$B,rf1_data!N:N,"NaN"))) -> NaN | W5: =IF(_xlfn.XLOOKUP($B5,rf1_data!$B:$B,rf1_data!O:O,"NaN")="","NaN",(_xlfn.XLOOKUP($B5,rf1_data!$B:$B,rf1_data!O:O,"NaN"))) -> NaN | X5: =IF(_xlfn.XLOOKUP($B5,rf1_data!$B:$B,rf1_data!P:P,"NaN")="","NaN",(_xlfn.XLOOKUP($B5,rf1_data!$B:$B,rf1_data!P:P,"NaN"))) -> NaN | Y5: =IF(_xlfn.XLOOKUP($B5,rf1_data!$B:$B,rf1_data!Q:Q,"NaN")="","NaN",(_xlfn.XLOOKUP($B5,rf1_data!$B:$B,rf1_data!Q:Q,"NaN"))) -> NaN | Z5: =IF(_xlfn.XLOOKUP($B5,rf1_data!$B:$B,rf1_data!R:R,"NaN")="","NaN",(_xlfn.XLOOKUP($B5,rf1_data!$B:$B,rf1_data!R:R,"NaN"))) -> 10 | AA5: =IF(_xlfn.XLOOKUP($B5,rf1_data!$B:$B,rf1_data!S:S,"NaN")="","NaN",(_xlfn.XLOOKUP($B5,rf1_data!$B:$B,rf1_data!S:S,"NaN"))) -> 0 | AB5: =IF(_xlfn.XLOOKUP($B5,rf1_data!$B:$B,rf1_data!T:T,"NaN")="","NaN",(_xlfn.XLOOKUP($B5,rf1_data!$B:$B,rf1_data!T:T,"NaN"))) -> 8 | AC5: =IF(_xlfn.XLOOKUP($B5,rf1_data!$B:$B,rf1_data!U:U,"NaN")="","NaN",(_xlfn.XLOOKUP($B5,rf1_data!$B:$B,rf1_data!U:U,"NaN"))) -> 0 | AD5: =IF(_xlfn.XLOOKUP($B5,rf1_data!$B:$B,rf1_data!V:V,"NaN")="","NaN",(_xlfn.XLOOKUP($B5,rf1_data!$B:$B,rf1_data!V:V,"NaN"))) -> 2 | AE5: =IF(_xlfn.XLOOKUP($B5,rf1_data!$B:$B,rf1_data!W:W,"NaN")="","NaN",(_xlfn.XLOOKUP($B5,rf1_data!$B:$B,rf1_data!W:W,"NaN"))) -> 5 | AF5: =IF(_xlfn.XLOOKUP($B5,rf1_data!$B:$B,rf1_data!X:X,"NaN")="","NaN",(_xlfn.XLOOKUP($B5,rf1_data!$B:$B,rf1_data!X:X,"NaN"))) -> 6 | AG5: =IF(_xlfn.XLOOKUP($B5,rf1_data!$B:$B,rf1_data!Y:Y,"NaN")="","NaN",(_xlfn.XLOOKUP($B5,rf1_data!$B:$B,rf1_data!Y:Y,"NaN"))) -> 8 | AH5: =IF(_xlfn.XLOOKUP($B5,rf1_data!$B:$B,rf1_data!Z:Z,"NaN")="","NaN",(_xlfn.XLOOKUP($B5,rf1_data!$B:$B,rf1_data!Z:Z,"NaN"))) -> 4 | AI5: =IF(_xlfn.XLOOKUP($B5,rf1_data!$B:$B,rf1_data!AA:AA,"NaN")="","NaN",(_xlfn.XLOOKUP($B5,rf1_data!$B:$B,rf1_data!AA:AA,"NaN"))) -> 3 | AJ5: =IF(_xlfn.XLOOKUP($B5,rf1_data!$B:$B,rf1_data!AB:AB,"NaN")="","NaN",(_xlfn.XLOOKUP($B5,rf1_data!$B:$B,rf1_data!AB:AB,"NaN"))) -> 26 | AK5: =IF(_xlfn.XLOOKUP($B5,rf1_data!$B:$B,rf1_data!AC:AC,"NaN")="","NaN",(_xlfn.XLOOKUP($B5,rf1_data!$B:$B,rf1_data!AC:AC,"NaN"))) -> 22 | AL5: =IF(_xlfn.XLOOKUP($B5,rf1_data!$B:$B,rf1_data!AD:AD,"NaN")="","NaN",(_xlfn.XLOOKUP($B5,rf1_data!$B:$B,rf1_data!AD:AD,"NaN"))) -> 14 | AM5: =IF(_xlfn.XLOOKUP($B5,rf1_data!$B:$B,rf1_data!AE:AE,"NaN")="","NaN",(_xlfn.XLOOKUP($B5,rf1_data!$B:$B,rf1_data!AE:AE,"NaN"))) -> 1 | AN5: =IF(_xlfn.XLOOKUP($B5,rf1_data!$B:$B,rf1_data!AF:AF,"NaN")="","NaN",(_xlfn.XLOOKUP($B5,rf1_data!$B:$B,rf1_data!AF:AF,"NaN"))) -> 0 | AO5: =IF(_xlfn.XLOOKUP($B5,rf1_data!$B:$B,rf1_data!AG:AG,"NaN")="","NaN",(_xlfn.XLOOKUP($B5,rf1_data!$B:$B,rf1_data!AG:AG,"NaN"))) -> NaN | AP5: =IF(_xlfn.XLOOKUP($B5,rf1_data!$B:$B,rf1_data!AH:AH,"NaN")="","NaN",(_xlfn.XLOOKUP($B5,rf1_data!$B:$B,rf1_data!AH:AH,"NaN"))) -> NaN | AQ5: =IF(_xlfn.XLOOKUP($B5,rf1_data!$B:$B,rf1_data!AI:AI,"NaN")="","NaN",(_xlfn.XLOOKUP($B5,rf1_data!$B:$B,rf1_data!AI:AI,"NaN"))) -> NaN | AR5: =IF(_xlfn.XLOOKUP($B5,rf1_data!$B:$B,rf1_data!AJ:AJ,"NaN")="","NaN",(_xlfn.XLOOKUP($B5,rf1_data!$B:$B,rf1_data!AJ:AJ,"NaN"))) -> NaN | AS5: =IF(_xlfn.XLOOKUP($B5,rf1_data!$B:$B,rf1_data!AK:AK,"NaN")="","NaN",(_xlfn.XLOOKUP($B5,rf1_data!$B:$B,rf1_data!AK:AK,"NaN"))) -> 2.8 | AT5: =IF(_xlfn.XLOOKUP($B5,rf1_data!$B:$B,rf1_data!AL:AL,"NaN")="","NaN",(_xlfn.XLOOKUP($B5,rf1_data!$B:$B,rf1_data!AL:AL,"NaN"))) -> 22 | AU5: =IF(_xlfn.XLOOKUP($B5,rf1_data!$B:$B,rf1_data!AM:AM,"NaN")="","NaN",(_xlfn.XLOOKUP($B5,rf1_data!$B:$B,rf1_data!AM:AM,"NaN"))) -> 4.42 | AV5: =IF(_xlfn.XLOOKUP($B5,rf1_data!$B:$B,rf1_data!AN:AN,"NaN")="","NaN",(_xlfn.XLOOKUP($B5,rf1_data!$B:$B,rf1_data!AN:AN,"NaN"))) -> 2 | AW5: =IF(_xlfn.XLOOKUP($B5,rf1_data!$B:$B,rf1_data!AO:AO,"NaN")="","NaN",(_xlfn.XLOOKUP($B5,rf1_data!$B:$B,rf1_data!AO:AO,"NaN"))) -> NaN | AX5: =IF(_xlfn.XLOOKUP($B5,rf1_data!$B:$B,rf1_data!AP:AP,"NaN")="","NaN",(_xlfn.XLOOKUP($B5,rf1_data!$B:$B,rf1_data!AP:AP,"NaN"))) -> 3.71 | AY5: =IF(_xlfn.XLOOKUP($B5,rf1_data!$B:$B,rf1_data!AQ:AQ,"NaN")="","NaN",(_xlfn.XLOOKUP($B5,rf1_data!$B:$B,rf1_data!AQ:AQ,"NaN"))) -> 104 | AZ5: =IF(_xlfn.XLOOKUP($B5,rf1_data!$B:$B,rf1_data!AR:AR,"NaN")="","NaN",(_xlfn.XLOOKUP($B5,rf1_data!$B:$B,rf1_data!AR:AR,"NaN"))) -> NaN | BA5: =IF(_xlfn.XLOOKUP($B5,rf1_data!$B:$B,rf1_data!AS:AS,"NaN")="","NaN",(_xlfn.XLOOKUP($B5,rf1_data!$B:$B,rf1_data!AS:AS,"NaN"))) -> NaN | BB5: =IF(_xlfn.XLOOKUP($B5,rf1_data!$B:$B,rf1_data!AT:AT,"NaN")="","NaN",(_xlfn.XLOOKUP($B5,rf1_data!$B:$B,rf1_data!AT:AT,"NaN"))) -> NaN | BC5: =IF(_xlfn.XLOOKUP($B5,rf1_data!$B:$B,rf1_data!AU:AU,"NaN")="","NaN",(_xlfn.XLOOKUP($B5,rf1_data!$B:$B,rf1_data!AU:AU,"NaN"))) -> NaN | BD5: =IF(_xlfn.XLOOKUP($B5,rf1_data!$B:$B,rf1_data!AV:AV,"NaN")="","NaN",(_xlfn.XLOOKUP($B5,rf1_data!$B:$B,rf1_data!AV:AV,"NaN"))) -> NaN | BE5: =IF(_xlfn.XLOOKUP($B5,rf1_data!$B:$B,rf1_data!AW:AW,"NaN")="","NaN",(_xlfn.XLOOKUP($B5,rf1_data!$B:$B,rf1_data!AW:AW,"NaN"))) -> NaN | BF5: =IF(_xlfn.XLOOKUP($B5,rf1_data!$B:$B,rf1_data!AX:AX,"NaN")="","NaN",(_xlfn.XLOOKUP($B5,rf1_data!$B:$B,rf1_data!AX:AX,"NaN"))) -> NaN | BG5: =IF(_xlfn.XLOOKUP($B5,rf1_data!$B:$B,rf1_data!AY:AY,"NaN")="","NaN",(_xlfn.XLOOKUP($B5,rf1_data!$B:$B,rf1_data!AY:AY,"NaN"))) -> NaN | BH5: =IF(_xlfn.XLOOKUP($B5,rf1_data!$B:$B,rf1_data!AZ:AZ,"NaN")="","NaN",(_xlfn.XLOOKUP($B5,rf1_data!$B:$B,rf1_data!AZ:AZ,"NaN"))) -> NaN | BI5: =IF(_xlfn.XLOOKUP($B5,rf1_data!$B:$B,rf1_data!BA:BA,"NaN")="","NaN",(_xlfn.XLOOKUP($B5,rf1_data!$B:$B,rf1_data!BA:BA,"NaN"))) -> 20 | BJ5: =IF(_xlfn.XLOOKUP($B5,rf1_data!$B:$B,rf1_data!BB:BB,"NaN")="","NaN",(_xlfn.XLOOKUP($B5,rf1_data!$B:$B,rf1_data!BB:BB,"NaN"))) -> NaN | BK5: =IF(_xlfn.XLOOKUP($B5,rf1_data!$B:$B,rf1_data!BC:BC,"NaN")="","NaN",(_xlfn.XLOOKUP($B5,rf1_data!$B:$B,rf1_data!BC:BC,"NaN"))) -> NaN | BL5: =IF(_xlfn.XLOOKUP($B5,rf1_data!$B:$B,rf1_data!BD:BD,"NaN")="","NaN",(_xlfn.XLOOKUP($B5,rf1_data!$B:$B,rf1_data!BD:BD,"NaN"))) -> NaN | BM5: =IF(_xlfn.XLOOKUP($B5,rf1_data!$B:$B,rf1_data!BE:BE,"NaN")="","NaN",(_xlfn.XLOOKUP($B5,rf1_data!$B:$B,rf1_data!BE:BE,"NaN"))) -> NaN | BN5: =IF(_xlfn.XLOOKUP($B5,rf1_data!$B:$B,rf1_data!BF:BF,"NaN")="","NaN",(_xlfn.XLOOKUP($B5,rf1_data!$B:$B,rf1_data!BF:BF,"NaN"))) -> NaN | BO5: =IF(_xlfn.XLOOKUP($B5,rf1_data!$B:$B,rf1_data!BG:BG,"NaN")="","NaN",(_xlfn.XLOOKUP($B5,rf1_data!$B:$B,rf1_data!BG:BG,"NaN"))) -> NaN | BP5: =IF(_xlfn.XLOOKUP($B5,rf1_data!$B:$B,rf1_data!BH:BH,"NaN")="","NaN",(_xlfn.XLOOKUP($B5,rf1_data!$B:$B,rf1_data!BH:BH,"NaN"))) -> NaN | BQ5: =IF(_xlfn.XLOOKUP($B5,rf1_data!$B:$B,rf1_data!BI:BI,"NaN")="","NaN",(_xlfn.XLOOKUP($B5,rf1_data!$B:$B,rf1_data!BI:BI,"NaN"))) -> NaN | BR5: =IF(_xlfn.XLOOKUP($B5,rf1_data!$B:$B,rf1_data!BJ:BJ,"NaN")="","NaN",(_xlfn.XLOOKUP($B5,rf1_data!$B:$B,rf1_data!BJ:BJ,"NaN"))) -> 8991 | BS5: =IF(_xlfn.XLOOKUP($B5,rf1_data!$B:$B,rf1_data!BK:BK,"NaN")="","NaN",(_xlfn.XLOOKUP($B5,rf1_data!$B:$B,rf1_data!BK:BK,"NaN"))) -> NaN | BT5: =IF(_xlfn.XLOOKUP($B5,rf1_data!$B:$B,rf1_data!BL:BL,"NaN")="","NaN",(_xlfn.XLOOKUP($B5,rf1_data!$B:$B,rf1_data!BL:BL,"NaN"))) -> NaN | BU5: =IF(_xlfn.XLOOKUP($B5,rf1_data!$B:$B,rf1_data!BM:BM,"NaN")="","NaN",(_xlfn.XLOOKUP($B5,rf1_data!$B:$B,rf1_data!BM:BM,"NaN"))) -> NaN | BV5: =IF(_xlfn.XLOOKUP($B5,rf1_data!$B:$B,rf1_data!BN:BN,"NaN")="","NaN",(_xlfn.XLOOKUP($B5,rf1_data!$B:$B,rf1_data!BN:BN,"NaN"))) -> NaN | BW5: =IF(_xlfn.XLOOKUP($B5,rf1_data!$B:$B,rf1_data!BO:BO,"NaN")="","NaN",(_xlfn.XLOOKUP($B5,rf1_data!$B:$B,rf1_data!BO:BO,"NaN"))) -> 3.1 | BX5: =IF(_xlfn.XLOOKUP($B5,rf1_data!$B:$B,rf1_data!BP:BP,"NaN")="","NaN",(_xlfn.XLOOKUP($B5,rf1_data!$B:$B,rf1_data!BP:BP,"NaN"))) -> 4 | BY5: =IF(_xlfn.XLOOKUP($B5,rf1_data!$B:$B,rf1_data!BQ:BQ,"NaN")="","NaN",(_xlfn.XLOOKUP($B5,rf1_data!$B:$B,rf1_data!BQ:BQ,"NaN"))) -> 3.5 | BZ5: =IF(_xlfn.XLOOKUP($B5,rf1_data!$B:$B,rf1_data!BR:BR,"NaN")="","NaN",(_xlfn.XLOOKUP($B5,rf1_data!$B:$B,rf1_data!BR:BR,"NaN"))) -> 3.53 | CA5: =IF(_xlfn.XLOOKUP($B5,rf1_data!$B:$B,rf1_data!BS:BS,"NaN")="","NaN",(_xlfn.XLOOKUP($B5,rf1_data!$B:$B,rf1_data!BS:BS,"NaN"))) -> 6 | CB5: =IF(_xlfn.XLOOKUP($B5,rf1_data!$B:$B,rf1_data!BT:BT,"NaN")="","NaN",(_xlfn.XLOOKUP($B5,rf1_data!$B:$B,rf1_data!BT:BT,"NaN"))) -> 5.1666667 | CC5: =IF(_xlfn.XLOOKUP($B5,rf1_data!$B:$B,rf1_data!BU:BU,"NaN")="","NaN",(_xlfn.XLOOKUP($B5,rf1_data!$B:$B,rf1_data!BU:BU,"NaN"))) -> 6 | CD5: =IF(_xlfn.XLOOKUP($B5,rf1_data!$B:$B,rf1_data!BV:BV,"NaN")="","NaN",(_xlfn.XLOOKUP($B5,rf1_data!$B:$B,rf1_data!BV:BV,"NaN"))) -> 6 | CE5: =IF(_xlfn.XLOOKUP($B5,rf1_data!$B:$B,rf1_data!BW:BW,"NaN")="","NaN",(_xlfn.XLOOKUP($B5,rf1_data!$B:$B,rf1_data!BW:BW,"NaN"))) -> 2.05 | CF5: =IF(_xlfn.XLOOKUP($B5,rf1_data!$B:$B,rf1_data!BX:BX,"NaN")="","NaN",(_xlfn.XLOOKUP($B5,rf1_data!$B:$B,rf1_data!BX:BX,"NaN"))) -> 2 | CG5: =IF(_xlfn.XLOOKUP($B5,rf1_data!$B:$B,rf1_data!BY:BY,"NaN")="","NaN",(_xlfn.XLOOKUP($B5,rf1_data!$B:$B,rf1_data!BY:BY,"NaN"))) -> 0 | CH5: =IF(_xlfn.XLOOKUP($B5,rf1_data!$B:$B,rf1_data!BZ:BZ,"NaN")="","NaN",(_xlfn.XLOOKUP($B5,rf1_data!$B:$B,rf1_data!BZ:BZ,"NaN"))) -> 28 | CI5: =IF(_xlfn.XLOOKUP($B5,rf1_data!$B:$B,rf1_data!CA:CA,"NaN")="","NaN",(_xlfn.XLOOKUP($B5,rf1_data!$B:$B,rf1_data!CA:CA,"NaN"))) -> 18 | CJ5: =IF(_xlfn.XLOOKUP($B5,rf1_data!$B:$B,rf1_data!CB:CB,"NaN")="","NaN",(_xlfn.XLOOKUP($B5,rf1_data!$B:$B,rf1_data!CB:CB,"NaN"))) -> 10 | CK5: =IF(_xlfn.XLOOKUP($B5,rf1_data!$B:$B,rf1_data!CC:CC,"NaN")="","NaN",(_xlfn.XLOOKUP($B5,rf1_data!$B:$B,rf1_data!CC:CC,"NaN"))) -> 1 | CL5: =IF(_xlfn.XLOOKUP($B5,rf1_data!$B:$B,rf1_data!CD:CD,"NaN")=0,"NaN",(_xlfn.XLOOKUP($B5,rf1_data!$B:$B,rf1_data!CD:CD,"NaN"))) -> 38 | CM5: =IF(_xlfn.XLOOKUP($B5,rf1_data!$B:$B,rf1_data!CE:CE,"NaN")="","NaN",(_xlfn.XLOOKUP($B5,rf1_data!$B:$B,rf1_data!CE:CE,"NaN"))) -> 31 | CN5: =IF(_xlfn.XLOOKUP($B5,rf1_data!$B:$B,rf1_data!CF:CF,"NaN")="","NaN",(_xlfn.XLOOKUP($B5,rf1_data!$B:$B,rf1_data!CF:CF,"NaN"))) -> 41 | CO5: =IF(_xlfn.XLOOKUP($B5,rf1_data!$B:$B,rf1_data!CG:CG,"NaN")="","NaN",(_xlfn.XLOOKUP($B5,rf1_data!$B:$B,rf1_data!CG:CG,"NaN"))) -> 19 | CP5: =IF(_xlfn.XLOOKUP($B5,rf1_data!$B:$B,rf1_data!CH:CH,"NaN")=0,"NaN",(_xlfn.XLOOKUP($B5,rf1_data!$B:$B,rf1_data!CH:CH,"NaN"))) -> 35 | CQ5: =IF(_xlfn.XLOOKUP($B5,rf1_data!$B:$B,rf1_data!CI:CI,"NaN")="","NaN",(_xlfn.XLOOKUP($B5,rf1_data!$B:$B,rf1_data!CI:CI,"NaN"))) -> 44 | CR5: =IF(_xlfn.XLOOKUP($B5,rf1_data!$B:$B,rf1_data!CJ:CJ,"NaN")="","NaN",(_xlfn.XLOOKUP($B5,rf1_data!$B:$B,rf1_data!CJ:CJ,"NaN"))) -> 60 | CS5: =IF(_xlfn.XLOOKUP($B5,rf1_data!$B:$B,rf1_data!CK:CK,"NaN")="","NaN",(_xlfn.XLOOKUP($B5,rf1_data!$B:$B,rf1_data!CK:CK,"NaN"))) -> 36 | CT5: =IF(_xlfn.XLOOKUP($B5,rf1_data!$B:$B,rf1_data!CL:CL,"NaN")="","NaN",(_xlfn.XLOOKUP($B5,rf1_data!$B:$B,rf1_data!CL:CL,"NaN"))) -> 60 | CU5: =IF(_xlfn.XLOOKUP($B5,rf1_data!$B:$B,rf1_data!CM:CM,"NaN")="","NaN",(_xlfn.XLOOKUP($B5,rf1_data!$B:$B,rf1_data!CM:CM,"NaN"))) -> 41 | CV5: =IF(_xlfn.XLOOKUP($B5,rf1_data!$B:$B,rf1_data!CN:CN,"NaN")="","NaN",(_xlfn.XLOOKUP($B5,rf1_data!$B:$B,rf1_data!CN:CN,"NaN"))) -> 60 | CW5: =IF(_xlfn.XLOOKUP($B5,rf1_data!$B:$B,rf1_data!CO:CO,"NaN")="","NaN",(_xlfn.XLOOKUP($B5,rf1_data!$B:$B,rf1_data!CO:CO,"NaN"))) -> NaN | CX5: =IF(_xlfn.XLOOKUP($B5,rf1_data!$B:$B,rf1_data!CP:CP,"NaN")="","NaN",(_xlfn.XLOOKUP($B5,rf1_data!$B:$B,rf1_data!CP:CP,"NaN"))) -> NaN | CY5: =IF(_xlfn.XLOOKUP($B5,rf1_data!$B:$B,rf1_data!CQ:CQ,"NaN")="","NaN",(_xlfn.XLOOKUP($B5,rf1_data!$B:$B,rf1_data!CQ:CQ,"NaN"))) -> 4 | CZ5: =IF(_xlfn.XLOOKUP($B5,rf1_data!$B:$B,rf1_data!CR:CR,"NaN")="","NaN",(_xlfn.XLOOKUP($B5,rf1_data!$B:$B,rf1_data!CR:CR,"NaN"))) -> 5 | DA5: =IF(_xlfn.XLOOKUP($B5,rf1_data!$B:$B,rf1_data!CS:CS,"NaN")="","NaN",(_xlfn.XLOOKUP($B5,rf1_data!$B:$B,rf1_data!CS:CS,"NaN"))) -> 2 | DB5: =IF(_xlfn.XLOOKUP($B5,island_data!$B:$B,island_data!H:H,"NaN")="","NaN",_xlfn.XLOOKUP($B5,island_data!$B:$B,island_data!H:H,"NaN")) -> 3 | DC5: =IF(_xlfn.XLOOKUP($B5,island_data!$B:$B,island_data!I:I,"NaN")="","NaN",_xlfn.XLOOKUP($B5,island_data!$B:$B,island_data!I:I,"NaN")) -> 2 | DD5: =IF(_xlfn.XLOOKUP($B5,island_data!$B:$B,island_data!J:J,"NaN")="","NaN",_xlfn.XLOOKUP($B5,island_data!$B:$B,island_data!J:J,"NaN")) -> 2 | DE5: =IF(_xlfn.XLOOKUP($B5,island_data!$B:$B,island_data!K:K,"NaN")="","NaN",_xlfn.XLOOKUP($B5,island_data!$B:$B,island_data!K:K,"NaN")) -> NaN | DF5: =IF(_xlfn.XLOOKUP($B5,island_data!$B:$B,island_data!L:L,"NaN")="","NaN",_xlfn.XLOOKUP($B5,island_data!$B:$B,island_data!L:L,"NaN")) -> 28 | DG5: =IF(_xlfn.XLOOKUP($B5,island_data!$B:$B,island_data!M:M,"NaN")="","NaN",_xlfn.XLOOKUP($B5,island_data!$B:$B,island_data!M:M,"NaN")) -> 2 | DH5: =IF(_xlfn.XLOOKUP($B5,island_data!$B:$B,island_data!N:N,"NaN")="","NaN",_xlfn.XLOOKUP($B5,island_data!$B:$B,island_data!N:N,"NaN")) -> 3 | DI5: =IF(_xlfn.XLOOKUP($B5,island_data!$B:$B,island_data!O:O,"NaN")=999,"NaN",_xlfn.XLOOKUP($B5,island_data!$B:$B,island_data!O:O,"NaN")) -> NaN | DJ5: =IF(_xlfn.XLOOKUP($B5,island_data!$B:$B,island_data!P:P,"NaN")="","NaN",_xlfn.XLOOKUP($B5,island_data!$B:$B,island_data!P:P,"NaN")) -> 8 | DK5: =IF(_xlfn.XLOOKUP($B5,island_data!$B:$B,island_data!Q:Q,"NaN")="","NaN",_xlfn.XLOOKUP($B5,island_data!$B:$B,island_data!Q:Q,"NaN")) -> 0 | DL5: =IF(_xlfn.XLOOKUP($B5,island_data!$B:$B,island_data!R:R,"NaN")=999,"NaN",_xlfn.XLOOKUP($B5,island_data!$B:$B,island_data!R:R,"NaN")) -> NaN | DM5: =IF(_xlfn.XLOOKUP($B5,island_data!$B:$B,island_data!S:S,"NaN")="","NaN",_xlfn.XLOOKUP($B5,island_data!$B:$B,island_data!S:S,"NaN")) -> 7 | DN5: =IF(_xlfn.XLOOKUP($B5,island_data!$B:$B,island_data!T:T,"NaN")="","NaN",_xlfn.XLOOKUP($B5,island_data!$B:$B,island_data!T:T,"NaN")) -> 3.25 | DO5: =IF(_xlfn.XLOOKUP($B5,island_data!$B:$B,island_data!U:U,"NaN")="","NaN",_xlfn.XLOOKUP($B5,island_data!$B:$B,island_data!U:U,"NaN")) -> 4 | DP5: =IF(_xlfn.XLOOKUP($B5,island_data!$B:$B,island_data!V:V,"NaN")="","NaN",_xlfn.XLOOKUP($B5,island_data!$B:$B,island_data!V:V,"NaN")) -> 1 | DQ5: =IF(_xlfn.XLOOKUP($B5,island_data!$B:$B,island_data!W:W,"NaN")="","NaN",_xlfn.XLOOKUP($B5,island_data!$B:$B,island_data!W:W,"NaN")) -> 3 | DR5: =IF(_xlfn.XLOOKUP($B5,island_data!$B:$B,island_data!X:X,"NaN")="","NaN",_xlfn.XLOOKUP($B5,island_data!$B:$B,island_data!X:X,"NaN")) -> 4 | DS5: =IF(_xlfn.XLOOKUP($B5,island_data!$B:$B,island_data!Y:Y,"NaN")="","NaN",_xlfn.XLOOKUP($B5,island_data!$B:$B,island_data!Y:Y,"NaN")) -> NaN | DT5: =IF(_xlfn.XLOOKUP($B5,island_data!$B:$B,island_data!Z:Z,"NaN")="","NaN",_xlfn.XLOOKUP($B5,island_data!$B:$B,island_data!Z:Z,"NaN")) -> NaN | DU5: =IF(_xlfn.XLOOKUP($B5,island_data!$B:$B,island_data!AA:AA,"NaN")="","NaN",_xlfn.XLOOKUP($B5,island_data!$B:$B,island_data!AA:AA,"NaN")) -> NaN | DV5: =IF(_xlfn.XLOOKUP($B5,island_data!$B:$B,island_data!AB:AB,"NaN")="","NaN",_xlfn.XLOOKUP($B5,island_data!$B:$B,island_data!AB:AB,"NaN")) -> NaN | DW5: =IF(_xlfn.XLOOKUP($B5,island_data!$B:$B,island_data!AC:AC,"NaN")="","NaN",_xlfn.XLOOKUP($B5,island_data!$B:$B,island_data!AC:AC,"NaN")) -> 8081 | DX5: =IF(_xlfn.XLOOKUP($B5,island_data!$B:$B,island_data!AD:AD,"NaN")="","NaN",_xlfn.XLOOKUP($B5,island_data!$B:$B,island_data!AD:AD,"NaN")) -> 3 | DY5: =IF(_xlfn.XLOOKUP($B5,island_data!$B:$B,island_data!AE:AE,"NaN")="","NaN",_xlfn.XLOOKUP($B5,island_data!$B:$B,island_data!AE:AE,"NaN")) -> 1 | DZ5: =IF(_xlfn.XLOOKUP($B5,island_data!$B:$B,island_data!AF:AF,"NaN")="","NaN",_xlfn.XLOOKUP($B5,island_data!$B:$B,island_data!AF:AF,"NaN")) -> NaN | EA5: =IF(_xlfn.XLOOKUP($B5,island_data!$B:$B,island_data!AG:AG,"NaN")="","NaN",_xlfn.XLOOKUP($B5,island_data!$B:$B,island_data!AG:AG,"NaN")) -> NaN | EB5: =IF(_xlfn.XLOOKUP($B5,island_data!$B:$B,island_data!AH:AH,"NaN")="","NaN",_xlfn.XLOOKUP($B5,island_data!$B:$B,island_data!AH:AH,"NaN")) -> NaN | EC5: =IF(_xlfn.XLOOKUP($B5,island_data!$B:$B,island_data!AI:AI,"NaN")="","NaN",_xlfn.XLOOKUP($B5,island_data!$B:$B,island_data!AI:AI,"NaN")) -> NaN | ED5: =IF(_xlfn.XLOOKUP($B5,island_data!$B:$B,island_data!AJ:AJ,"NaN")="","NaN",_xlfn.XLOOKUP($B5,island_data!$B:$B,island_data!AJ:AJ,"NaN")) -> NaN | EE5: =IF(_xlfn.XLOOKUP($B5,island_data!$B:$B,island_data!AK:AK,"NaN")="","NaN",_xlfn.XLOOKUP($B5,island_data!$B:$B,island_data!AK:AK,"NaN")) -> NaN | EF5: =IF(_xlfn.XLOOKUP($B5,island_data!$B:$B,island_data!AL:AL,"NaN")="","NaN",_xlfn.XLOOKUP($B5,island_data!$B:$B,island_data!AL:AL,"NaN")) -> NaN | EG5: =IF(_xlfn.XLOOKUP($B5,island_data!$B:$B,island_data!AM:AM,"NaN")="","NaN",_xlfn.XLOOKUP($B5,island_data!$B:$B,island_data!AM:AM,"NaN")) -> NaN | EH5: =IF(_xlfn.XLOOKUP($B5,island_data!$B:$B,island_data!AN:AN,"NaN")="","NaN",_xlfn.XLOOKUP($B5,island_data!$B:$B,island_data!AN:AN,"NaN")) -> NaN | EI5: =IF(_xlfn.XLOOKUP($B5,island_data!$B:$B,island_data!AO:AO,"NaN")="","NaN",_xlfn.XLOOKUP($B5,island_data!$B:$B,island_data!AO:AO,"NaN")) -> NaN | EJ5: =IF(_xlfn.XLOOKUP($A5,TabCAT!$A:$A,TabCAT!AU:AU,"NaN")="","NaN",(_xlfn.XLOOKUP($A5,TabCAT!$A:$A,TabCAT!AU:AU,"NaN"))) -> NaN | EK5: =IF(_xlfn.XLOOKUP($A5,TabCAT!$A:$A,TabCAT!AV:AV,"NaN")="","NaN",(_xlfn.XLOOKUP($A5,TabCAT!$A:$A,TabCAT!AV:AV,"NaN"))) -> NaN | EL5: =IF(_xlfn.XLOOKUP($A5,TabCAT!$A:$A,TabCAT!AW:AW,"NaN")="","NaN",(_xlfn.XLOOKUP($A5,TabCAT!$A:$A,TabCAT!AW:AW,"NaN"))) -> NaN | EM5: =IF(_xlfn.XLOOKUP($A5,TabCAT!$A:$A,TabCAT!AX:AX,"NaN")="","NaN",(_xlfn.XLOOKUP($A5,TabCAT!$A:$A,TabCAT!AX:AX,"NaN"))) -> NaN | EN5: =IF(_xlfn.XLOOKUP($A5,TabCAT!$A:$A,TabCAT!AY:AY,"NaN")="","NaN",(_xlfn.XLOOKUP($A5,TabCAT!$A:$A,TabCAT!AY:AY,"NaN"))) -> NaN | EO5: =IF(_xlfn.XLOOKUP($A5,TabCAT!$A:$A,TabCAT!AZ:AZ,"NaN")="","NaN",(_xlfn.XLOOKUP($A5,TabCAT!$A:$A,TabCAT!AZ:AZ,"NaN"))) -> NaN | EP5: =IF(_xlfn.XLOOKUP($A5,TabCAT!$A:$A,TabCAT!BA:BA,"NaN")="","NaN",(_xlfn.XLOOKUP($A5,TabCAT!$A:$A,TabCAT!BA:BA,"NaN"))) -> NaN | EQ5: =IF(_xlfn.XLOOKUP($A5,TabCAT!$A:$A,TabCAT!BB:BB,"NaN")="","NaN",(_xlfn.XLOOKUP($A5,TabCAT!$A:$A,TabCAT!BB:BB,"NaN"))) -> NaN | ER5: =IF(_xlfn.XLOOKUP($A5,TabCAT!$A:$A,TabCAT!BC:BC,"NaN")="","NaN",(_xlfn.XLOOKUP($A5,TabCAT!$A:$A,TabCAT!BC:BC,"NaN"))) -> NaN | ES5: =IF(_xlfn.XLOOKUP($A5,TabCAT!$A:$A,TabCAT!BD:BD,"NaN")="","NaN",(_xlfn.XLOOKUP($A5,TabCAT!$A:$A,TabCAT!BD:BD,"NaN"))) -> NaN | ET5: =IF(_xlfn.XLOOKUP($A5,TabCAT!$A:$A,TabCAT!BE:BE,"NaN")="","NaN",(_xlfn.XLOOKUP($A5,TabCAT!$A:$A,TabCAT!BE:BE,"NaN"))) -> NaN | EU5: =IF(_xlfn.XLOOKUP($A5,TabCAT!$A:$A,TabCAT!BF:BF,"NaN")="","NaN",(_xlfn.XLOOKUP($A5,TabCAT!$A:$A,TabCAT!BF:BF,"NaN"))) -> NaN | EV5: =IF(_xlfn.XLOOKUP($A5,TabCAT!$A:$A,TabCAT!BG:BG,"NaN")="","NaN",(_xlfn.XLOOKUP($A5,TabCAT!$A:$A,TabCAT!BG:BG,"NaN"))) -> NaN | EW5: =IF(_xlfn.XLOOKUP($A5,TabCAT!$A:$A,TabCAT!BH:BH,"NaN")="","NaN",(_xlfn.XLOOKUP($A5,TabCAT!$A:$A,TabCAT!BH:BH,"NaN"))) -> NaN | EX5: =IF(_xlfn.XLOOKUP($A5,TabCAT!$A:$A,TabCAT!BI:BI,"NaN")="","NaN",(_xlfn.XLOOKUP($A5,TabCAT!$A:$A,TabCAT!BI:BI,"NaN"))) -> NaN | EY5: =IF(_xlfn.XLOOKUP($A5,TabCAT!$A:$A,TabCAT!BJ:BJ,"NaN")="","NaN",(_xlfn.XLOOKUP($A5,TabCAT!$A:$A,TabCAT!BJ:BJ,"NaN"))) -> NaN | EZ5: =IF(_xlfn.XLOOKUP($A5,TabCAT!$A:$A,TabCAT!BK:BK,"NaN")="","NaN",(_xlfn.XLOOKUP($A5,TabCAT!$A:$A,TabCAT!BK:BK,"NaN"))) -> NaN | FA5: =IF(_xlfn.XLOOKUP($A5,TabCAT!$A:$A,TabCAT!BL:BL,"NaN")="","NaN",(_xlfn.XLOOKUP($A5,TabCAT!$A:$A,TabCAT!BL:BL,"NaN"))) -> NaN | FB5: =IF(_xlfn.XLOOKUP($A5,TabCAT!$A:$A,TabCAT!BM:BM,"NaN")="","NaN",(_xlfn.XLOOKUP($A5,TabCAT!$A:$A,TabCAT!BM:BM,"NaN"))) -> NaN | FC5: =IF(_xlfn.XLOOKUP($A5,TabCAT!$A:$A,TabCAT!BN:BN,"NaN")="","NaN",(_xlfn.XLOOKUP($A5,TabCAT!$A:$A,TabCAT!BN:BN,"NaN"))) -> NaN | FD5: =IF(_xlfn.XLOOKUP($A5,TabCAT!$A:$A,TabCAT!BO:BO,"NaN")="","NaN",(_xlfn.XLOOKUP($A5,TabCAT!$A:$A,TabCAT!BO:BO,"NaN"))) -> NaN | FE5: =IF(_xlfn.XLOOKUP($A5,TabCAT!$A:$A,TabCAT!BP:BP,"NaN")="","NaN",(_xlfn.XLOOKUP($A5,TabCAT!$A:$A,TabCAT!BP:BP,"NaN"))) -> NaN | FF5: =IF(_xlfn.XLOOKUP($A5,TabCAT!$A:$A,TabCAT!BQ:BQ,"NaN")="","NaN",(_xlfn.XLOOKUP($A5,TabCAT!$A:$A,TabCAT!BQ:BQ,"NaN"))) -> NaN | FG5: =IF(_xlfn.XLOOKUP($A5,TabCAT!$A:$A,TabCAT!BR:BR,"NaN")="","NaN",(_xlfn.XLOOKUP($A5,TabCAT!$A:$A,TabCAT!BR:BR,"NaN"))) -> NaN | FH5: =IF(_xlfn.XLOOKUP($A5,TabCAT!$A:$A,TabCAT!BS:BS,"NaN")="","NaN",(_xlfn.XLOOKUP($A5,TabCAT!$A:$A,TabCAT!BS:BS,"NaN"))) -> NaN | FI5: =IF(_xlfn.XLOOKUP($A5,TabCAT!$A:$A,TabCAT!BT:BT,"NaN")="","NaN",(_xlfn.XLOOKUP($A5,TabCAT!$A:$A,TabCAT!BT:BT,"NaN"))) -> NaN | FJ5: =IF(_xlfn.XLOOKUP($A5,TabCAT!$A:$A,TabCAT!BU:BU,"NaN")="","NaN",(_xlfn.XLOOKUP($A5,TabCAT!$A:$A,TabCAT!BU:BU,"NaN"))) -> NaN | FK5: =IF(_xlfn.XLOOKUP($A5,TabCAT!$A:$A,TabCAT!BV:BV,"NaN")="","NaN",(_xlfn.XLOOKUP($A5,TabCAT!$A:$A,TabCAT!BV:BV,"NaN"))) -> NaN | FL5: =IF(_xlfn.XLOOKUP($A5,TabCAT!$A:$A,TabCAT!BW:BW,"NaN")="","NaN",(_xlfn.XLOOKUP($A5,TabCAT!$A:$A,TabCAT!BW:BW,"NaN"))) -> NaN | FM5: =IF(_xlfn.XLOOKUP($A5,TabCAT!$A:$A,TabCAT!BX:BX,"NaN")="","NaN",(_xlfn.XLOOKUP($A5,TabCAT!$A:$A,TabCAT!BX:BX,"NaN"))) -> NaN | FN5: =IF(_xlfn.XLOOKUP($A5,TabCAT!$A:$A,TabCAT!BY:BY,"NaN")="","NaN",(_xlfn.XLOOKUP($A5,TabCAT!$A:$A,TabCAT!BY:BY,"NaN"))) -> NaN | FO5: =IF(_xlfn.XLOOKUP($A5,TabCAT!$A:$A,TabCAT!BZ:BZ,"NaN")="","NaN",(_xlfn.XLOOKUP($A5,TabCAT!$A:$A,TabCAT!BZ:BZ,"NaN"))) -> NaN | FP5: =IF(_xlfn.XLOOKUP($A5,TabCAT!$A:$A,TabCAT!CA:CA,"NaN")="","NaN",(_xlfn.XLOOKUP($A5,TabCAT!$A:$A,TabCAT!CA:CA,"NaN"))) -> NaN | FQ5: =IF(_xlfn.XLOOKUP($A5,TabCAT!$A:$A,TabCAT!CB:CB,"NaN")="","NaN",(_xlfn.XLOOKUP($A5,TabCAT!$A:$A,TabCAT!CB:CB,"NaN"))) -> NaN | FR5: =IF(_xlfn.XLOOKUP($A5,TabCAT!$A:$A,TabCAT!CC:CC,"NaN")="","NaN",(_xlfn.XLOOKUP($A5,TabCAT!$A:$A,TabCAT!CC:CC,"NaN"))) -> NaN | FS5: =IF(_xlfn.XLOOKUP($A5,TabCAT!$A:$A,TabCAT!CD:CD,"NaN")="","NaN",(_xlfn.XLOOKUP($A5,TabCAT!$A:$A,TabCAT!CD:CD,"NaN"))) -> NaN | FT5: =IF(_xlfn.XLOOKUP($A5,TabCAT!$A:$A,TabCAT!CE:CE,"NaN")="","NaN",(_xlfn.XLOOKUP($A5,TabCAT!$A:$A,TabCAT!CE:CE,"NaN"))) -> NaN | FU5: =IF(_xlfn.XLOOKUP($A5,TabCAT!$A:$A,TabCAT!CF:CF,"NaN")="","NaN",(_xlfn.XLOOKUP($A5,TabCAT!$A:$A,TabCAT!CF:CF,"NaN"))) -> NaN | FV5: =IF(_xlfn.XLOOKUP($A5,TabCAT!$A:$A,TabCAT!CG:CG,"NaN")="","NaN",(_xlfn.XLOOKUP($A5,TabCAT!$A:$A,TabCAT!CG:CG,"NaN"))) -> NaN | FW5: =IF(_xlfn.XLOOKUP($A5,TabCAT!$A:$A,TabCAT!CH:CH,"NaN")="","NaN",(_xlfn.XLOOKUP($A5,TabCAT!$A:$A,TabCAT!CH:CH,"NaN"))) -> NaN | FX5: =IF(_xlfn.XLOOKUP($A5,TabCAT!$A:$A,TabCAT!CI:CI,"NaN")="","NaN",(_xlfn.XLOOKUP($A5,TabCAT!$A:$A,TabCAT!CI:CI,"NaN"))) -> NaN | FY5: =IF(_xlfn.XLOOKUP($A5,TabCAT!$A:$A,TabCAT!CJ:CJ,"NaN")="","NaN",(_xlfn.XLOOKUP($A5,TabCAT!$A:$A,TabCAT!CJ:CJ,"NaN"))) -> NaN | FZ5: =IF(_xlfn.XLOOKUP($A5,TabCAT!$A:$A,TabCAT!CK:CK,"NaN")="","NaN",(_xlfn.XLOOKUP($A5,TabCAT!$A:$A,TabCAT!CK:CK,"NaN"))) -> NaN | GA5: =IF(_xlfn.XLOOKUP($A5,TabCAT!$A:$A,TabCAT!CL:CL,"NaN")="","NaN",(_xlfn.XLOOKUP($A5,TabCAT!$A:$A,TabCAT!CL:CL,"NaN"))) -> NaN | GB5: =IF(_xlfn.XLOOKUP($A5,TabCAT!$A:$A,TabCAT!CM:CM,"NaN")="","NaN",(_xlfn.XLOOKUP($A5,TabCAT!$A:$A,TabCAT!CM:CM,"NaN"))) -> NaN | GC5: =IF(_xlfn.XLOOKUP($A5,TabCAT!$A:$A,TabCAT!CN:CN,"NaN")="","NaN",(_xlfn.XLOOKUP($A5,TabCAT!$A:$A,TabCAT!CN:CN,"NaN"))) -> NaN | GD5: =IF(_xlfn.XLOOKUP($A5,TabCAT!$A:$A,TabCAT!CO:CO,"NaN")="","NaN",(_xlfn.XLOOKUP($A5,TabCAT!$A:$A,TabCAT!CO:CO,"NaN"))) -> NaN | GE5: =IF(_xlfn.XLOOKUP($A5,TabCAT!$A:$A,TabCAT!CP:CP,"NaN")="","NaN",(_xlfn.XLOOKUP($A5,TabCAT!$A:$A,TabCAT!CP:CP,"NaN"))) -> NaN | GF5: =IF(_xlfn.XLOOKUP($A5,TabCAT!$A:$A,TabCAT!CQ:CQ,"NaN")="","NaN",(_xlfn.XLOOKUP($A5,TabCAT!$A:$A,TabCAT!CQ:CQ,"NaN"))) -> NaN | GG5: =IF(_xlfn.XLOOKUP($A5,TabCAT!$A:$A,TabCAT!CR:CR,"NaN")="","NaN",(_xlfn.XLOOKUP($A5,TabCAT!$A:$A,TabCAT!CR:CR,"NaN"))) -> NaN | GH5: =IF(_xlfn.XLOOKUP($A5,TabCAT!$A:$A,TabCAT!CS:CS,"NaN")="","NaN",(_xlfn.XLOOKUP($A5,TabCAT!$A:$A,TabCAT!CS:CS,"NaN"))) -> NaN
A6: 10418 | B6: =_xlfn.XLOOKUP(bippity_poppity_boo!A6,rf1_data!A:A,rf1_data!B:B) -> 102054 | C6: =(_xlfn.XLOOKUP($A6,trust!$A:$A,trust!B:B,"NaN")) -> 4.666667 | D6: =(_xlfn.XLOOKUP($A6,trust!$A:$A,trust!C:C,"NaN")) -> 3.538462 | E6: =(_xlfn.XLOOKUP($A6,trust!$A:$A,trust!D:D,"NaN")) -> 4.333333 | F6: =(_xlfn.XLOOKUP($A6,trust!$A:$A,trust!E:E,"NaN")) -> 3.384615 | G6: =(_xlfn.XLOOKUP($A6,trust!$A:$A,trust!F:F,"NaN")) -> 5.692308 | H6: =(_xlfn.XLOOKUP($A6,trust!$A:$A,trust!G:G,"NaN")) -> 6.142857 | I6: =IF(_xlfn.XLOOKUP($B6,island_data!$B:$B,island_data!C:C,"NaN")="","NaN",_xlfn.XLOOKUP($B6,island_data!$B:$B,island_data!C:C,"NaN")) -> 45000 | J6: =IF(_xlfn.XLOOKUP($B6,island_data!$B:$B,island_data!D:D,"NaN")="","NaN",_xlfn.XLOOKUP($B6,island_data!$B:$B,island_data!D:D,"NaN")) -> 19888 | K6: =IF(_xlfn.XLOOKUP($B6,island_data!$B:$B,island_data!E:E,"NaN")="","NaN",_xlfn.XLOOKUP($B6,island_data!$B:$B,island_data!E:E,"NaN")) -> 68.75 | L6: =IF(_xlfn.XLOOKUP($B6,rf1_data!$B:$B,rf1_data!D:D,"NaN")="","NaN",(_xlfn.XLOOKUP($B6,rf1_data!$B:$B,rf1_data!D:D,"NaN"))) -> 68.64 | M6: =IF(_xlfn.XLOOKUP($B6,rf1_data!$B:$B,rf1_data!E:E,"NaN")="","NaN",(_xlfn.XLOOKUP($B6,rf1_data!$B:$B,rf1_data!E:E,"NaN"))) -> White | N6: =IF(_xlfn.XLOOKUP($B6,rf1_data!$B:$B,rf1_data!F:F,"NaN")="","NaN",(_xlfn.XLOOKUP($B6,rf1_data!$B:$B,rf1_data!F:F,"NaN"))) -> Not Hispanic or Latino | O6: =IF(_xlfn.XLOOKUP($B6,rf1_data!$B:$B,rf1_data!G:G,"NaN")="","NaN",(_xlfn.XLOOKUP($B6,rf1_data!$B:$B,rf1_data!G:G,"NaN"))) -> Female | P6: =IF(_xlfn.XLOOKUP($B6,rf1_data!$B:$B,rf1_data!H:H,"NaN")="","NaN",(_xlfn.XLOOKUP($B6,rf1_data!$B:$B,rf1_data!H:H,"NaN"))) -> 4.22 | Q6: =IF(_xlfn.XLOOKUP($B6,rf1_data!$B:$B,rf1_data!I:I,"NaN")="","NaN",(_xlfn.XLOOKUP($B6,rf1_data!$B:$B,rf1_data!I:I,"NaN"))) -> 3.44 | R6: =IF(_xlfn.XLOOKUP($B6,rf1_data!$B:$B,rf1_data!J:J,"NaN")="","NaN",(_xlfn.XLOOKUP($B6,rf1_data!$B:$B,rf1_data!J:J,"NaN"))) -> 0 | S6: =IF(_xlfn.XLOOKUP($B6,rf1_data!$B:$B,rf1_data!K:K,"NaN")="","NaN",(_xlfn.XLOOKUP($B6,rf1_data!$B:$B,rf1_data!K:K,"NaN"))) -> 2 | T6: =IF(_xlfn.XLOOKUP($B6,rf1_data!$B:$B,rf1_data!L:L,"NaN")="","NaN",(_xlfn.XLOOKUP($B6,rf1_data!$B:$B,rf1_data!L:L,"NaN"))) -> 4 | U6: =IF(_xlfn.XLOOKUP($B6,rf1_data!$B:$B,rf1_data!M:M,"NaN")="","NaN",(_xlfn.XLOOKUP($B6,rf1_data!$B:$B,rf1_data!M:M,"NaN"))) -> 5.67 | V6: =IF(_xlfn.XLOOKUP($B6,rf1_data!$B:$B,rf1_data!N:N,"NaN")="","NaN",(_xlfn.XLOOKUP($B6,rf1_data!$B:$B,rf1_data!N:N,"NaN"))) -> 5.33 | W6: =IF(_xlfn.XLOOKUP($B6,rf1_data!$B:$B,rf1_data!O:O,"NaN")="","NaN",(_xlfn.XLOOKUP($B6,rf1_data!$B:$B,rf1_data!O:O,"NaN"))) -> 5.25 | X6: =IF(_xlfn.XLOOKUP($B6,rf1_data!$B:$B,rf1_data!P:P,"NaN")="","NaN",(_xlfn.XLOOKUP($B6,rf1_data!$B:$B,rf1_data!P:P,"NaN"))) -> 4.83 | Y6: =IF(_xlfn.XLOOKUP($B6,rf1_data!$B:$B,rf1_data!Q:Q,"NaN")="","NaN",(_xlfn.XLOOKUP($B6,rf1_data!$B:$B,rf1_data!Q:Q,"NaN"))) -> 5.1 | Z6: =IF(_xlfn.XLOOKUP($B6,rf1_data!$B:$B,rf1_data!R:R,"NaN")="","NaN",(_xlfn.XLOOKUP($B6,rf1_data!$B:$B,rf1_data!R:R,"NaN"))) -> 16 | AA6: =IF(_xlfn.XLOOKUP($B6,rf1_data!$B:$B,rf1_data!S:S,"NaN")="","NaN",(_xlfn.XLOOKUP($B6,rf1_data!$B:$B,rf1_data!S:S,"NaN"))) -> 4 | AB6: =IF(_xlfn.XLOOKUP($B6,rf1_data!$B:$B,rf1_data!T:T,"NaN")="","NaN",(_xlfn.XLOOKUP($B6,rf1_data!$B:$B,rf1_data!T:T,"NaN"))) -> 2 | AC6: =IF(_xlfn.XLOOKUP($B6,rf1_data!$B:$B,rf1_data!U:U,"NaN")="","NaN",(_xlfn.XLOOKUP($B6,rf1_data!$B:$B,rf1_data!U:U,"NaN"))) -> 0 | AD6: =IF(_xlfn.XLOOKUP($B6,rf1_data!$B:$B,rf1_data!V:V,"NaN")="","NaN",(_xlfn.XLOOKUP($B6,rf1_data!$B:$B,rf1_data!V:V,"NaN"))) -> 10 | AE6: =IF(_xlfn.XLOOKUP($B6,rf1_data!$B:$B,rf1_data!W:W,"NaN")="","NaN",(_xlfn.XLOOKUP($B6,rf1_data!$B:$B,rf1_data!W:W,"NaN"))) -> 9 | AF6: =IF(_xlfn.XLOOKUP($B6,rf1_data!$B:$B,rf1_data!X:X,"NaN")="","NaN",(_xlfn.XLOOKUP($B6,rf1_data!$B:$B,rf1_data!X:X,"NaN"))) -> 2 | AG6: =IF(_xlfn.XLOOKUP($B6,rf1_data!$B:$B,rf1_data!Y:Y,"NaN")="","NaN",(_xlfn.XLOOKUP($B6,rf1_data!$B:$B,rf1_data!Y:Y,"NaN"))) -> 4 | AH6: =IF(_xlfn.XLOOKUP($B6,rf1_data!$B:$B,rf1_data!Z:Z,"NaN")="","NaN",(_xlfn.XLOOKUP($B6,rf1_data!$B:$B,rf1_data!Z:Z,"NaN"))) -> 3 | AI6: =IF(_xlfn.XLOOKUP($B6,rf1_data!$B:$B,rf1_data!AA:AA,"NaN")="","NaN",(_xlfn.XLOOKUP($B6,rf1_data!$B:$B,rf1_data!AA:AA,"NaN"))) -> 3 | AJ6: =IF(_xlfn.XLOOKUP($B6,rf1_data!$B:$B,rf1_data!AB:AB,"NaN")="","NaN",(_xlfn.XLOOKUP($B6,rf1_data!$B:$B,rf1_data!AB:AB,"NaN"))) -> 21 | AK6: =IF(_xlfn.XLOOKUP($B6,rf1_data!$B:$B,rf1_data!AC:AC,"NaN")="","NaN",(_xlfn.XLOOKUP($B6,rf1_data!$B:$B,rf1_data!AC:AC,"NaN"))) -> 26 | AL6: =IF(_xlfn.XLOOKUP($B6,rf1_data!$B:$B,rf1_data!AD:AD,"NaN")="","NaN",(_xlfn.XLOOKUP($B6,rf1_data!$B:$B,rf1_data!AD:AD,"NaN"))) -> 11 | AM6: =IF(_xlfn.XLOOKUP($B6,rf1_data!$B:$B,rf1_data!AE:AE,"NaN")="","NaN",(_xlfn.XLOOKUP($B6,rf1_data!$B:$B,rf1_data!AE:AE,"NaN"))) -> 0 | AN6: =IF(_xlfn.XLOOKUP($B6,rf1_data!$B:$B,rf1_data!AF:AF,"NaN")="","NaN",(_xlfn.XLOOKUP($B6,rf1_data!$B:$B,rf1_data!AF:AF,"NaN"))) -> 0 | AO6: =IF(_xlfn.XLOOKUP($B6,rf1_data!$B:$B,rf1_data!AG:AG,"NaN")="","NaN",(_xlfn.XLOOKUP($B6,rf1_data!$B:$B,rf1_data!AG:AG,"NaN"))) -> NaN | AP6: =IF(_xlfn.XLOOKUP($B6,rf1_data!$B:$B,rf1_data!AH:AH,"NaN")="","NaN",(_xlfn.XLOOKUP($B6,rf1_data!$B:$B,rf1_data!AH:AH,"NaN"))) -> NaN | AQ6: =IF(_xlfn.XLOOKUP($B6,rf1_data!$B:$B,rf1_data!AI:AI,"NaN")="","NaN",(_xlfn.XLOOKUP($B6,rf1_data!$B:$B,rf1_data!AI:AI,"NaN"))) -> NaN | AR6: =IF(_xlfn.XLOOKUP($B6,rf1_data!$B:$B,rf1_data!AJ:AJ,"NaN")="","NaN",(_xlfn.XLOOKUP($B6,rf1_data!$B:$B,rf1_data!AJ:AJ,"NaN"))) -> NaN | AS6: =IF(_xlfn.XLOOKUP($B6,rf1_data!$B:$B,rf1_data!AK:AK,"NaN")="","NaN",(_xlfn.XLOOKUP($B6,rf1_data!$B:$B,rf1_data!AK:AK,"NaN"))) -> 2.6 | AT6: =IF(_xlfn.XLOOKUP($B6,rf1_data!$B:$B,rf1_data!AL:AL,"NaN")="","NaN",(_xlfn.XLOOKUP($B6,rf1_data!$B:$B,rf1_data!AL:AL,"NaN"))) -> 7 | AU6: =IF(_xlfn.XLOOKUP($B6,rf1_data!$B:$B,rf1_data!AM:AM,"NaN")="","NaN",(_xlfn.XLOOKUP($B6,rf1_data!$B:$B,rf1_data!AM:AM,"NaN"))) -> 4 | AV6: =IF(_xlfn.XLOOKUP($B6,rf1_data!$B:$B,rf1_data!AN:AN,"NaN")="","NaN",(_xlfn.XLOOKUP($B6,rf1_data!$B:$B,rf1_data!AN:AN,"NaN"))) -> 0 | AW6: =IF(_xlfn.XLOOKUP($B6,rf1_data!$B:$B,rf1_data!AO:AO,"NaN")="","NaN",(_xlfn.XLOOKUP($B6,rf1_data!$B:$B,rf1_data!AO:AO,"NaN"))) -> NaN | AX6: =IF(_xlfn.XLOOKUP($B6,rf1_data!$B:$B,rf1_data!AP:AP,"NaN")="","NaN",(_xlfn.XLOOKUP($B6,rf1_data!$B:$B,rf1_data!AP:AP,"NaN"))) -> 4.2 | AY6: =IF(_xlfn.XLOOKUP($B6,rf1_data!$B:$B,rf1_data!AQ:AQ,"NaN")="","NaN",(_xlfn.XLOOKUP($B6,rf1_data!$B:$B,rf1_data!AQ:AQ,"NaN"))) -> 127 | AZ6: =IF(_xlfn.XLOOKUP($B6,rf1_data!$B:$B,rf1_data!AR:AR,"NaN")="","NaN",(_xlfn.XLOOKUP($B6,rf1_data!$B:$B,rf1_data!AR:AR,"NaN"))) -> 35 | BA6: =IF(_xlfn.XLOOKUP($B6,rf1_data!$B:$B,rf1_data!AS:AS,"NaN")="","NaN",(_xlfn.XLOOKUP($B6,rf1_data!$B:$B,rf1_data!AS:AS,"NaN"))) -> 0 | BB6: =IF(_xlfn.XLOOKUP($B6,rf1_data!$B:$B,rf1_data!AT:AT,"NaN")="","NaN",(_xlfn.XLOOKUP($B6,rf1_data!$B:$B,rf1_data!AT:AT,"NaN"))) -> 0 | BC6: =IF(_xlfn.XLOOKUP($B6,rf1_data!$B:$B,rf1_data!AU:AU,"NaN")="","NaN",(_xlfn.XLOOKUP($B6,rf1_data!$B:$B,rf1_data!AU:AU,"NaN"))) -> 0 | BD6: =IF(_xlfn.XLOOKUP($B6,rf1_data!$B:$B,rf1_data!AV:AV,"NaN")="","NaN",(_xlfn.XLOOKUP($B6,rf1_data!$B:$B,rf1_data!AV:AV,"NaN"))) -> 0.25 | BE6: =IF(_xlfn.XLOOKUP($B6,rf1_data!$B:$B,rf1_data!AW:AW,"NaN")="","NaN",(_xlfn.XLOOKUP($B6,rf1_data!$B:$B,rf1_data!AW:AW,"NaN"))) -> 0 | BF6: =IF(_xlfn.XLOOKUP($B6,rf1_data!$B:$B,rf1_data!AX:AX,"NaN")="","NaN",(_xlfn.XLOOKUP($B6,rf1_data!$B:$B,rf1_data!AX:AX,"NaN"))) -> 0 | BG6: =IF(_xlfn.XLOOKUP($B6,rf1_data!$B:$B,rf1_data!AY:AY,"NaN")="","NaN",(_xlfn.XLOOKUP($B6,rf1_data!$B:$B,rf1_data!AY:AY,"NaN"))) -> 0 | BH6: =IF(_xlfn.XLOOKUP($B6,rf1_data!$B:$B,rf1_data!AZ:AZ,"NaN")="","NaN",(_xlfn.XLOOKUP($B6,rf1_data!$B:$B,rf1_data!AZ:AZ,"NaN"))) -> 0.035714286 | BI6: =IF(_xlfn.XLOOKUP($B6,rf1_data!$B:$B,rf1_data!BA:BA,"NaN")="","NaN",(_xlfn.XLOOKUP($B6,rf1_data!$B:$B,rf1_data!BA:BA,"NaN"))) -> 90 | BJ6: =IF(_xlfn.XLOOKUP($B6,rf1_data!$B:$B,rf1_data!BB:BB,"NaN")="","NaN",(_xlfn.XLOOKUP($B6,rf1_data!$B:$B,rf1_data!BB:BB,"NaN"))) -> 70 | BK6: =IF(_xlfn.XLOOKUP($B6,rf1_data!$B:$B,rf1_data!BC:BC,"NaN")="","NaN",(_xlfn.XLOOKUP($B6,rf1_data!$B:$B,rf1_data!BC:BC,"NaN"))) -> NaN | BL6: =IF(_xlfn.XLOOKUP($B6,rf1_data!$B:$B,rf1_data!BD:BD,"NaN")="","NaN",(_xlfn.XLOOKUP($B6,rf1_data!$B:$B,rf1_data!BD:BD,"NaN"))) -> NaN | BM6: =IF(_xlfn.XLOOKUP($B6,rf1_data!$B:$B,rf1_data!BE:BE,"NaN")="","NaN",(_xlfn.XLOOKUP($B6,rf1_data!$B:$B,rf1_data!BE:BE,"NaN"))) -> NaN | BN6: =IF(_xlfn.XLOOKUP($B6,rf1_data!$B:$B,rf1_data!BF:BF,"NaN")="","NaN",(_xlfn.XLOOKUP($B6,rf1_data!$B:$B,rf1_data!BF:BF,"NaN"))) -> NaN | BO6: =IF(_xlfn.XLOOKUP($B6,rf1_data!$B:$B,rf1_data!BG:BG,"NaN")="","NaN",(_xlfn.XLOOKUP($B6,rf1_data!$B:$B,rf1_data!BG:BG,"NaN"))) -> NaN | BP6: =IF(_xlfn.XLOOKUP($B6,rf1_data!$B:$B,rf1_data!BH:BH,"NaN")="","NaN",(_xlfn.XLOOKUP($B6,rf1_data!$B:$B,rf1_data!BH:BH,"NaN"))) -> 52 | BQ6: =IF(_xlfn.XLOOKUP($B6,rf1_data!$B:$B,rf1_data!BI:BI,"NaN")="","NaN",(_xlfn.XLOOKUP($B6,rf1_data!$B:$B,rf1_data!BI:BI,"NaN"))) -> 13 | BR6: =IF(_xlfn.XLOOKUP($B6,rf1_data!$B:$B,rf1_data!BJ:BJ,"NaN")="","NaN",(_xlfn.XLOOKUP($B6,rf1_data!$B:$B,rf1_data!BJ:BJ,"NaN"))) -> 8991 | BS6: =IF(_xlfn.XLOOKUP($B6,rf1_data!$B:$B,rf1_data!BK:BK,"NaN")="","NaN",(_xlfn.XLOOKUP($B6,rf1_data!$B:$B,rf1_data!BK:BK,"NaN"))) -> NaN | BT6: =IF(_xlfn.XLOOKUP($B6,rf1_data!$B:$B,rf1_data!BL:BL,"NaN")="","NaN",(_xlfn.XLOOKUP($B6,rf1_data!$B:$B,rf1_data!BL:BL,"NaN"))) -> NaN | BU6: =IF(_xlfn.XLOOKUP($B6,rf1_data!$B:$B,rf1_data!BM:BM,"NaN")="","NaN",(_xlfn.XLOOKUP($B6,rf1_data!$B:$B,rf1_data!BM:BM,"NaN"))) -> NaN | BV6: =IF(_xlfn.XLOOKUP($B6,rf1_data!$B:$B,rf1_data!BN:BN,"NaN")="","NaN",(_xlfn.XLOOKUP($B6,rf1_data!$B:$B,rf1_data!BN:BN,"NaN"))) -> NaN | BW6: =IF(_xlfn.XLOOKUP($B6,rf1_data!$B:$B,rf1_data!BO:BO,"NaN")="","NaN",(_xlfn.XLOOKUP($B6,rf1_data!$B:$B,rf1_data!BO:BO,"NaN"))) -> 3.3 | BX6: =IF(_xlfn.XLOOKUP($B6,rf1_data!$B:$B,rf1_data!BP:BP,"NaN")="","NaN",(_xlfn.XLOOKUP($B6,rf1_data!$B:$B,rf1_data!BP:BP,"NaN"))) -> 3 | BY6: =IF(_xlfn.XLOOKUP($B6,rf1_data!$B:$B,rf1_data!BQ:BQ,"NaN")="","NaN",(_xlfn.XLOOKUP($B6,rf1_data!$B:$B,rf1_data!BQ:BQ,"NaN"))) -> 3.1 | BZ6: =IF(_xlfn.XLOOKUP($B6,rf1_data!$B:$B,rf1_data!BR:BR,"NaN")="","NaN",(_xlfn.XLOOKUP($B6,rf1_data!$B:$B,rf1_data!BR:BR,"NaN"))) -> 3.13 | CA6: =IF(_xlfn.XLOOKUP($B6,rf1_data!$B:$B,rf1_data!BS:BS,"NaN")="","NaN",(_xlfn.XLOOKUP($B6,rf1_data!$B:$B,rf1_data!BS:BS,"NaN"))) -> 6 | CB6: =IF(_xlfn.XLOOKUP($B6,rf1_data!$B:$B,rf1_data!BT:BT,"NaN")="","NaN",(_xlfn.XLOOKUP($B6,rf1_data!$B:$B,rf1_data!BT:BT,"NaN"))) -> 5.1666667 | CC6: =IF(_xlfn.XLOOKUP($B6,rf1_data!$B:$B,rf1_data!BU:BU,"NaN")="","NaN",(_xlfn.XLOOKUP($B6,rf1_data!$B:$B,rf1_data!BU:BU,"NaN"))) -> 6 | CD6: =IF(_xlfn.XLOOKUP($B6,rf1_data!$B:$B,rf1_data!BV:BV,"NaN")="","NaN",(_xlfn.XLOOKUP($B6,rf1_data!$B:$B,rf1_data!BV:BV,"NaN"))) -> 5.1666667 | CE6: =IF(_xlfn.XLOOKUP($B6,rf1_data!$B:$B,rf1_data!BW:BW,"NaN")="","NaN",(_xlfn.XLOOKUP($B6,rf1_data!$B:$B,rf1_data!BW:BW,"NaN"))) -> 1.6 | CF6: =IF(_xlfn.XLOOKUP($B6,rf1_data!$B:$B,rf1_data!BX:BX,"NaN")="","NaN",(_xlfn.XLOOKUP($B6,rf1_data!$B:$B,rf1_data!BX:BX,"NaN"))) -> 0 | CG6: =IF(_xlfn.XLOOKUP($B6,rf1_data!$B:$B,rf1_data!BY:BY,"NaN")="","NaN",(_xlfn.XLOOKUP($B6,rf1_data!$B:$B,rf1_data!BY:BY,"NaN"))) -> 0 | CH6: =IF(_xlfn.XLOOKUP($B6,rf1_data!$B:$B,rf1_data!BZ:BZ,"NaN")="","NaN",(_xlfn.XLOOKUP($B6,rf1_data!$B:$B,rf1_data!BZ:BZ,"NaN"))) -> 22 | CI6: =IF(_xlfn.XLOOKUP($B6,rf1_data!$B:$B,rf1_data!CA:CA,"NaN")="","NaN",(_xlfn.XLOOKUP($B6,rf1_data!$B:$B,rf1_data!CA:CA,"NaN"))) -> 20 | CJ6: =IF(_xlfn.XLOOKUP($B6,rf1_data!$B:$B,rf1_data!CB:CB,"NaN")="","NaN",(_xlfn.XLOOKUP($B6,rf1_data!$B:$B,rf1_data!CB:CB,"NaN"))) -> 7 | CK6: =IF(_xlfn.XLOOKUP($B6,rf1_data!$B:$B,rf1_data!CC:CC,"NaN")="","NaN",(_xlfn.XLOOKUP($B6,rf1_data!$B:$B,rf1_data!CC:CC,"NaN"))) -> 0.875 | CL6: =IF(_xlfn.XLOOKUP($B6,rf1_data!$B:$B,rf1_data!CD:CD,"NaN")=0,"NaN",(_xlfn.XLOOKUP($B6,rf1_data!$B:$B,rf1_data!CD:CD,"NaN"))) -> 28 | CM6: =IF(_xlfn.XLOOKUP($B6,rf1_data!$B:$B,rf1_data!CE:CE,"NaN")="","NaN",(_xlfn.XLOOKUP($B6,rf1_data!$B:$B,rf1_data!CE:CE,"NaN"))) -> 24 | CN6: =IF(_xlfn.XLOOKUP($B6,rf1_data!$B:$B,rf1_data!CF:CF,"NaN")="","NaN",(_xlfn.XLOOKUP($B6,rf1_data!$B:$B,rf1_data!CF:CF,"NaN"))) -> 33 | CO6: =IF(_xlfn.XLOOKUP($B6,rf1_data!$B:$B,rf1_data!CG:CG,"NaN")="","NaN",(_xlfn.XLOOKUP($B6,rf1_data!$B:$B,rf1_data!CG:CG,"NaN"))) -> 25 | CP6: =IF(_xlfn.XLOOKUP($B6,rf1_data!$B:$B,rf1_data!CH:CH,"NaN")=0,"NaN",(_xlfn.XLOOKUP($B6,rf1_data!$B:$B,rf1_data!CH:CH,"NaN"))) -> 27 | CQ6: =IF(_xlfn.XLOOKUP($B6,rf1_data!$B:$B,rf1_data!CI:CI,"NaN")="","NaN",(_xlfn.XLOOKUP($B6,rf1_data!$B:$B,rf1_data!CI:CI,"NaN"))) -> 35 | CR6: =IF(_xlfn.XLOOKUP($B6,rf1_data!$B:$B,rf1_data!CJ:CJ,"NaN")="","NaN",(_xlfn.XLOOKUP($B6,rf1_data!$B:$B,rf1_data!CJ:CJ,"NaN"))) -> 60 | CS6: =IF(_xlfn.XLOOKUP($B6,rf1_data!$B:$B,rf1_data!CK:CK,"NaN")="","NaN",(_xlfn.XLOOKUP($B6,rf1_data!$B:$B,rf1_data!CK:CK,"NaN"))) -> 29 | CT6: =IF(_xlfn.XLOOKUP($B6,rf1_data!$B:$B,rf1_data!CL:CL,"NaN")="","NaN",(_xlfn.XLOOKUP($B6,rf1_data!$B:$B,rf1_data!CL:CL,"NaN"))) -> 60 | CU6: =IF(_xlfn.XLOOKUP($B6,rf1_data!$B:$B,rf1_data!CM:CM,"NaN")="","NaN",(_xlfn.XLOOKUP($B6,rf1_data!$B:$B,rf1_data!CM:CM,"NaN"))) -> 27 | CV6: =IF(_xlfn.XLOOKUP($B6,rf1_data!$B:$B,rf1_data!CN:CN,"NaN")="","NaN",(_xlfn.XLOOKUP($B6,rf1_data!$B:$B,rf1_data!CN:CN,"NaN"))) -> 60 | CW6: =IF(_xlfn.XLOOKUP($B6,rf1_data!$B:$B,rf1_data!CO:CO,"NaN")="","NaN",(_xlfn.XLOOKUP($B6,rf1_data!$B:$B,rf1_data!CO:CO,"NaN"))) -> NaN | CX6: =IF(_xlfn.XLOOKUP($B6,rf1_data!$B:$B,rf1_data!CP:CP,"NaN")="","NaN",(_xlfn.XLOOKUP($B6,rf1_data!$B:$B,rf1_data!CP:CP,"NaN"))) -> NaN | CY6: =IF(_xlfn.XLOOKUP($B6,rf1_data!$B:$B,rf1_data!CQ:CQ,"NaN")="","NaN",(_xlfn.XLOOKUP($B6,rf1_data!$B:$B,rf1_data!CQ:CQ,"NaN"))) -> 3 | CZ6: =IF(_xlfn.XLOOKUP($B6,rf1_data!$B:$B,rf1_data!CR:CR,"NaN")="","NaN",(_xlfn.XLOOKUP($B6,rf1_data!$B:$B,rf1_data!CR:CR,"NaN"))) -> 3 | DA6: =IF(_xlfn.XLOOKUP($B6,rf1_data!$B:$B,rf1_data!CS:CS,"NaN")="","NaN",(_xlfn.XLOOKUP($B6,rf1_data!$B:$B,rf1_data!CS:CS,"NaN"))) -> 2 | DB6: =IF(_xlfn.XLOOKUP($B6,island_data!$B:$B,island_data!H:H,"NaN")="","NaN",_xlfn.XLOOKUP($B6,island_data!$B:$B,island_data!H:H,"NaN")) -> 3 | DC6: =IF(_xlfn.XLOOKUP($B6,island_data!$B:$B,island_data!I:I,"NaN")="","NaN",_xlfn.XLOOKUP($B6,island_data!$B:$B,island_data!I:I,"NaN")) -> 0 | DD6: =IF(_xlfn.XLOOKUP($B6,island_data!$B:$B,island_data!J:J,"NaN")="","NaN",_xlfn.XLOOKUP($B6,island_data!$B:$B,island_data!J:J,"NaN")) -> 1 | DE6: =IF(_xlfn.XLOOKUP($B6,island_data!$B:$B,island_data!K:K,"NaN")="","NaN",_xlfn.XLOOKUP($B6,island_data!$B:$B,island_data!K:K,"NaN")) -> NaN | DF6: =IF(_xlfn.XLOOKUP($B6,island_data!$B:$B,island_data!L:L,"NaN")="","NaN",_xlfn.XLOOKUP($B6,island_data!$B:$B,island_data!L:L,"NaN")) -> 27 | DG6: =IF(_xlfn.XLOOKUP($B6,island_data!$B:$B,island_data!M:M,"NaN")="","NaN",_xlfn.XLOOKUP($B6,island_data!$B:$B,island_data!M:M,"NaN")) -> 2.5555556 | DH6: =IF(_xlfn.XLOOKUP($B6,island_data!$B:$B,island_data!N:N,"NaN")="","NaN",_xlfn.XLOOKUP($B6,island_data!$B:$B,island_data!N:N,"NaN")) -> 12 | DI6: =IF(_xlfn.XLOOKUP($B6,island_data!$B:$B,island_data!O:O,"NaN")=999,"NaN",_xlfn.XLOOKUP($B6,island_data!$B:$B,island_data!O:O,"NaN")) -> NaN | DJ6: =IF(_xlfn.XLOOKUP($B6,island_data!$B:$B,island_data!P:P,"NaN")="","NaN",_xlfn.XLOOKUP($B6,island_data!$B:$B,island_data!P:P,"NaN")) -> 7 | DK6: =IF(_xlfn.XLOOKUP($B6,island_data!$B:$B,island_data!Q:Q,"NaN")="","NaN",_xlfn.XLOOKUP($B6,island_data!$B:$B,island_data!Q:Q,"NaN")) -> 1 | DL6: =IF(_xlfn.XLOOKUP($B6,island_data!$B:$B,island_data!R:R,"NaN")=999,"NaN",_xlfn.XLOOKUP($B6,island_data!$B:$B,island_data!R:R,"NaN")) -> NaN | DM6: =IF(_xlfn.XLOOKUP($B6,island_data!$B:$B,island_data!S:S,"NaN")="","NaN",_xlfn.XLOOKUP($B6,island_data!$B:$B,island_data!S:S,"NaN")) -> 10 | DN6: =IF(_xlfn.XLOOKUP($B6,island_data!$B:$B,island_data!T:T,"NaN")="","NaN",_xlfn.XLOOKUP($B6,island_data!$B:$B,island_data!T:T,"NaN")) -> 4.75 | DO6: =IF(_xlfn.XLOOKUP($B6,island_data!$B:$B,island_data!U:U,"NaN")="","NaN",_xlfn.XLOOKUP($B6,island_data!$B:$B,island_data!U:U,"NaN")) -> 6 | DP6: =IF(_xlfn.XLOOKUP($B6,island_data!$B:$B,island_data!V:V,"NaN")="","NaN",_xlfn.XLOOKUP($B6,island_data!$B:$B,island_data!V:V,"NaN")) -> 1 | DQ6: =IF(_xlfn.XLOOKUP($B6,island_data!$B:$B,island_data!W:W,"NaN")="","NaN",_xlfn.XLOOKUP($B6,island_data!$B:$B,island_data!W:W,"NaN")) -> 7 | DR6: =IF(_xlfn.XLOOKUP($B6,island_data!$B:$B,island_data!X:X,"NaN")="","NaN",_xlfn.XLOOKUP($B6,island_data!$B:$B,island_data!X:X,"NaN")) -> 6 | DS6: =IF(_xlfn.XLOOKUP($B6,island_data!$B:$B,island_data!Y:Y,"NaN")="","NaN",_xlfn.XLOOKUP($B6,island_data!$B:$B,island_data!Y:Y,"NaN")) -> NaN | DT6: =IF(_xlfn.XLOOKUP($B6,island_data!$B:$B,island_data!Z:Z,"NaN")="","NaN",_xlfn.XLOOKUP($B6,island_data!$B:$B,island_data!Z:Z,"NaN")) -> NaN | DU6: =IF(_xlfn.XLOOKUP($B6,island_data!$B:$B,island_data!AA:AA,"NaN")="","NaN",_xlfn.XLOOKUP($B6,island_data!$B:$B,island_data!AA:AA,"NaN")) -> NaN | DV6: =IF(_xlfn.XLOOKUP($B6,island_data!$B:$B,island_data!AB:AB,"NaN")="","NaN",_xlfn.XLOOKUP($B6,island_data!$B:$B,island_data!AB:AB,"NaN")) -> 1 | DW6: =IF(_xlfn.XLOOKUP($B6,island_data!$B:$B,island_data!AC:AC,"NaN")="","NaN",_xlfn.XLOOKUP($B6,island_data!$B:$B,island_data!AC:AC,"NaN")) -> 44112 | DX6: =IF(_xlfn.XLOOKUP($B6,island_data!$B:$B,island_data!AD:AD,"NaN")="","NaN",_xlfn.XLOOKUP($B6,island_data!$B:$B,island_data!AD:AD,"NaN")) -> 7 | DY6: =IF(_xlfn.XLOOKUP($B6,island_data!$B:$B,island_data!AE:AE,"NaN")="","NaN",_xlfn.XLOOKUP($B6,island_data!$B:$B,island_data!AE:AE,"NaN")) -> 0 | DZ6: =IF(_xlfn.XLOOKUP($B6,island_data!$B:$B,island_data!AF:AF,"NaN")="","NaN",_xlfn.XLOOKUP($B6,island_data!$B:$B,island_data!AF:AF,"NaN")) -> NaN | EA6: =IF(_xlfn.XLOOKUP($B6,island_data!$B:$B,island_data!AG:AG,"NaN")="","NaN",_xlfn.XLOOKUP($B6,island_data!$B:$B,island_data!AG:AG,"NaN")) -> NaN | EB6: =IF(_xlfn.XLOOKUP($B6,island_data!$B:$B,island_data!AH:AH,"NaN")="","NaN",_xlfn.XLOOKUP($B6,island_data!$B:$B,island_data!AH:AH,"NaN")) -> NaN | EC6: =IF(_xlfn.XLOOKUP($B6,island_data!$B:$B,island_data!AI:AI,"NaN")="","NaN",_xlfn.XLOOKUP($B6,island_data!$B:$B,island_data!AI:AI,"NaN")) -> NaN | ED6: =IF(_xlfn.XLOOKUP($B6,island_data!$B:$B,island_data!AJ:AJ,"NaN")="","NaN",_xlfn.XLOOKUP($B6,island_data!$B:$B,island_data!AJ:AJ,"NaN")) -> NaN | EE6: =IF(_xlfn.XLOOKUP($B6,island_data!$B:$B,island_data!AK:AK,"NaN")="","NaN",_xlfn.XLOOKUP($B6,island_data!$B:$B,island_data!AK:AK,"NaN")) -> NaN | EF6: =IF(_xlfn.XLOOKUP($B6,island_data!$B:$B,island_data!AL:AL,"NaN")="","NaN",_xlfn.XLOOKUP($B6,island_data!$B:$B,island_data!AL:AL,"NaN")) -> NaN | EG6: =IF(_xlfn.XLOOKUP($B6,island_data!$B:$B,island_data!AM:AM,"NaN")="","NaN",_xlfn.XLOOKUP($B6,island_data!$B:$B,island_data!AM:AM,"NaN")) -> NaN | EH6: =IF(_xlfn.XLOOKUP($B6,island_data!$B:$B,island_data!AN:AN,"NaN")="","NaN",_xlfn.XLOOKUP($B6,island_data!$B:$B,island_data!AN:AN,"NaN")) -> 1 | EI6: =IF(_xlfn.XLOOKUP($B6,island_data!$B:$B,island_data!AO:AO,"NaN")="","NaN",_xlfn.XLOOKUP($B6,island_data!$B:$B,island_data!AO:AO,"NaN")) -> NaN | EJ6: =IF(_xlfn.XLOOKUP($A6,TabCAT!$A:$A,TabCAT!AU:AU,"NaN")="","NaN",(_xlfn.XLOOKUP($A6,TabCAT!$A:$A,TabCAT!AU:AU,"NaN"))) -> 179 | EK6: =IF(_xlfn.XLOOKUP($A6,TabCAT!$A:$A,TabCAT!AV:AV,"NaN")="","NaN",(_xlfn.XLOOKUP($A6,TabCAT!$A:$A,TabCAT!AV:AV,"NaN"))) -> TRUE | EL6: =IF(_xlfn.XLOOKUP($A6,TabCAT!$A:$A,TabCAT!AW:AW,"NaN")="","NaN",(_xlfn.XLOOKUP($A6,TabCAT!$A:$A,TabCAT!AW:AW,"NaN"))) -> 6 | EM6: =IF(_xlfn.XLOOKUP($A6,TabCAT!$A:$A,TabCAT!AX:AX,"NaN")="","NaN",(_xlfn.XLOOKUP($A6,TabCAT!$A:$A,TabCAT!AX:AX,"NaN"))) -> 0 | EN6: =IF(_xlfn.XLOOKUP($A6,TabCAT!$A:$A,TabCAT!AY:AY,"NaN")="","NaN",(_xlfn.XLOOKUP($A6,TabCAT!$A:$A,TabCAT!AY:AY,"NaN"))) -> 7.67 | EO6: =IF(_xlfn.XLOOKUP($A6,TabCAT!$A:$A,TabCAT!AZ:AZ,"NaN")="","NaN",(_xlfn.XLOOKUP($A6,TabCAT!$A:$A,TabCAT!AZ:AZ,"NaN"))) -> 32 | EP6: =IF(_xlfn.XLOOKUP($A6,TabCAT!$A:$A,TabCAT!BA:BA,"NaN")="","NaN",(_xlfn.XLOOKUP($A6,TabCAT!$A:$A,TabCAT!BA:BA,"NaN"))) -> 0.946005 | EQ6: =IF(_xlfn.XLOOKUP($A6,TabCAT!$A:$A,TabCAT!BB:BB,"NaN")="","NaN",(_xlfn.XLOOKUP($A6,TabCAT!$A:$A,TabCAT!BB:BB,"NaN"))) -> 0.080847855 | ER6: =IF(_xlfn.XLOOKUP($A6,TabCAT!$A:$A,TabCAT!BC:BC,"NaN")="","NaN",(_xlfn.XLOOKUP($A6,TabCAT!$A:$A,TabCAT!BC:BC,"NaN"))) -> 16 | ES6: =IF(_xlfn.XLOOKUP($A6,TabCAT!$A:$A,TabCAT!BD:BD,"NaN")="","NaN",(_xlfn.XLOOKUP($A6,TabCAT!$A:$A,TabCAT!BD:BD,"NaN"))) -> 0.9014195 | ET6: =IF(_xlfn.XLOOKUP($A6,TabCAT!$A:$A,TabCAT!BE:BE,"NaN")="","NaN",(_xlfn.XLOOKUP($A6,TabCAT!$A:$A,TabCAT!BE:BE,"NaN"))) -> 16 | EU6: =IF(_xlfn.XLOOKUP($A6,TabCAT!$A:$A,TabCAT!BF:BF,"NaN")="","NaN",(_xlfn.XLOOKUP($A6,TabCAT!$A:$A,TabCAT!BF:BF,"NaN"))) -> 1.0043255 | EV6: =IF(_xlfn.XLOOKUP($A6,TabCAT!$A:$A,TabCAT!BG:BG,"NaN")="","NaN",(_xlfn.XLOOKUP($A6,TabCAT!$A:$A,TabCAT!BG:BG,"NaN"))) -> NaN | EW6: =IF(_xlfn.XLOOKUP($A6,TabCAT!$A:$A,TabCAT!BH:BH,"NaN")="","NaN",(_xlfn.XLOOKUP($A6,TabCAT!$A:$A,TabCAT!BH:BH,"NaN"))) -> 3.0.0 | EX6: =IF(_xlfn.XLOOKUP($A6,TabCAT!$A:$A,TabCAT!BI:BI,"NaN")="","NaN",(_xlfn.XLOOKUP($A6,TabCAT!$A:$A,TabCAT!BI:BI,"NaN"))) -> English | EY6: =IF(_xlfn.XLOOKUP($A6,TabCAT!$A:$A,TabCAT!BJ:BJ,"NaN")="","NaN",(_xlfn.XLOOKUP($A6,TabCAT!$A:$A,TabCAT!BJ:BJ,"NaN"))) -> 264 | EZ6: =IF(_xlfn.XLOOKUP($A6,TabCAT!$A:$A,TabCAT!BK:BK,"NaN")="","NaN",(_xlfn.XLOOKUP($A6,TabCAT!$A:$A,TabCAT!BK:BK,"NaN"))) -> 1 | FA6: =IF(_xlfn.XLOOKUP($A6,TabCAT!$A:$A,TabCAT!BL:BL,"NaN")="","NaN",(_xlfn.XLOOKUP($A6,TabCAT!$A:$A,TabCAT!BL:BL,"NaN"))) -> 6 | FB6: =IF(_xlfn.XLOOKUP($A6,TabCAT!$A:$A,TabCAT!BM:BM,"NaN")="","NaN",(_xlfn.XLOOKUP($A6,TabCAT!$A:$A,TabCAT!BM:BM,"NaN"))) -> 1 | FC6: =IF(_xlfn.XLOOKUP($A6,TabCAT!$A:$A,TabCAT!BN:BN,"NaN")="","NaN",(_xlfn.XLOOKUP($A6,TabCAT!$A:$A,TabCAT!BN:BN,"NaN"))) -> 6 | FD6: =IF(_xlfn.XLOOKUP($A6,TabCAT!$A:$A,TabCAT!BO:BO,"NaN")="","NaN",(_xlfn.XLOOKUP($A6,TabCAT!$A:$A,TabCAT!BO:BO,"NaN"))) -> 6 | FE6: =IF(_xlfn.XLOOKUP($A6,TabCAT!$A:$A,TabCAT!BP:BP,"NaN")="","NaN",(_xlfn.XLOOKUP($A6,TabCAT!$A:$A,TabCAT!BP:BP,"NaN"))) -> 0.66666667 | FF6: =IF(_xlfn.XLOOKUP($A6,TabCAT!$A:$A,TabCAT!BQ:BQ,"NaN")="","NaN",(_xlfn.XLOOKUP($A6,TabCAT!$A:$A,TabCAT!BQ:BQ,"NaN"))) -> 6 | FG6: =IF(_xlfn.XLOOKUP($A6,TabCAT!$A:$A,TabCAT!BR:BR,"NaN")="","NaN",(_xlfn.XLOOKUP($A6,TabCAT!$A:$A,TabCAT!BR:BR,"NaN"))) -> 5 | FH6: =IF(_xlfn.XLOOKUP($A6,TabCAT!$A:$A,TabCAT!BS:BS,"NaN")="","NaN",(_xlfn.XLOOKUP($A6,TabCAT!$A:$A,TabCAT!BS:BS,"NaN"))) -> 0.41666667 | FI6: =IF(_xlfn.XLOOKUP($A6,TabCAT!$A:$A,TabCAT!BT:BT,"NaN")="","NaN",(_xlfn.XLOOKUP($A6,TabCAT!$A:$A,TabCAT!BT:BT,"NaN"))) -> 4 | FJ6: =IF(_xlfn.XLOOKUP($A6,TabCAT!$A:$A,TabCAT!BU:BU,"NaN")="","NaN",(_xlfn.XLOOKUP($A6,TabCAT!$A:$A,TabCAT!BU:BU,"NaN"))) -> 11 | FK6: =IF(_xlfn.XLOOKUP($A6,TabCAT!$A:$A,TabCAT!BV:BV,"NaN")="","NaN",(_xlfn.XLOOKUP($A6,TabCAT!$A:$A,TabCAT!BV:BV,"NaN"))) -> 0.73333333 | FL6: =IF(_xlfn.XLOOKUP($A6,TabCAT!$A:$A,TabCAT!BW:BW,"NaN")="","NaN",(_xlfn.XLOOKUP($A6,TabCAT!$A:$A,TabCAT!BW:BW,"NaN"))) -> 6.5 | FM6: =IF(_xlfn.XLOOKUP($A6,TabCAT!$A:$A,TabCAT!BX:BX,"NaN")="","NaN",(_xlfn.XLOOKUP($A6,TabCAT!$A:$A,TabCAT!BX:BX,"NaN"))) -> 28 | FN6: =IF(_xlfn.XLOOKUP($A6,TabCAT!$A:$A,TabCAT!BY:BY,"NaN")="","NaN",(_xlfn.XLOOKUP($A6,TabCAT!$A:$A,TabCAT!BY:BY,"NaN"))) -> 0.66666667 | FO6: =IF(_xlfn.XLOOKUP($A6,TabCAT!$A:$A,TabCAT!BZ:BZ,"NaN")="","NaN",(_xlfn.XLOOKUP($A6,TabCAT!$A:$A,TabCAT!BZ:BZ,"NaN"))) -> 22.5 | FP6: =IF(_xlfn.XLOOKUP($A6,TabCAT!$A:$A,TabCAT!CA:CA,"NaN")="","NaN",(_xlfn.XLOOKUP($A6,TabCAT!$A:$A,TabCAT!CA:CA,"NaN"))) -> 3.0.0 | FQ6: =IF(_xlfn.XLOOKUP($A6,TabCAT!$A:$A,TabCAT!CB:CB,"NaN")="","NaN",(_xlfn.XLOOKUP($A6,TabCAT!$A:$A,TabCAT!CB:CB,"NaN"))) -> English | FR6: =IF(_xlfn.XLOOKUP($A6,TabCAT!$A:$A,TabCAT!CC:CC,"NaN")="","NaN",(_xlfn.XLOOKUP($A6,TabCAT!$A:$A,TabCAT!CC:CC,"NaN"))) -> 252 | FS6: =IF(_xlfn.XLOOKUP($A6,TabCAT!$A:$A,TabCAT!CD:CD,"NaN")="","NaN",(_xlfn.XLOOKUP($A6,TabCAT!$A:$A,TabCAT!CD:CD,"NaN"))) -> TRUE | FT6: =IF(_xlfn.XLOOKUP($A6,TabCAT!$A:$A,TabCAT!CE:CE,"NaN")="","NaN",(_xlfn.XLOOKUP($A6,TabCAT!$A:$A,TabCAT!CE:CE,"NaN"))) -> 8 | FU6: =IF(_xlfn.XLOOKUP($A6,TabCAT!$A:$A,TabCAT!CF:CF,"NaN")="","NaN",(_xlfn.XLOOKUP($A6,TabCAT!$A:$A,TabCAT!CF:CF,"NaN"))) -> 0 | FV6: =IF(_xlfn.XLOOKUP($A6,TabCAT!$A:$A,TabCAT!CG:CG,"NaN")="","NaN",(_xlfn.XLOOKUP($A6,TabCAT!$A:$A,TabCAT!CG:CG,"NaN"))) -> 7.06 | FW6: =IF(_xlfn.XLOOKUP($A6,TabCAT!$A:$A,TabCAT!CH:CH,"NaN")="","NaN",(_xlfn.XLOOKUP($A6,TabCAT!$A:$A,TabCAT!CH:CH,"NaN"))) -> 16 | FX6: =IF(_xlfn.XLOOKUP($A6,TabCAT!$A:$A,TabCAT!CI:CI,"NaN")="","NaN",(_xlfn.XLOOKUP($A6,TabCAT!$A:$A,TabCAT!CI:CI,"NaN"))) -> 0.918074 | FY6: =IF(_xlfn.XLOOKUP($A6,TabCAT!$A:$A,TabCAT!CJ:CJ,"NaN")="","NaN",(_xlfn.XLOOKUP($A6,TabCAT!$A:$A,TabCAT!CJ:CJ,"NaN"))) -> 16 | FZ6: =IF(_xlfn.XLOOKUP($A6,TabCAT!$A:$A,TabCAT!CK:CK,"NaN")="","NaN",(_xlfn.XLOOKUP($A6,TabCAT!$A:$A,TabCAT!CK:CK,"NaN"))) -> 0.975643 | GA6: =IF(_xlfn.XLOOKUP($A6,TabCAT!$A:$A,TabCAT!CL:CL,"NaN")="","NaN",(_xlfn.XLOOKUP($A6,TabCAT!$A:$A,TabCAT!CL:CL,"NaN"))) -> 32 | GB6: =IF(_xlfn.XLOOKUP($A6,TabCAT!$A:$A,TabCAT!CM:CM,"NaN")="","NaN",(_xlfn.XLOOKUP($A6,TabCAT!$A:$A,TabCAT!CM:CM,"NaN"))) -> 1.092086 | GC6: =IF(_xlfn.XLOOKUP($A6,TabCAT!$A:$A,TabCAT!CN:CN,"NaN")="","NaN",(_xlfn.XLOOKUP($A6,TabCAT!$A:$A,TabCAT!CN:CN,"NaN"))) -> 20 | GD6: =IF(_xlfn.XLOOKUP($A6,TabCAT!$A:$A,TabCAT!CO:CO,"NaN")="","NaN",(_xlfn.XLOOKUP($A6,TabCAT!$A:$A,TabCAT!CO:CO,"NaN"))) -> 1.092086 | GE6: =IF(_xlfn.XLOOKUP($A6,TabCAT!$A:$A,TabCAT!CP:CP,"NaN")="","NaN",(_xlfn.XLOOKUP($A6,TabCAT!$A:$A,TabCAT!CP:CP,"NaN"))) -> 0.2177366 | GF6: =IF(_xlfn.XLOOKUP($A6,TabCAT!$A:$A,TabCAT!CQ:CQ,"NaN")="","NaN",(_xlfn.XLOOKUP($A6,TabCAT!$A:$A,TabCAT!CQ:CQ,"NaN"))) -> 54 | GG6: =IF(_xlfn.XLOOKUP($A6,TabCAT!$A:$A,TabCAT!CR:CR,"NaN")="","NaN",(_xlfn.XLOOKUP($A6,TabCAT!$A:$A,TabCAT!CR:CR,"NaN"))) -> 0.9548015 | GH6: =IF(_xlfn.XLOOKUP($A6,TabCAT!$A:$A,TabCAT!CS:CS,"NaN")="","NaN",(_xlfn.XLOOKUP($A6,TabCAT!$A:$A,TabCAT!CS:CS,"NaN"))) -> NaN
A7: 10462 | B7: =_xlfn.XLOOKUP(bippity_poppity_boo!A7,rf1_data!A:A,rf1_data!B:B) -> 21960 | C7: =(_xlfn.XLOOKUP($A7,trust!$A:$A,trust!B:B,"NaN")) -> 2 | D7: =(_xlfn.XLOOKUP($A7,trust!$A:$A,trust!C:C,"NaN")) -> 3 | E7: =(_xlfn.XLOOKUP($A7,trust!$A:$A,trust!D:D,"NaN")) -> 2.857143 | F7: =(_xlfn.XLOOKUP($A7,trust!$A:$A,trust!E:E,"NaN")) -> 3.5 | G7: =(_xlfn.XLOOKUP($A7,trust!$A:$A,trust!F:F,"NaN")) -> 3.666667 | H7: =(_xlfn.XLOOKUP($A7,trust!$A:$A,trust!G:G,"NaN")) -> 5.2 | I7: =IF(_xlfn.XLOOKUP($B7,island_data!$B:$B,island_data!C:C,"NaN")="","NaN",_xlfn.XLOOKUP($B7,island_data!$B:$B,island_data!C:C,"NaN")) -> 45105 | J7: =IF(_xlfn.XLOOKUP($B7,island_data!$B:$B,island_data!D:D,"NaN")="","NaN",_xlfn.XLOOKUP($B7,island_data!$B:$B,island_data!D:D,"NaN")) -> 22225 | K7: =IF(_xlfn.XLOOKUP($B7,island_data!$B:$B,island_data!E:E,"NaN")="","NaN",_xlfn.XLOOKUP($B7,island_data!$B:$B,island_data!E:E,"NaN")) -> 62.64 | L7: =IF(_xlfn.XLOOKUP($B7,rf1_data!$B:$B,rf1_data!D:D,"NaN")="","NaN",(_xlfn.XLOOKUP($B7,rf1_data!$B:$B,rf1_data!D:D,"NaN"))) -> 62.04 | M7: =IF(_xlfn.XLOOKUP($B7,rf1_data!$B:$B,rf1_data!E:E,"NaN")="","NaN",(_xlfn.XLOOKUP($B7,rf1_data!$B:$B,rf1_data!E:E,"NaN"))) -> Black or African American | N7: =IF(_xlfn.XLOOKUP($B7,rf1_data!$B:$B,rf1_data!F:F,"NaN")="","NaN",(_xlfn.XLOOKUP($B7,rf1_data!$B:$B,rf1_data!F:F,"NaN"))) -> Not Hispanic or Latino | O7: =IF(_xlfn.XLOOKUP($B7,rf1_data!$B:$B,rf1_data!G:G,"NaN")="","NaN",(_xlfn.XLOOKUP($B7,rf1_data!$B:$B,rf1_data!G:G,"NaN"))) -> Male | P7: =IF(_xlfn.XLOOKUP($B7,rf1_data!$B:$B,rf1_data!H:H,"NaN")="","NaN",(_xlfn.XLOOKUP($B7,rf1_data!$B:$B,rf1_data!H:H,"NaN"))) -> 4.67 | Q7: =IF(_xlfn.XLOOKUP($B7,rf1_data!$B:$B,rf1_data!I:I,"NaN")="","NaN",(_xlfn.XLOOKUP($B7,rf1_data!$B:$B,rf1_data!I:I,"NaN"))) -> 3.44 | R7: =IF(_xlfn.XLOOKUP($B7,rf1_data!$B:$B,rf1_data!J:J,"NaN")="","NaN",(_xlfn.XLOOKUP($B7,rf1_data!$B:$B,rf1_data!J:J,"NaN"))) -> 4 | S7: =IF(_xlfn.XLOOKUP($B7,rf1_data!$B:$B,rf1_data!K:K,"NaN")="","NaN",(_xlfn.XLOOKUP($B7,rf1_data!$B:$B,rf1_data!K:K,"NaN"))) -> 3 | T7: =IF(_xlfn.XLOOKUP($B7,rf1_data!$B:$B,rf1_data!L:L,"NaN")="","NaN",(_xlfn.XLOOKUP($B7,rf1_data!$B:$B,rf1_data!L:L,"NaN"))) -> 0 | U7: =IF(_xlfn.XLOOKUP($B7,rf1_data!$B:$B,rf1_data!M:M,"NaN")="","NaN",(_xlfn.XLOOKUP($B7,rf1_data!$B:$B,rf1_data!M:M,"NaN"))) -> NaN | V7: =IF(_xlfn.XLOOKUP($B7,rf1_data!$B:$B,rf1_data!N:N,"NaN")="","NaN",(_xlfn.XLOOKUP($B7,rf1_data!$B:$B,rf1_data!N:N,"NaN"))) -> NaN | W7: =IF(_xlfn.XLOOKUP($B7,rf1_data!$B:$B,rf1_data!O:O,"NaN")="","NaN",(_xlfn.XLOOKUP($B7,rf1_data!$B:$B,rf1_data!O:O,"NaN"))) -> NaN | X7: =IF(_xlfn.XLOOKUP($B7,rf1_data!$B:$B,rf1_data!P:P,"NaN")="","NaN",(_xlfn.XLOOKUP($B7,rf1_data!$B:$B,rf1_data!P:P,"NaN"))) -> NaN | Y7: =IF(_xlfn.XLOOKUP($B7,rf1_data!$B:$B,rf1_data!Q:Q,"NaN")="","NaN",(_xlfn.XLOOKUP($B7,rf1_data!$B:$B,rf1_data!Q:Q,"NaN"))) -> NaN | Z7: =IF(_xlfn.XLOOKUP($B7,rf1_data!$B:$B,rf1_data!R:R,"NaN")="","NaN",(_xlfn.XLOOKUP($B7,rf1_data!$B:$B,rf1_data!R:R,"NaN"))) -> 5 | AA7: =IF(_xlfn.XLOOKUP($B7,rf1_data!$B:$B,rf1_data!S:S,"NaN")="","NaN",(_xlfn.XLOOKUP($B7,rf1_data!$B:$B,rf1_data!S:S,"NaN"))) -> 0 | AB7: =IF(_xlfn.XLOOKUP($B7,rf1_data!$B:$B,rf1_data!T:T,"NaN")="","NaN",(_xlfn.XLOOKUP($B7,rf1_data!$B:$B,rf1_data!T:T,"NaN"))) -> 5 | AC7: =IF(_xlfn.XLOOKUP($B7,rf1_data!$B:$B,rf1_data!U:U,"NaN")="","NaN",(_xlfn.XLOOKUP($B7,rf1_data!$B:$B,rf1_data!U:U,"NaN"))) -> 0 | AD7: =IF(_xlfn.XLOOKUP($B7,rf1_data!$B:$B,rf1_data!V:V,"NaN")="","NaN",(_xlfn.XLOOKUP($B7,rf1_data!$B:$B,rf1_data!V:V,"NaN"))) -> 0 | AE7: =IF(_xlfn.XLOOKUP($B7,rf1_data!$B:$B,rf1_data!W:W,"NaN")="","NaN",(_xlfn.XLOOKUP($B7,rf1_data!$B:$B,rf1_data!W:W,"NaN"))) -> 3 | AF7: =IF(_xlfn.XLOOKUP($B7,rf1_data!$B:$B,rf1_data!X:X,"NaN")="","NaN",(_xlfn.XLOOKUP($B7,rf1_data!$B:$B,rf1_data!X:X,"NaN"))) -> 4 | AG7: =IF(_xlfn.XLOOKUP($B7,rf1_data!$B:$B,rf1_data!Y:Y,"NaN")="","NaN",(_xlfn.XLOOKUP($B7,rf1_data!$B:$B,rf1_data!Y:Y,"NaN"))) -> 6 | AH7: =IF(_xlfn.XLOOKUP($B7,rf1_data!$B:$B,rf1_data!Z:Z,"NaN")="","NaN",(_xlfn.XLOOKUP($B7,rf1_data!$B:$B,rf1_data!Z:Z,"NaN"))) -> 2 | AI7: =IF(_xlfn.XLOOKUP($B7,rf1_data!$B:$B,rf1_data!AA:AA,"NaN")="","NaN",(_xlfn.XLOOKUP($B7,rf1_data!$B:$B,rf1_data!AA:AA,"NaN"))) -> 1 | AJ7: =IF(_xlfn.XLOOKUP($B7,rf1_data!$B:$B,rf1_data!AB:AB,"NaN")="","NaN",(_xlfn.XLOOKUP($B7,rf1_data!$B:$B,rf1_data!AB:AB,"NaN"))) -> 16 | AK7: =IF(_xlfn.XLOOKUP($B7,rf1_data!$B:$B,rf1_data!AC:AC,"NaN")="","NaN",(_xlfn.XLOOKUP($B7,rf1_data!$B:$B,rf1_data!AC:AC,"NaN"))) -> 27 | AL7: =IF(_xlfn.XLOOKUP($B7,rf1_data!$B:$B,rf1_data!AD:AD,"NaN")="","NaN",(_xlfn.XLOOKUP($B7,rf1_data!$B:$B,rf1_data!AD:AD,"NaN"))) -> 10 | AM7: =IF(_xlfn.XLOOKUP($B7,rf1_data!$B:$B,rf1_data!AE:AE,"NaN")="","NaN",(_xlfn.XLOOKUP($B7,rf1_data!$B:$B,rf1_data!AE:AE,"NaN"))) -> 0 | AN7: =IF(_xlfn.XLOOKUP($B7,rf1_data!$B:$B,rf1_data!AF:AF,"NaN")="","NaN",(_xlfn.XLOOKUP($B7,rf1_data!$B:$B,rf1_data!AF:AF,"NaN"))) -> 0 | AO7: =IF(_xlfn.XLOOKUP($B7,rf1_data!$B:$B,rf1_data!AG:AG,"NaN")="","NaN",(_xlfn.XLOOKUP($B7,rf1_data!$B:$B,rf1_data!AG:AG,"NaN"))) -> NaN | AP7: =IF(_xlfn.XLOOKUP($B7,rf1_data!$B:$B,rf1_data!AH:AH,"NaN")="","NaN",(_xlfn.XLOOKUP($B7,rf1_data!$B:$B,rf1_data!AH:AH,"NaN"))) -> NaN | AQ7: =IF(_xlfn.XLOOKUP($B7,rf1_data!$B:$B,rf1_data!AI:AI,"NaN")="","NaN",(_xlfn.XLOOKUP($B7,rf1_data!$B:$B,rf1_data!AI:AI,"NaN"))) -> NaN | AR7: =IF(_xlfn.XLOOKUP($B7,rf1_data!$B:$B,rf1_data!AJ:AJ,"NaN")="","NaN",(_xlfn.XLOOKUP($B7,rf1_data!$B:$B,rf1_data!AJ:AJ,"NaN"))) -> NaN | AS7: =IF(_xlfn.XLOOKUP($B7,rf1_data!$B:$B,rf1_data!AK:AK,"NaN")="","NaN",(_xlfn.XLOOKUP($B7,rf1_data!$B:$B,rf1_data!AK:AK,"NaN"))) -> 3.2 | AT7: =IF(_xlfn.XLOOKUP($B7,rf1_data!$B:$B,rf1_data!AL:AL,"NaN")="","NaN",(_xlfn.XLOOKUP($B7,rf1_data!$B:$B,rf1_data!AL:AL,"NaN"))) -> 8 | AU7: =IF(_xlfn.XLOOKUP($B7,rf1_data!$B:$B,rf1_data!AM:AM,"NaN")="","NaN",(_xlfn.XLOOKUP($B7,rf1_data!$B:$B,rf1_data!AM:AM,"NaN"))) -> 2.67 | AV7: =IF(_xlfn.XLOOKUP($B7,rf1_data!$B:$B,rf1_data!AN:AN,"NaN")="","NaN",(_xlfn.XLOOKUP($B7,rf1_data!$B:$B,rf1_data!AN:AN,"NaN"))) -> 0 | AW7: =IF(_xlfn.XLOOKUP($B7,rf1_data!$B:$B,rf1_data!AO:AO,"NaN")="","NaN",(_xlfn.XLOOKUP($B7,rf1_data!$B:$B,rf1_data!AO:AO,"NaN"))) -> NaN | AX7: =IF(_xlfn.XLOOKUP($B7,rf1_data!$B:$B,rf1_data!AP:AP,"NaN")="","NaN",(_xlfn.XLOOKUP($B7,rf1_data!$B:$B,rf1_data!AP:AP,"NaN"))) -> 3.14 | AY7: =IF(_xlfn.XLOOKUP($B7,rf1_data!$B:$B,rf1_data!AQ:AQ,"NaN")="","NaN",(_xlfn.XLOOKUP($B7,rf1_data!$B:$B,rf1_data!AQ:AQ,"NaN"))) -> 110 | AZ7: =IF(_xlfn.XLOOKUP($B7,rf1_data!$B:$B,rf1_data!AR:AR,"NaN")="","NaN",(_xlfn.XLOOKUP($B7,rf1_data!$B:$B,rf1_data!AR:AR,"NaN"))) -> NaN | BA7: =IF(_xlfn.XLOOKUP($B7,rf1_data!$B:$B,rf1_data!AS:AS,"NaN")="","NaN",(_xlfn.XLOOKUP($B7,rf1_data!$B:$B,rf1_data!AS:AS,"NaN"))) -> NaN | BB7: =IF(_xlfn.XLOOKUP($B7,rf1_data!$B:$B,rf1_data!AT:AT,"NaN")="","NaN",(_xlfn.XLOOKUP($B7,rf1_data!$B:$B,rf1_data!AT:AT,"NaN"))) -> NaN | BC7: =IF(_xlfn.XLOOKUP($B7,rf1_data!$B:$B,rf1_data!AU:AU,"NaN")="","NaN",(_xlfn.XLOOKUP($B7,rf1_data!$B:$B,rf1_data!AU:AU,"NaN"))) -> NaN | BD7: =IF(_xlfn.XLOOKUP($B7,rf1_data!$B:$B,rf1_data!AV:AV,"NaN")="","NaN",(_xlfn.XLOOKUP($B7,rf1_data!$B:$B,rf1_data!AV:AV,"NaN"))) -> NaN | BE7: =IF(_xlfn.XLOOKUP($B7,rf1_data!$B:$B,rf1_data!AW:AW,"NaN")="","NaN",(_xlfn.XLOOKUP($B7,rf1_data!$B:$B,rf1_data!AW:AW,"NaN"))) -> NaN | BF7: =IF(_xlfn.XLOOKUP($B7,rf1_data!$B:$B,rf1_data!AX:AX,"NaN")="","NaN",(_xlfn.XLOOKUP($B7,rf1_data!$B:$B,rf1_data!AX:AX,"NaN"))) -> NaN | BG7: =IF(_xlfn.XLOOKUP($B7,rf1_data!$B:$B,rf1_data!AY:AY,"NaN")="","NaN",(_xlfn.XLOOKUP($B7,rf1_data!$B:$B,rf1_data!AY:AY,"NaN"))) -> NaN | BH7: =IF(_xlfn.XLOOKUP($B7,rf1_data!$B:$B,rf1_data!AZ:AZ,"NaN")="","NaN",(_xlfn.XLOOKUP($B7,rf1_data!$B:$B,rf1_data!AZ:AZ,"NaN"))) -> NaN | BI7: =IF(_xlfn.XLOOKUP($B7,rf1_data!$B:$B,rf1_data!BA:BA,"NaN")="","NaN",(_xlfn.XLOOKUP($B7,rf1_data!$B:$B,rf1_data!BA:BA,"NaN"))) -> 20 | BJ7: =IF(_xlfn.XLOOKUP($B7,rf1_data!$B:$B,rf1_data!BB:BB,"NaN")="","NaN",(_xlfn.XLOOKUP($B7,rf1_data!$B:$B,rf1_data!BB:BB,"NaN"))) -> NaN | BK7: =IF(_xlfn.XLOOKUP($B7,rf1_data!$B:$B,rf1_data!BC:BC,"NaN")="","NaN",(_xlfn.XLOOKUP($B7,rf1_data!$B:$B,rf1_data!BC:BC,"NaN"))) -> NaN | BL7: =IF(_xlfn.XLOOKUP($B7,rf1_data!$B:$B,rf1_data!BD:BD,"NaN")="","NaN",(_xlfn.XLOOKUP($B7,rf1_data!$B:$B,rf1_data!BD:BD,"NaN"))) -> NaN | BM7: =IF(_xlfn.XLOOKUP($B7,rf1_data!$B:$B,rf1_data!BE:BE,"NaN")="","NaN",(_xlfn.XLOOKUP($B7,rf1_data!$B:$B,rf1_data!BE:BE,"NaN"))) -> NaN | BN7: =IF(_xlfn.XLOOKUP($B7,rf1_data!$B:$B,rf1_data!BF:BF,"NaN")="","NaN",(_xlfn.XLOOKUP($B7,rf1_data!$B:$B,rf1_data!BF:BF,"NaN"))) -> NaN | BO7: =IF(_xlfn.XLOOKUP($B7,rf1_data!$B:$B,rf1_data!BG:BG,"NaN")="","NaN",(_xlfn.XLOOKUP($B7,rf1_data!$B:$B,rf1_data!BG:BG,"NaN"))) -> NaN | BP7: =IF(_xlfn.XLOOKUP($B7,rf1_data!$B:$B,rf1_data!BH:BH,"NaN")="","NaN",(_xlfn.XLOOKUP($B7,rf1_data!$B:$B,rf1_data!BH:BH,"NaN"))) -> NaN | BQ7: =IF(_xlfn.XLOOKUP($B7,rf1_data!$B:$B,rf1_data!BI:BI,"NaN")="","NaN",(_xlfn.XLOOKUP($B7,rf1_data!$B:$B,rf1_data!BI:BI,"NaN"))) -> NaN | BR7: =IF(_xlfn.XLOOKUP($B7,rf1_data!$B:$B,rf1_data!BJ:BJ,"NaN")="","NaN",(_xlfn.XLOOKUP($B7,rf1_data!$B:$B,rf1_data!BJ:BJ,"NaN"))) -> 8991 | BS7: =IF(_xlfn.XLOOKUP($B7,rf1_data!$B:$B,rf1_data!BK:BK,"NaN")="","NaN",(_xlfn.XLOOKUP($B7,rf1_data!$B:$B,rf1_data!BK:BK,"NaN"))) -> NaN | BT7: =IF(_xlfn.XLOOKUP($B7,rf1_data!$B:$B,rf1_data!BL:BL,"NaN")="","NaN",(_xlfn.XLOOKUP($B7,rf1_data!$B:$B,rf1_data!BL:BL,"NaN"))) -> NaN | BU7: =IF(_xlfn.XLOOKUP($B7,rf1_data!$B:$B,rf1_data!BM:BM,"NaN")="","NaN",(_xlfn.XLOOKUP($B7,rf1_data!$B:$B,rf1_data!BM:BM,"NaN"))) -> NaN | BV7: =IF(_xlfn.XLOOKUP($B7,rf1_data!$B:$B,rf1_data!BN:BN,"NaN")="","NaN",(_xlfn.XLOOKUP($B7,rf1_data!$B:$B,rf1_data!BN:BN,"NaN"))) -> NaN | BW7: =IF(_xlfn.XLOOKUP($B7,rf1_data!$B:$B,rf1_data!BO:BO,"NaN")="","NaN",(_xlfn.XLOOKUP($B7,rf1_data!$B:$B,rf1_data!BO:BO,"NaN"))) -> 3.6 | BX7: =IF(_xlfn.XLOOKUP($B7,rf1_data!$B:$B,rf1_data!BP:BP,"NaN")="","NaN",(_xlfn.XLOOKUP($B7,rf1_data!$B:$B,rf1_data!BP:BP,"NaN"))) -> 4.3 | BY7: =IF(_xlfn.XLOOKUP($B7,rf1_data!$B:$B,rf1_data!BQ:BQ,"NaN")="","NaN",(_xlfn.XLOOKUP($B7,rf1_data!$B:$B,rf1_data!BQ:BQ,"NaN"))) -> 4 | BZ7: =IF(_xlfn.XLOOKUP($B7,rf1_data!$B:$B,rf1_data!BR:BR,"NaN")="","NaN",(_xlfn.XLOOKUP($B7,rf1_data!$B:$B,rf1_data!BR:BR,"NaN"))) -> 3.97 | CA7: =IF(_xlfn.XLOOKUP($B7,rf1_data!$B:$B,rf1_data!BS:BS,"NaN")="","NaN",(_xlfn.XLOOKUP($B7,rf1_data!$B:$B,rf1_data!BS:BS,"NaN"))) -> 6 | CB7: =IF(_xlfn.XLOOKUP($B7,rf1_data!$B:$B,rf1_data!BT:BT,"NaN")="","NaN",(_xlfn.XLOOKUP($B7,rf1_data!$B:$B,rf1_data!BT:BT,"NaN"))) -> 5.1666667 | CC7: =IF(_xlfn.XLOOKUP($B7,rf1_data!$B:$B,rf1_data!BU:BU,"NaN")="","NaN",(_xlfn.XLOOKUP($B7,rf1_data!$B:$B,rf1_data!BU:BU,"NaN"))) -> 6 | CD7: =IF(_xlfn.XLOOKUP($B7,rf1_data!$B:$B,rf1_data!BV:BV,"NaN")="","NaN",(_xlfn.XLOOKUP($B7,rf1_data!$B:$B,rf1_data!BV:BV,"NaN"))) -> 6 | CE7: =IF(_xlfn.XLOOKUP($B7,rf1_data!$B:$B,rf1_data!BW:BW,"NaN")="","NaN",(_xlfn.XLOOKUP($B7,rf1_data!$B:$B,rf1_data!BW:BW,"NaN"))) -> 0.5 | CF7: =IF(_xlfn.XLOOKUP($B7,rf1_data!$B:$B,rf1_data!BX:BX,"NaN")="","NaN",(_xlfn.XLOOKUP($B7,rf1_data!$B:$B,rf1_data!BX:BX,"NaN"))) -> 4 | CG7: =IF(_xlfn.XLOOKUP($B7,rf1_data!$B:$B,rf1_data!BY:BY,"NaN")="","NaN",(_xlfn.XLOOKUP($B7,rf1_data!$B:$B,rf1_data!BY:BY,"NaN"))) -> 1 | CH7: =IF(_xlfn.XLOOKUP($B7,rf1_data!$B:$B,rf1_data!BZ:BZ,"NaN")="","NaN",(_xlfn.XLOOKUP($B7,rf1_data!$B:$B,rf1_data!BZ:BZ,"NaN"))) -> 20 | CI7: =IF(_xlfn.XLOOKUP($B7,rf1_data!$B:$B,rf1_data!CA:CA,"NaN")="","NaN",(_xlfn.XLOOKUP($B7,rf1_data!$B:$B,rf1_data!CA:CA,"NaN"))) -> 23 | CJ7: =IF(_xlfn.XLOOKUP($B7,rf1_data!$B:$B,rf1_data!CB:CB,"NaN")="","NaN",(_xlfn.XLOOKUP($B7,rf1_data!$B:$B,rf1_data!CB:CB,"NaN"))) -> 4 | CK7: =IF(_xlfn.XLOOKUP($B7,rf1_data!$B:$B,rf1_data!CC:CC,"NaN")="","NaN",(_xlfn.XLOOKUP($B7,rf1_data!$B:$B,rf1_data!CC:CC,"NaN"))) -> 0.5 | CL7: =IF(_xlfn.XLOOKUP($B7,rf1_data!$B:$B,rf1_data!CD:CD,"NaN")=0,"NaN",(_xlfn.XLOOKUP($B7,rf1_data!$B:$B,rf1_data!CD:CD,"NaN"))) -> 20 | CM7: =IF(_xlfn.XLOOKUP($B7,rf1_data!$B:$B,rf1_data!CE:CE,"NaN")="","NaN",(_xlfn.XLOOKUP($B7,rf1_data!$B:$B,rf1_data!CE:CE,"NaN"))) -> NaN | CN7: =IF(_xlfn.XLOOKUP($B7,rf1_data!$B:$B,rf1_data!CF:CF,"NaN")="","NaN",(_xlfn.XLOOKUP($B7,rf1_data!$B:$B,rf1_data!CF:CF,"NaN"))) -> NaN | CO7: =IF(_xlfn.XLOOKUP($B7,rf1_data!$B:$B,rf1_data!CG:CG,"NaN")="","NaN",(_xlfn.XLOOKUP($B7,rf1_data!$B:$B,rf1_data!CG:CG,"NaN"))) -> 31 | CP7: =IF(_xlfn.XLOOKUP($B7,rf1_data!$B:$B,rf1_data!CH:CH,"NaN")=0,"NaN",(_xlfn.XLOOKUP($B7,rf1_data!$B:$B,rf1_data!CH:CH,"NaN"))) -> 27 | CQ7: =IF(_xlfn.XLOOKUP($B7,rf1_data!$B:$B,rf1_data!CI:CI,"NaN")="","NaN",(_xlfn.XLOOKUP($B7,rf1_data!$B:$B,rf1_data!CI:CI,"NaN"))) -> 37 | CR7: =IF(_xlfn.XLOOKUP($B7,rf1_data!$B:$B,rf1_data!CJ:CJ,"NaN")="","NaN",(_xlfn.XLOOKUP($B7,rf1_data!$B:$B,rf1_data!CJ:CJ,"NaN"))) -> 60 | CS7: =IF(_xlfn.XLOOKUP($B7,rf1_data!$B:$B,rf1_data!CK:CK,"NaN")="","NaN",(_xlfn.XLOOKUP($B7,rf1_data!$B:$B,rf1_data!CK:CK,"NaN"))) -> 30 | CT7: =IF(_xlfn.XLOOKUP($B7,rf1_data!$B:$B,rf1_data!CL:CL,"NaN")="","NaN",(_xlfn.XLOOKUP($B7,rf1_data!$B:$B,rf1_data!CL:CL,"NaN"))) -> 60 | CU7: =IF(_xlfn.XLOOKUP($B7,rf1_data!$B:$B,rf1_data!CM:CM,"NaN")="","NaN",(_xlfn.XLOOKUP($B7,rf1_data!$B:$B,rf1_data!CM:CM,"NaN"))) -> 19 | CV7: =IF(_xlfn.XLOOKUP($B7,rf1_data!$B:$B,rf1_data!CN:CN,"NaN")="","NaN",(_xlfn.XLOOKUP($B7,rf1_data!$B:$B,rf1_data!CN:CN,"NaN"))) -> 60 | CW7: =IF(_xlfn.XLOOKUP($B7,rf1_data!$B:$B,rf1_data!CO:CO,"NaN")="","NaN",(_xlfn.XLOOKUP($B7,rf1_data!$B:$B,rf1_data!CO:CO,"NaN"))) -> NaN | CX7: =IF(_xlfn.XLOOKUP($B7,rf1_data!$B:$B,rf1_data!CP:CP,"NaN")="","NaN",(_xlfn.XLOOKUP($B7,rf1_data!$B:$B,rf1_data!CP:CP,"NaN"))) -> NaN | CY7: =IF(_xlfn.XLOOKUP($B7,rf1_data!$B:$B,rf1_data!CQ:CQ,"NaN")="","NaN",(_xlfn.XLOOKUP($B7,rf1_data!$B:$B,rf1_data!CQ:CQ,"NaN"))) -> 3 | CZ7: =IF(_xlfn.XLOOKUP($B7,rf1_data!$B:$B,rf1_data!CR:CR,"NaN")="","NaN",(_xlfn.XLOOKUP($B7,rf1_data!$B:$B,rf1_data!CR:CR,"NaN"))) -> 1 | DA7: =IF(_xlfn.XLOOKUP($B7,rf1_data!$B:$B,rf1_data!CS:CS,"NaN")="","NaN",(_xlfn.XLOOKUP($B7,rf1_data!$B:$B,rf1_data!CS:CS,"NaN"))) -> 1 | DB7: =IF(_xlfn.XLOOKUP($B7,island_data!$B:$B,island_data!H:H,"NaN")="","NaN",_xlfn.XLOOKUP($B7,island_data!$B:$B,island_data!H:H,"NaN")) -> 0 | DC7: =IF(_xlfn.XLOOKUP($B7,island_data!$B:$B,island_data!I:I,"NaN")="","NaN",_xlfn.XLOOKUP($B7,island_data!$B:$B,island_data!I:I,"NaN")) -> 0 | DD7: =IF(_xlfn.XLOOKUP($B7,island_data!$B:$B,island_data!J:J,"NaN")="","NaN",_xlfn.XLOOKUP($B7,island_data!$B:$B,island_data!J:J,"NaN")) -> 8 | DE7: =IF(_xlfn.XLOOKUP($B7,island_data!$B:$B,island_data!K:K,"NaN")="","NaN",_xlfn.XLOOKUP($B7,island_data!$B:$B,island_data!K:K,"NaN")) -> 4 | DF7: =IF(_xlfn.XLOOKUP($B7,island_data!$B:$B,island_data!L:L,"NaN")="","NaN",_xlfn.XLOOKUP($B7,island_data!$B:$B,island_data!L:L,"NaN")) -> 0 | DG7: =IF(_xlfn.XLOOKUP($B7,island_data!$B:$B,island_data!M:M,"NaN")="","NaN",_xlfn.XLOOKUP($B7,island_data!$B:$B,island_data!M:M,"NaN")) -> 2.2222222 | DH7: =IF(_xlfn.XLOOKUP($B7,island_data!$B:$B,island_data!N:N,"NaN")="","NaN",_xlfn.XLOOKUP($B7,island_data!$B:$B,island_data!N:N,"NaN")) -> 12 | DI7: =IF(_xlfn.XLOOKUP($B7,island_data!$B:$B,island_data!O:O,"NaN")=999,"NaN",_xlfn.XLOOKUP($B7,island_data!$B:$B,island_data!O:O,"NaN")) -> NaN | DJ7: =IF(_xlfn.XLOOKUP($B7,island_data!$B:$B,island_data!P:P,"NaN")="","NaN",_xlfn.XLOOKUP($B7,island_data!$B:$B,island_data!P:P,"NaN")) -> 7 | DK7: =IF(_xlfn.XLOOKUP($B7,island_data!$B:$B,island_data!Q:Q,"NaN")="","NaN",_xlfn.XLOOKUP($B7,island_data!$B:$B,island_data!Q:Q,"NaN")) -> 2 | DL7: =IF(_xlfn.XLOOKUP($B7,island_data!$B:$B,island_data!R:R,"NaN")=999,"NaN",_xlfn.XLOOKUP($B7,island_data!$B:$B,island_data!R:R,"NaN")) -> NaN | DM7: =IF(_xlfn.XLOOKUP($B7,island_data!$B:$B,island_data!S:S,"NaN")="","NaN",_xlfn.XLOOKUP($B7,island_data!$B:$B,island_data!S:S,"NaN")) -> 11 | DN7: =IF(_xlfn.XLOOKUP($B7,island_data!$B:$B,island_data!T:T,"NaN")="","NaN",_xlfn.XLOOKUP($B7,island_data!$B:$B,island_data!T:T,"NaN")) -> 4.25 | DO7: =IF(_xlfn.XLOOKUP($B7,island_data!$B:$B,island_data!U:U,"NaN")="","NaN",_xlfn.XLOOKUP($B7,island_data!$B:$B,island_data!U:U,"NaN")) -> 6 | DP7: =IF(_xlfn.XLOOKUP($B7,island_data!$B:$B,island_data!V:V,"NaN")="","NaN",_xlfn.XLOOKUP($B7,island_data!$B:$B,island_data!V:V,"NaN")) -> 1 | DQ7: =IF(_xlfn.XLOOKUP($B7,island_data!$B:$B,island_data!W:W,"NaN")="","NaN",_xlfn.XLOOKUP($B7,island_data!$B:$B,island_data!W:W,"NaN")) -> 7 | DR7: =IF(_xlfn.XLOOKUP($B7,island_data!$B:$B,island_data!X:X,"NaN")="","NaN",_xlfn.XLOOKUP($B7,island_data!$B:$B,island_data!X:X,"NaN")) -> 6 | DS7: =IF(_xlfn.XLOOKUP($B7,island_data!$B:$B,island_data!Y:Y,"NaN")="","NaN",_xlfn.XLOOKUP($B7,island_data!$B:$B,island_data!Y:Y,"NaN")) -> NaN | DT7: =IF(_xlfn.XLOOKUP($B7,island_data!$B:$B,island_data!Z:Z,"NaN")="","NaN",_xlfn.XLOOKUP($B7,island_data!$B:$B,island_data!Z:Z,"NaN")) -> NaN | DU7: =IF(_xlfn.XLOOKUP($B7,island_data!$B:$B,island_data!AA:AA,"NaN")="","NaN",_xlfn.XLOOKUP($B7,island_data!$B:$B,island_data!AA:AA,"NaN")) -> NaN | DV7: =IF(_xlfn.XLOOKUP($B7,island_data!$B:$B,island_data!AB:AB,"NaN")="","NaN",_xlfn.XLOOKUP($B7,island_data!$B:$B,island_data!AB:AB,"NaN")) -> NaN | DW7: =IF(_xlfn.XLOOKUP($B7,island_data!$B:$B,island_data!AC:AC,"NaN")="","NaN",_xlfn.XLOOKUP($B7,island_data!$B:$B,island_data!AC:AC,"NaN")) -> 90044 | DX7: =IF(_xlfn.XLOOKUP($B7,island_data!$B:$B,island_data!AD:AD,"NaN")="","NaN",_xlfn.XLOOKUP($B7,island_data!$B:$B,island_data!AD:AD,"NaN")) -> 7 | DY7: =IF(_xlfn.XLOOKUP($B7,island_data!$B:$B,island_data!AE:AE,"NaN")="","NaN",_xlfn.XLOOKUP($B7,island_data!$B:$B,island_data!AE:AE,"NaN")) -> 1 | DZ7: =IF(_xlfn.XLOOKUP($B7,island_data!$B:$B,island_data!AF:AF,"NaN")="","NaN",_xlfn.XLOOKUP($B7,island_data!$B:$B,island_data!AF:AF,"NaN")) -> NaN | EA7: =IF(_xlfn.XLOOKUP($B7,island_data!$B:$B,island_data!AG:AG,"NaN")="","NaN",_xlfn.XLOOKUP($B7,island_data!$B:$B,island_data!AG:AG,"NaN")) -> NaN | EB7: =IF(_xlfn.XLOOKUP($B7,island_data!$B:$B,island_data!AH:AH,"NaN")="","NaN",_xlfn.XLOOKUP($B7,island_data!$B:$B,island_data!AH:AH,"NaN")) -> NaN | EC7: =IF(_xlfn.XLOOKUP($B7,island_data!$B:$B,island_data!AI:AI,"NaN")="","NaN",_xlfn.XLOOKUP($B7,island_data!$B:$B,island_data!AI:AI,"NaN")) -> NaN | ED7: =IF(_xlfn.XLOOKUP($B7,island_data!$B:$B,island_data!AJ:AJ,"NaN")="","NaN",_xlfn.XLOOKUP($B7,island_data!$B:$B,island_data!AJ:AJ,"NaN")) -> NaN | EE7: =IF(_xlfn.XLOOKUP($B7,island_data!$B:$B,island_data!AK:AK,"NaN")="","NaN",_xlfn.XLOOKUP($B7,island_data!$B:$B,island_data!AK:AK,"NaN")) -> NaN | EF7: =IF(_xlfn.XLOOKUP($B7,island_data!$B:$B,island_data!AL:AL,"NaN")="","NaN",_xlfn.XLOOKUP($B7,island_data!$B:$B,island_data!AL:AL,"NaN")) -> NaN | EG7: =IF(_xlfn.XLOOKUP($B7,island_data!$B:$B,island_data!AM:AM,"NaN")="","NaN",_xlfn.XLOOKUP($B7,island_data!$B:$B,island_data!AM:AM,"NaN")) -> NaN | EH7: =IF(_xlfn.XLOOKUP($B7,island_data!$B:$B,island_data!AN:AN,"NaN")="","NaN",_xlfn.XLOOKUP($B7,island_data!$B:$B,island_data!AN:AN,"NaN")) -> 0 | EI7: =IF(_xlfn.XLOOKUP($B7,island_data!$B:$B,island_data!AO:AO,"NaN")="","NaN",_xlfn.XLOOKUP($B7,island_data!$B:$B,island_data!AO:AO,"NaN")) -> NaN | EJ7: =IF(_xlfn.XLOOKUP($A7,TabCAT!$A:$A,TabCAT!AU:AU,"NaN")="","NaN",(_xlfn.XLOOKUP($A7,TabCAT!$A:$A,TabCAT!AU:AU,"NaN"))) -> 315 | EK7: =IF(_xlfn.XLOOKUP($A7,TabCAT!$A:$A,TabCAT!AV:AV,"NaN")="","NaN",(_xlfn.XLOOKUP($A7,TabCAT!$A:$A,TabCAT!AV:AV,"NaN"))) -> TRUE | EL7: =IF(_xlfn.XLOOKUP($A7,TabCAT!$A:$A,TabCAT!AW:AW,"NaN")="","NaN",(_xlfn.XLOOKUP($A7,TabCAT!$A:$A,TabCAT!AW:AW,"NaN"))) -> 6 | EM7: =IF(_xlfn.XLOOKUP($A7,TabCAT!$A:$A,TabCAT!AX:AX,"NaN")="","NaN",(_xlfn.XLOOKUP($A7,TabCAT!$A:$A,TabCAT!AX:AX,"NaN"))) -> 0 | EN7: =IF(_xlfn.XLOOKUP($A7,TabCAT!$A:$A,TabCAT!AY:AY,"NaN")="","NaN",(_xlfn.XLOOKUP($A7,TabCAT!$A:$A,TabCAT!AY:AY,"NaN"))) -> 7.95 | EO7: =IF(_xlfn.XLOOKUP($A7,TabCAT!$A:$A,TabCAT!AZ:AZ,"NaN")="","NaN",(_xlfn.XLOOKUP($A7,TabCAT!$A:$A,TabCAT!AZ:AZ,"NaN"))) -> 31 | EP7: =IF(_xlfn.XLOOKUP($A7,TabCAT!$A:$A,TabCAT!BA:BA,"NaN")="","NaN",(_xlfn.XLOOKUP($A7,TabCAT!$A:$A,TabCAT!BA:BA,"NaN"))) -> 0.812565 | EQ7: =IF(_xlfn.XLOOKUP($A7,TabCAT!$A:$A,TabCAT!BB:BB,"NaN")="","NaN",(_xlfn.XLOOKUP($A7,TabCAT!$A:$A,TabCAT!BB:BB,"NaN"))) -> 0.12961819 | ER7: =IF(_xlfn.XLOOKUP($A7,TabCAT!$A:$A,TabCAT!BC:BC,"NaN")="","NaN",(_xlfn.XLOOKUP($A7,TabCAT!$A:$A,TabCAT!BC:BC,"NaN"))) -> 16 | ES7: =IF(_xlfn.XLOOKUP($A7,TabCAT!$A:$A,TabCAT!BD:BD,"NaN")="","NaN",(_xlfn.XLOOKUP($A7,TabCAT!$A:$A,TabCAT!BD:BD,"NaN"))) -> 0.729648 | ET7: =IF(_xlfn.XLOOKUP($A7,TabCAT!$A:$A,TabCAT!BE:BE,"NaN")="","NaN",(_xlfn.XLOOKUP($A7,TabCAT!$A:$A,TabCAT!BE:BE,"NaN"))) -> 15 | EU7: =IF(_xlfn.XLOOKUP($A7,TabCAT!$A:$A,TabCAT!BF:BF,"NaN")="","NaN",(_xlfn.XLOOKUP($A7,TabCAT!$A:$A,TabCAT!BF:BF,"NaN"))) -> 0.870823 | EV7: =IF(_xlfn.XLOOKUP($A7,TabCAT!$A:$A,TabCAT!BG:BG,"NaN")="","NaN",(_xlfn.XLOOKUP($A7,TabCAT!$A:$A,TabCAT!BG:BG,"NaN"))) -> NaN | EW7: =IF(_xlfn.XLOOKUP($A7,TabCAT!$A:$A,TabCAT!BH:BH,"NaN")="","NaN",(_xlfn.XLOOKUP($A7,TabCAT!$A:$A,TabCAT!BH:BH,"NaN"))) -> 3.0.0 | EX7: =IF(_xlfn.XLOOKUP($A7,TabCAT!$A:$A,TabCAT!BI:BI,"NaN")="","NaN",(_xlfn.XLOOKUP($A7,TabCAT!$A:$A,TabCAT!BI:BI,"NaN"))) -> English | EY7: =IF(_xlfn.XLOOKUP($A7,TabCAT!$A:$A,TabCAT!BJ:BJ,"NaN")="","NaN",(_xlfn.XLOOKUP($A7,TabCAT!$A:$A,TabCAT!BJ:BJ,"NaN"))) -> 263 | EZ7: =IF(_xlfn.XLOOKUP($A7,TabCAT!$A:$A,TabCAT!BK:BK,"NaN")="","NaN",(_xlfn.XLOOKUP($A7,TabCAT!$A:$A,TabCAT!BK:BK,"NaN"))) -> 1 | FA7: =IF(_xlfn.XLOOKUP($A7,TabCAT!$A:$A,TabCAT!BL:BL,"NaN")="","NaN",(_xlfn.XLOOKUP($A7,TabCAT!$A:$A,TabCAT!BL:BL,"NaN"))) -> 5 | FB7: =IF(_xlfn.XLOOKUP($A7,TabCAT!$A:$A,TabCAT!BM:BM,"NaN")="","NaN",(_xlfn.XLOOKUP($A7,TabCAT!$A:$A,TabCAT!BM:BM,"NaN"))) -> 0.83333333 | FC7: =IF(_xlfn.XLOOKUP($A7,TabCAT!$A:$A,TabCAT!BN:BN,"NaN")="","NaN",(_xlfn.XLOOKUP($A7,TabCAT!$A:$A,TabCAT!BN:BN,"NaN"))) -> 4 | FD7: =IF(_xlfn.XLOOKUP($A7,TabCAT!$A:$A,TabCAT!BO:BO,"NaN")="","NaN",(_xlfn.XLOOKUP($A7,TabCAT!$A:$A,TabCAT!BO:BO,"NaN"))) -> 9 | FE7: =IF(_xlfn.XLOOKUP($A7,TabCAT!$A:$A,TabCAT!BP:BP,"NaN")="","NaN",(_xlfn.XLOOKUP($A7,TabCAT!$A:$A,TabCAT!BP:BP,"NaN"))) -> 1 | FF7: =IF(_xlfn.XLOOKUP($A7,TabCAT!$A:$A,TabCAT!BQ:BQ,"NaN")="","NaN",(_xlfn.XLOOKUP($A7,TabCAT!$A:$A,TabCAT!BQ:BQ,"NaN"))) -> 9 | FG7: =IF(_xlfn.XLOOKUP($A7,TabCAT!$A:$A,TabCAT!BR:BR,"NaN")="","NaN",(_xlfn.XLOOKUP($A7,TabCAT!$A:$A,TabCAT!BR:BR,"NaN"))) -> 10 | FH7: =IF(_xlfn.XLOOKUP($A7,TabCAT!$A:$A,TabCAT!BS:BS,"NaN")="","NaN",(_xlfn.XLOOKUP($A7,TabCAT!$A:$A,TabCAT!BS:BS,"NaN"))) -> 0.83333333 | FI7: =IF(_xlfn.XLOOKUP($A7,TabCAT!$A:$A,TabCAT!BT:BT,"NaN")="","NaN",(_xlfn.XLOOKUP($A7,TabCAT!$A:$A,TabCAT!BT:BT,"NaN"))) -> 9.5 | FJ7: =IF(_xlfn.XLOOKUP($A7,TabCAT!$A:$A,TabCAT!BU:BU,"NaN")="","NaN",(_xlfn.XLOOKUP($A7,TabCAT!$A:$A,TabCAT!BU:BU,"NaN"))) -> 13 | FK7: =IF(_xlfn.XLOOKUP($A7,TabCAT!$A:$A,TabCAT!BV:BV,"NaN")="","NaN",(_xlfn.XLOOKUP($A7,TabCAT!$A:$A,TabCAT!BV:BV,"NaN"))) -> 0.86666667 | FL7: =IF(_xlfn.XLOOKUP($A7,TabCAT!$A:$A,TabCAT!BW:BW,"NaN")="","NaN",(_xlfn.XLOOKUP($A7,TabCAT!$A:$A,TabCAT!BW:BW,"NaN"))) -> 7.5 | FM7: =IF(_xlfn.XLOOKUP($A7,TabCAT!$A:$A,TabCAT!BX:BX,"NaN")="","NaN",(_xlfn.XLOOKUP($A7,TabCAT!$A:$A,TabCAT!BX:BX,"NaN"))) -> 37 | FN7: =IF(_xlfn.XLOOKUP($A7,TabCAT!$A:$A,TabCAT!BY:BY,"NaN")="","NaN",(_xlfn.XLOOKUP($A7,TabCAT!$A:$A,TabCAT!BY:BY,"NaN"))) -> 0.88095238 | FO7: =IF(_xlfn.XLOOKUP($A7,TabCAT!$A:$A,TabCAT!BZ:BZ,"NaN")="","NaN",(_xlfn.XLOOKUP($A7,TabCAT!$A:$A,TabCAT!BZ:BZ,"NaN"))) -> 30 | FP7: =IF(_xlfn.XLOOKUP($A7,TabCAT!$A:$A,TabCAT!CA:CA,"NaN")="","NaN",(_xlfn.XLOOKUP($A7,TabCAT!$A:$A,TabCAT!CA:CA,"NaN"))) -> 3.0.0 | FQ7: =IF(_xlfn.XLOOKUP($A7,TabCAT!$A:$A,TabCAT!CB:CB,"NaN")="","NaN",(_xlfn.XLOOKUP($A7,TabCAT!$A:$A,TabCAT!CB:CB,"NaN"))) -> English | FR7: =IF(_xlfn.XLOOKUP($A7,TabCAT!$A:$A,TabCAT!CC:CC,"NaN")="","NaN",(_xlfn.XLOOKUP($A7,TabCAT!$A:$A,TabCAT!CC:CC,"NaN"))) -> 224 | FS7: =IF(_xlfn.XLOOKUP($A7,TabCAT!$A:$A,TabCAT!CD:CD,"NaN")="","NaN",(_xlfn.XLOOKUP($A7,TabCAT!$A:$A,TabCAT!CD:CD,"NaN"))) -> TRUE | FT7: =IF(_xlfn.XLOOKUP($A7,TabCAT!$A:$A,TabCAT!CE:CE,"NaN")="","NaN",(_xlfn.XLOOKUP($A7,TabCAT!$A:$A,TabCAT!CE:CE,"NaN"))) -> 8 | FU7: =IF(_xlfn.XLOOKUP($A7,TabCAT!$A:$A,TabCAT!CF:CF,"NaN")="","NaN",(_xlfn.XLOOKUP($A7,TabCAT!$A:$A,TabCAT!CF:CF,"NaN"))) -> 0 | FV7: =IF(_xlfn.XLOOKUP($A7,TabCAT!$A:$A,TabCAT!CG:CG,"NaN")="","NaN",(_xlfn.XLOOKUP($A7,TabCAT!$A:$A,TabCAT!CG:CG,"NaN"))) -> 6.85 | FW7: =IF(_xlfn.XLOOKUP($A7,TabCAT!$A:$A,TabCAT!CH:CH,"NaN")="","NaN",(_xlfn.XLOOKUP($A7,TabCAT!$A:$A,TabCAT!CH:CH,"NaN"))) -> 15 | FX7: =IF(_xlfn.XLOOKUP($A7,TabCAT!$A:$A,TabCAT!CI:CI,"NaN")="","NaN",(_xlfn.XLOOKUP($A7,TabCAT!$A:$A,TabCAT!CI:CI,"NaN"))) -> 0.763123 | FY7: =IF(_xlfn.XLOOKUP($A7,TabCAT!$A:$A,TabCAT!CJ:CJ,"NaN")="","NaN",(_xlfn.XLOOKUP($A7,TabCAT!$A:$A,TabCAT!CJ:CJ,"NaN"))) -> 16 | FZ7: =IF(_xlfn.XLOOKUP($A7,TabCAT!$A:$A,TabCAT!CK:CK,"NaN")="","NaN",(_xlfn.XLOOKUP($A7,TabCAT!$A:$A,TabCAT!CK:CK,"NaN"))) -> 0.679953 | GA7: =IF(_xlfn.XLOOKUP($A7,TabCAT!$A:$A,TabCAT!CL:CL,"NaN")="","NaN",(_xlfn.XLOOKUP($A7,TabCAT!$A:$A,TabCAT!CL:CL,"NaN"))) -> 29 | GB7: =IF(_xlfn.XLOOKUP($A7,TabCAT!$A:$A,TabCAT!CM:CM,"NaN")="","NaN",(_xlfn.XLOOKUP($A7,TabCAT!$A:$A,TabCAT!CM:CM,"NaN"))) -> 1.012846 | GC7: =IF(_xlfn.XLOOKUP($A7,TabCAT!$A:$A,TabCAT!CN:CN,"NaN")="","NaN",(_xlfn.XLOOKUP($A7,TabCAT!$A:$A,TabCAT!CN:CN,"NaN"))) -> 19 | GD7: =IF(_xlfn.XLOOKUP($A7,TabCAT!$A:$A,TabCAT!CO:CO,"NaN")="","NaN",(_xlfn.XLOOKUP($A7,TabCAT!$A:$A,TabCAT!CO:CO,"NaN"))) -> 0.996309 | GE7: =IF(_xlfn.XLOOKUP($A7,TabCAT!$A:$A,TabCAT!CP:CP,"NaN")="","NaN",(_xlfn.XLOOKUP($A7,TabCAT!$A:$A,TabCAT!CP:CP,"NaN"))) -> 0.31287725 | GF7: =IF(_xlfn.XLOOKUP($A7,TabCAT!$A:$A,TabCAT!CQ:CQ,"NaN")="","NaN",(_xlfn.XLOOKUP($A7,TabCAT!$A:$A,TabCAT!CQ:CQ,"NaN"))) -> 51 | GG7: =IF(_xlfn.XLOOKUP($A7,TabCAT!$A:$A,TabCAT!CR:CR,"NaN")="","NaN",(_xlfn.XLOOKUP($A7,TabCAT!$A:$A,TabCAT!CR:CR,"NaN"))) -> 0.763123 | GH7: =IF(_xlfn.XLOOKUP($A7,TabCAT!$A:$A,TabCAT!CS:CS,"NaN")="","NaN",(_xlfn.XLOOKUP($A7,TabCAT!$A:$A,TabCAT!CS:CS,"NaN"))) -> NaN
A8: 10478 | B8: =_xlfn.XLOOKUP(bippity_poppity_boo!A8,rf1_data!A:A,rf1_data!B:B) -> 201495 | C8: =(_xlfn.XLOOKUP($A8,trust!$A:$A,trust!B:B,"NaN")) -> 4.4 | D8: =(_xlfn.XLOOKUP($A8,trust!$A:$A,trust!C:C,"NaN")) -> 4.833333 | E8: =(_xlfn.XLOOKUP($A8,trust!$A:$A,trust!D:D,"NaN")) -> 5 | F8: =(_xlfn.XLOOKUP($A8,trust!$A:$A,trust!E:E,"NaN")) -> 4.307692 | G8: =(_xlfn.XLOOKUP($A8,trust!$A:$A,trust!F:F,"NaN")) -> 5.571429 | H8: =(_xlfn.XLOOKUP($A8,trust!$A:$A,trust!G:G,"NaN")) -> 6.307692 | I8: =IF(_xlfn.XLOOKUP($B8,island_data!$B:$B,island_data!C:C,"NaN")="","NaN",_xlfn.XLOOKUP($B8,island_data!$B:$B,island_data!C:C,"NaN")) -> 45105 | J8: =IF(_xlfn.XLOOKUP($B8,island_data!$B:$B,island_data!D:D,"NaN")="","NaN",_xlfn.XLOOKUP($B8,island_data!$B:$B,island_data!D:D,"NaN")) -> 34703 | K8: =IF(_xlfn.XLOOKUP($B8,island_data!$B:$B,island_data!E:E,"NaN")="","NaN",_xlfn.XLOOKUP($B8,island_data!$B:$B,island_data!E:E,"NaN")) -> 28.48 | L8: =IF(_xlfn.XLOOKUP($B8,rf1_data!$B:$B,rf1_data!D:D,"NaN")="","NaN",(_xlfn.XLOOKUP($B8,rf1_data!$B:$B,rf1_data!D:D,"NaN"))) -> 27.9 | M8: =IF(_xlfn.XLOOKUP($B8,rf1_data!$B:$B,rf1_data!E:E,"NaN")="","NaN",(_xlfn.XLOOKUP($B8,rf1_data!$B:$B,rf1_data!E:E,"NaN"))) -> Asian | N8: =IF(_xlfn.XLOOKUP($B8,rf1_data!$B:$B,rf1_data!F:F,"NaN")="","NaN",(_xlfn.XLOOKUP($B8,rf1_data!$B:$B,rf1_data!F:F,"NaN"))) -> Not Hispanic or Latino | O8: =IF(_xlfn.XLOOKUP($B8,rf1_data!$B:$B,rf1_data!G:G,"NaN")="","NaN",(_xlfn.XLOOKUP($B8,rf1_data!$B:$B,rf1_data!G:G,"NaN"))) -> Female | P8: =IF(_xlfn.XLOOKUP($B8,rf1_data!$B:$B,rf1_data!H:H,"NaN")="","NaN",(_xlfn.XLOOKUP($B8,rf1_data!$B:$B,rf1_data!H:H,"NaN"))) -> 3.56 | Q8: =IF(_xlfn.XLOOKUP($B8,rf1_data!$B:$B,rf1_data!I:I,"NaN")="","NaN",(_xlfn.XLOOKUP($B8,rf1_data!$B:$B,rf1_data!I:I,"NaN"))) -> 4.22 | R8: =IF(_xlfn.XLOOKUP($B8,rf1_data!$B:$B,rf1_data!J:J,"NaN")="","NaN",(_xlfn.XLOOKUP($B8,rf1_data!$B:$B,rf1_data!J:J,"NaN"))) -> 6 | S8: =IF(_xlfn.XLOOKUP($B8,rf1_data!$B:$B,rf1_data!K:K,"NaN")="","NaN",(_xlfn.XLOOKUP($B8,rf1_data!$B:$B,rf1_data!K:K,"NaN"))) -> 3 | T8: =IF(_xlfn.XLOOKUP($B8,rf1_data!$B:$B,rf1_data!L:L,"NaN")="","NaN",(_xlfn.XLOOKUP($B8,rf1_data!$B:$B,rf1_data!L:L,"NaN"))) -> 0 | U8: =IF(_xlfn.XLOOKUP($B8,rf1_data!$B:$B,rf1_data!M:M,"NaN")="","NaN",(_xlfn.XLOOKUP($B8,rf1_data!$B:$B,rf1_data!M:M,"NaN"))) -> NaN | V8: =IF(_xlfn.XLOOKUP($B8,rf1_data!$B:$B,rf1_data!N:N,"NaN")="","NaN",(_xlfn.XLOOKUP($B8,rf1_data!$B:$B,rf1_data!N:N,"NaN"))) -> NaN | W8: =IF(_xlfn.XLOOKUP($B8,rf1_data!$B:$B,rf1_data!O:O,"NaN")="","NaN",(_xlfn.XLOOKUP($B8,rf1_data!$B:$B,rf1_data!O:O,"NaN"))) -> NaN | X8: =IF(_xlfn.XLOOKUP($B8,rf1_data!$B:$B,rf1_data!P:P,"NaN")="","NaN",(_xlfn.XLOOKUP($B8,rf1_data!$B:$B,rf1_data!P:P,"NaN"))) -> NaN | Y8: =IF(_xlfn.XLOOKUP($B8,rf1_data!$B:$B,rf1_data!Q:Q,"NaN")="","NaN",(_xlfn.XLOOKUP($B8,rf1_data!$B:$B,rf1_data!Q:Q,"NaN"))) -> NaN | Z8: =IF(_xlfn.XLOOKUP($B8,rf1_data!$B:$B,rf1_data!R:R,"NaN")="","NaN",(_xlfn.XLOOKUP($B8,rf1_data!$B:$B,rf1_data!R:R,"NaN"))) -> 37 | AA8: =IF(_xlfn.XLOOKUP($B8,rf1_data!$B:$B,rf1_data!S:S,"NaN")="","NaN",(_xlfn.XLOOKUP($B8,rf1_data!$B:$B,rf1_data!S:S,"NaN"))) -> 9 | AB8: =IF(_xlfn.XLOOKUP($B8,rf1_data!$B:$B,rf1_data!T:T,"NaN")="","NaN",(_xlfn.XLOOKUP($B8,rf1_data!$B:$B,rf1_data!T:T,"NaN"))) -> 11 | AC8: =IF(_xlfn.XLOOKUP($B8,rf1_data!$B:$B,rf1_data!U:U,"NaN")="","NaN",(_xlfn.XLOOKUP($B8,rf1_data!$B:$B,rf1_data!U:U,"NaN"))) -> 5 | AD8: =IF(_xlfn.XLOOKUP($B8,rf1_data!$B:$B,rf1_data!V:V,"NaN")="","NaN",(_xlfn.XLOOKUP($B8,rf1_data!$B:$B,rf1_data!V:V,"NaN"))) -> 12 | AE8: =IF(_xlfn.XLOOKUP($B8,rf1_data!$B:$B,rf1_data!W:W,"NaN")="","NaN",(_xlfn.XLOOKUP($B8,rf1_data!$B:$B,rf1_data!W:W,"NaN"))) -> 8 | AF8: =IF(_xlfn.XLOOKUP($B8,rf1_data!$B:$B,rf1_data!X:X,"NaN")="","NaN",(_xlfn.XLOOKUP($B8,rf1_data!$B:$B,rf1_data!X:X,"NaN"))) -> 7 | AG8: =IF(_xlfn.XLOOKUP($B8,rf1_data!$B:$B,rf1_data!Y:Y,"NaN")="","NaN",(_xlfn.XLOOKUP($B8,rf1_data!$B:$B,rf1_data!Y:Y,"NaN"))) -> 7 | AH8: =IF(_xlfn.XLOOKUP($B8,rf1_data!$B:$B,rf1_data!Z:Z,"NaN")="","NaN",(_xlfn.XLOOKUP($B8,rf1_data!$B:$B,rf1_data!Z:Z,"NaN"))) -> 10 | AI8: =IF(_xlfn.XLOOKUP($B8,rf1_data!$B:$B,rf1_data!AA:AA,"NaN")="","NaN",(_xlfn.XLOOKUP($B8,rf1_data!$B:$B,rf1_data!AA:AA,"NaN"))) -> 3 | AJ8: =IF(_xlfn.XLOOKUP($B8,rf1_data!$B:$B,rf1_data!AB:AB,"NaN")="","NaN",(_xlfn.XLOOKUP($B8,rf1_data!$B:$B,rf1_data!AB:AB,"NaN"))) -> 35 | AK8: =IF(_xlfn.XLOOKUP($B8,rf1_data!$B:$B,rf1_data!AC:AC,"NaN")="","NaN",(_xlfn.XLOOKUP($B8,rf1_data!$B:$B,rf1_data!AC:AC,"NaN"))) -> 18 | AL8: =IF(_xlfn.XLOOKUP($B8,rf1_data!$B:$B,rf1_data!AD:AD,"NaN")="","NaN",(_xlfn.XLOOKUP($B8,rf1_data!$B:$B,rf1_data!AD:AD,"NaN"))) -> 11 | AM8: =IF(_xlfn.XLOOKUP($B8,rf1_data!$B:$B,rf1_data!AE:AE,"NaN")="","NaN",(_xlfn.XLOOKUP($B8,rf1_data!$B:$B,rf1_data!AE:AE,"NaN"))) -> 0 | AN8: =IF(_xlfn.XLOOKUP($B8,rf1_data!$B:$B,rf1_data!AF:AF,"NaN")="","NaN",(_xlfn.XLOOKUP($B8,rf1_data!$B:$B,rf1_data!AF:AF,"NaN"))) -> 0 | AO8: =IF(_xlfn.XLOOKUP($B8,rf1_data!$B:$B,rf1_data!AG:AG,"NaN")="","NaN",(_xlfn.XLOOKUP($B8,rf1_data!$B:$B,rf1_data!AG:AG,"NaN"))) -> NaN | AP8: =IF(_xlfn.XLOOKUP($B8,rf1_data!$B:$B,rf1_data!AH:AH,"NaN")="","NaN",(_xlfn.XLOOKUP($B8,rf1_data!$B:$B,rf1_data!AH:AH,"NaN"))) -> NaN | AQ8: =IF(_xlfn.XLOOKUP($B8,rf1_data!$B:$B,rf1_data!AI:AI,"NaN")="","NaN",(_xlfn.XLOOKUP($B8,rf1_data!$B:$B,rf1_data!AI:AI,"NaN"))) -> NaN | AR8: =IF(_xlfn.XLOOKUP($B8,rf1_data!$B:$B,rf1_data!AJ:AJ,"NaN")="","NaN",(_xlfn.XLOOKUP($B8,rf1_data!$B:$B,rf1_data!AJ:AJ,"NaN"))) -> NaN | AS8: =IF(_xlfn.XLOOKUP($B8,rf1_data!$B:$B,rf1_data!AK:AK,"NaN")="","NaN",(_xlfn.XLOOKUP($B8,rf1_data!$B:$B,rf1_data!AK:AK,"NaN"))) -> 3.6 | AT8: =IF(_xlfn.XLOOKUP($B8,rf1_data!$B:$B,rf1_data!AL:AL,"NaN")="","NaN",(_xlfn.XLOOKUP($B8,rf1_data!$B:$B,rf1_data!AL:AL,"NaN"))) -> 10 | AU8: =IF(_xlfn.XLOOKUP($B8,rf1_data!$B:$B,rf1_data!AM:AM,"NaN")="","NaN",(_xlfn.XLOOKUP($B8,rf1_data!$B:$B,rf1_data!AM:AM,"NaN"))) -> 3.33 | AV8: =IF(_xlfn.XLOOKUP($B8,rf1_data!$B:$B,rf1_data!AN:AN,"NaN")="","NaN",(_xlfn.XLOOKUP($B8,rf1_data!$B:$B,rf1_data!AN:AN,"NaN"))) -> 11 | AW8: =IF(_xlfn.XLOOKUP($B8,rf1_data!$B:$B,rf1_data!AO:AO,"NaN")="","NaN",(_xlfn.XLOOKUP($B8,rf1_data!$B:$B,rf1_data!AO:AO,"NaN"))) -> NaN | AX8: =IF(_xlfn.XLOOKUP($B8,rf1_data!$B:$B,rf1_data!AP:AP,"NaN")="","NaN",(_xlfn.XLOOKUP($B8,rf1_data!$B:$B,rf1_data!AP:AP,"NaN"))) -> 4.34 | AY8: =IF(_xlfn.XLOOKUP($B8,rf1_data!$B:$B,rf1_data!AQ:AQ,"NaN")="","NaN",(_xlfn.XLOOKUP($B8,rf1_data!$B:$B,rf1_data!AQ:AQ,"NaN"))) -> 109 | AZ8: =IF(_xlfn.XLOOKUP($B8,rf1_data!$B:$B,rf1_data!AR:AR,"NaN")="","NaN",(_xlfn.XLOOKUP($B8,rf1_data!$B:$B,rf1_data!AR:AR,"NaN"))) -> NaN | BA8: =IF(_xlfn.XLOOKUP($B8,rf1_data!$B:$B,rf1_data!AS:AS,"NaN")="","NaN",(_xlfn.XLOOKUP($B8,rf1_data!$B:$B,rf1_data!AS:AS,"NaN"))) -> NaN | BB8: =IF(_xlfn.XLOOKUP($B8,rf1_data!$B:$B,rf1_data!AT:AT,"NaN")="","NaN",(_xlfn.XLOOKUP($B8,rf1_data!$B:$B,rf1_data!AT:AT,"NaN"))) -> NaN | BC8: =IF(_xlfn.XLOOKUP($B8,rf1_data!$B:$B,rf1_data!AU:AU,"NaN")="","NaN",(_xlfn.XLOOKUP($B8,rf1_data!$B:$B,rf1_data!AU:AU,"NaN"))) -> NaN | BD8: =IF(_xlfn.XLOOKUP($B8,rf1_data!$B:$B,rf1_data!AV:AV,"NaN")="","NaN",(_xlfn.XLOOKUP($B8,rf1_data!$B:$B,rf1_data!AV:AV,"NaN"))) -> NaN | BE8: =IF(_xlfn.XLOOKUP($B8,rf1_data!$B:$B,rf1_data!AW:AW,"NaN")="","NaN",(_xlfn.XLOOKUP($B8,rf1_data!$B:$B,rf1_data!AW:AW,"NaN"))) -> NaN | BF8: =IF(_xlfn.XLOOKUP($B8,rf1_data!$B:$B,rf1_data!AX:AX,"NaN")="","NaN",(_xlfn.XLOOKUP($B8,rf1_data!$B:$B,rf1_data!AX:AX,"NaN"))) -> NaN | BG8: =IF(_xlfn.XLOOKUP($B8,rf1_data!$B:$B,rf1_data!AY:AY,"NaN")="","NaN",(_xlfn.XLOOKUP($B8,rf1_data!$B:$B,rf1_data!AY:AY,"NaN"))) -> NaN | BH8: =IF(_xlfn.XLOOKUP($B8,rf1_data!$B:$B,rf1_data!AZ:AZ,"NaN")="","NaN",(_xlfn.XLOOKUP($B8,rf1_data!$B:$B,rf1_data!AZ:AZ,"NaN"))) -> NaN | BI8: =IF(_xlfn.XLOOKUP($B8,rf1_data!$B:$B,rf1_data!BA:BA,"NaN")="","NaN",(_xlfn.XLOOKUP($B8,rf1_data!$B:$B,rf1_data!BA:BA,"NaN"))) -> 20 | BJ8: =IF(_xlfn.XLOOKUP($B8,rf1_data!$B:$B,rf1_data!BB:BB,"NaN")="","NaN",(_xlfn.XLOOKUP($B8,rf1_data!$B:$B,rf1_data!BB:BB,"NaN"))) -> NaN | BK8: =IF(_xlfn.XLOOKUP($B8,rf1_data!$B:$B,rf1_data!BC:BC,"NaN")="","NaN",(_xlfn.XLOOKUP($B8,rf1_data!$B:$B,rf1_data!BC:BC,"NaN"))) -> NaN | BL8: =IF(_xlfn.XLOOKUP($B8,rf1_data!$B:$B,rf1_data!BD:BD,"NaN")="","NaN",(_xlfn.XLOOKUP($B8,rf1_data!$B:$B,rf1_data!BD:BD,"NaN"))) -> NaN | BM8: =IF(_xlfn.XLOOKUP($B8,rf1_data!$B:$B,rf1_data!BE:BE,"NaN")="","NaN",(_xlfn.XLOOKUP($B8,rf1_data!$B:$B,rf1_data!BE:BE,"NaN"))) -> NaN | BN8: =IF(_xlfn.XLOOKUP($B8,rf1_data!$B:$B,rf1_data!BF:BF,"NaN")="","NaN",(_xlfn.XLOOKUP($B8,rf1_data!$B:$B,rf1_data!BF:BF,"NaN"))) -> NaN | BO8: =IF(_xlfn.XLOOKUP($B8,rf1_data!$B:$B,rf1_data!BG:BG,"NaN")="","NaN",(_xlfn.XLOOKUP($B8,rf1_data!$B:$B,rf1_data!BG:BG,"NaN"))) -> NaN | BP8: =IF(_xlfn.XLOOKUP($B8,rf1_data!$B:$B,rf1_data!BH:BH,"NaN")="","NaN",(_xlfn.XLOOKUP($B8,rf1_data!$B:$B,rf1_data!BH:BH,"NaN"))) -> NaN | BQ8: =IF(_xlfn.XLOOKUP($B8,rf1_data!$B:$B,rf1_data!BI:BI,"NaN")="","NaN",(_xlfn.XLOOKUP($B8,rf1_data!$B:$B,rf1_data!BI:BI,"NaN"))) -> NaN | BR8: =IF(_xlfn.XLOOKUP($B8,rf1_data!$B:$B,rf1_data!BJ:BJ,"NaN")="","NaN",(_xlfn.XLOOKUP($B8,rf1_data!$B:$B,rf1_data!BJ:BJ,"NaN"))) -> 8991 | BS8: =IF(_xlfn.XLOOKUP($B8,rf1_data!$B:$B,rf1_data!BK:BK,"NaN")="","NaN",(_xlfn.XLOOKUP($B8,rf1_data!$B:$B,rf1_data!BK:BK,"NaN"))) -> NaN | BT8: =IF(_xlfn.XLOOKUP($B8,rf1_data!$B:$B,rf1_data!BL:BL,"NaN")="","NaN",(_xlfn.XLOOKUP($B8,rf1_data!$B:$B,rf1_data!BL:BL,"NaN"))) -> NaN | BU8: =IF(_xlfn.XLOOKUP($B8,rf1_data!$B:$B,rf1_data!BM:BM,"NaN")="","NaN",(_xlfn.XLOOKUP($B8,rf1_data!$B:$B,rf1_data!BM:BM,"NaN"))) -> NaN | BV8: =IF(_xlfn.XLOOKUP($B8,rf1_data!$B:$B,rf1_data!BN:BN,"NaN")="","NaN",(_xlfn.XLOOKUP($B8,rf1_data!$B:$B,rf1_data!BN:BN,"NaN"))) -> NaN | BW8: =IF(_xlfn.XLOOKUP($B8,rf1_data!$B:$B,rf1_data!BO:BO,"NaN")="","NaN",(_xlfn.XLOOKUP($B8,rf1_data!$B:$B,rf1_data!BO:BO,"NaN"))) -> 3.2 | BX8: =IF(_xlfn.XLOOKUP($B8,rf1_data!$B:$B,rf1_data!BP:BP,"NaN")="","NaN",(_xlfn.XLOOKUP($B8,rf1_data!$B:$B,rf1_data!BP:BP,"NaN"))) -> 3.5 | BY8: =IF(_xlfn.XLOOKUP($B8,rf1_data!$B:$B,rf1_data!BQ:BQ,"NaN")="","NaN",(_xlfn.XLOOKUP($B8,rf1_data!$B:$B,rf1_data!BQ:BQ,"NaN"))) -> 3.3 | BZ8: =IF(_xlfn.XLOOKUP($B8,rf1_data!$B:$B,rf1_data!BR:BR,"NaN")="","NaN",(_xlfn.XLOOKUP($B8,rf1_data!$B:$B,rf1_data!BR:BR,"NaN"))) -> 3.33 | CA8: =IF(_xlfn.XLOOKUP($B8,rf1_data!$B:$B,rf1_data!BS:BS,"NaN")="","NaN",(_xlfn.XLOOKUP($B8,rf1_data!$B:$B,rf1_data!BS:BS,"NaN"))) -> 6 | CB8: =IF(_xlfn.XLOOKUP($B8,rf1_data!$B:$B,rf1_data!BT:BT,"NaN")="","NaN",(_xlfn.XLOOKUP($B8,rf1_data!$B:$B,rf1_data!BT:BT,"NaN"))) -> 5.1666667 | CC8: =IF(_xlfn.XLOOKUP($B8,rf1_data!$B:$B,rf1_data!BU:BU,"NaN")="","NaN",(_xlfn.XLOOKUP($B8,rf1_data!$B:$B,rf1_data!BU:BU,"NaN"))) -> 6 | CD8: =IF(_xlfn.XLOOKUP($B8,rf1_data!$B:$B,rf1_data!BV:BV,"NaN")="","NaN",(_xlfn.XLOOKUP($B8,rf1_data!$B:$B,rf1_data!BV:BV,"NaN"))) -> 5.1666667 | CE8: =IF(_xlfn.XLOOKUP($B8,rf1_data!$B:$B,rf1_data!BW:BW,"NaN")="","NaN",(_xlfn.XLOOKUP($B8,rf1_data!$B:$B,rf1_data!BW:BW,"NaN"))) -> 2.85 | CF8: =IF(_xlfn.XLOOKUP($B8,rf1_data!$B:$B,rf1_data!BX:BX,"NaN")="","NaN",(_xlfn.XLOOKUP($B8,rf1_data!$B:$B,rf1_data!BX:BX,"NaN"))) -> 2 | CG8: =IF(_xlfn.XLOOKUP($B8,rf1_data!$B:$B,rf1_data!BY:BY,"NaN")="","NaN",(_xlfn.XLOOKUP($B8,rf1_data!$B:$B,rf1_data!BY:BY,"NaN"))) -> 0 | CH8: =IF(_xlfn.XLOOKUP($B8,rf1_data!$B:$B,rf1_data!BZ:BZ,"NaN")="","NaN",(_xlfn.XLOOKUP($B8,rf1_data!$B:$B,rf1_data!BZ:BZ,"NaN"))) -> 31 | CI8: =IF(_xlfn.XLOOKUP($B8,rf1_data!$B:$B,rf1_data!CA:CA,"NaN")="","NaN",(_xlfn.XLOOKUP($B8,rf1_data!$B:$B,rf1_data!CA:CA,"NaN"))) -> 35 | CJ8: =IF(_xlfn.XLOOKUP($B8,rf1_data!$B:$B,rf1_data!CB:CB,"NaN")="","NaN",(_xlfn.XLOOKUP($B8,rf1_data!$B:$B,rf1_data!CB:CB,"NaN"))) -> 12 | CK8: =IF(_xlfn.XLOOKUP($B8,rf1_data!$B:$B,rf1_data!CC:CC,"NaN")="","NaN",(_xlfn.XLOOKUP($B8,rf1_data!$B:$B,rf1_data!CC:CC,"NaN"))) -> 1.0909091 | CL8: =IF(_xlfn.XLOOKUP($B8,rf1_data!$B:$B,rf1_data!CD:CD,"NaN")=0,"NaN",(_xlfn.XLOOKUP($B8,rf1_data!$B:$B,rf1_data!CD:CD,"NaN"))) -> 42 | CM8: =IF(_xlfn.XLOOKUP($B8,rf1_data!$B:$B,rf1_data!CE:CE,"NaN")="","NaN",(_xlfn.XLOOKUP($B8,rf1_data!$B:$B,rf1_data!CE:CE,"NaN"))) -> 36 | CN8: =IF(_xlfn.XLOOKUP($B8,rf1_data!$B:$B,rf1_data!CF:CF,"NaN")="","NaN",(_xlfn.XLOOKUP($B8,rf1_data!$B:$B,rf1_data!CF:CF,"NaN"))) -> 62 | CO8: =IF(_xlfn.XLOOKUP($B8,rf1_data!$B:$B,rf1_data!CG:CG,"NaN")="","NaN",(_xlfn.XLOOKUP($B8,rf1_data!$B:$B,rf1_data!CG:CG,"NaN"))) -> 23 | CP8: =IF(_xlfn.XLOOKUP($B8,rf1_data!$B:$B,rf1_data!CH:CH,"NaN")=0,"NaN",(_xlfn.XLOOKUP($B8,rf1_data!$B:$B,rf1_data!CH:CH,"NaN"))) -> 30 | CQ8: =IF(_xlfn.XLOOKUP($B8,rf1_data!$B:$B,rf1_data!CI:CI,"NaN")="","NaN",(_xlfn.XLOOKUP($B8,rf1_data!$B:$B,rf1_data!CI:CI,"NaN"))) -> 48 | CR8: =IF(_xlfn.XLOOKUP($B8,rf1_data!$B:$B,rf1_data!CJ:CJ,"NaN")="","NaN",(_xlfn.XLOOKUP($B8,rf1_data!$B:$B,rf1_data!CJ:CJ,"NaN"))) -> 57 | CS8: =IF(_xlfn.XLOOKUP($B8,rf1_data!$B:$B,rf1_data!CK:CK,"NaN")="","NaN",(_xlfn.XLOOKUP($B8,rf1_data!$B:$B,rf1_data!CK:CK,"NaN"))) -> 48 | CT8: =IF(_xlfn.XLOOKUP($B8,rf1_data!$B:$B,rf1_data!CL:CL,"NaN")="","NaN",(_xlfn.XLOOKUP($B8,rf1_data!$B:$B,rf1_data!CL:CL,"NaN"))) -> 53 | CU8: =IF(_xlfn.XLOOKUP($B8,rf1_data!$B:$B,rf1_data!CM:CM,"NaN")="","NaN",(_xlfn.XLOOKUP($B8,rf1_data!$B:$B,rf1_data!CM:CM,"NaN"))) -> 48 | CV8: =IF(_xlfn.XLOOKUP($B8,rf1_data!$B:$B,rf1_data!CN:CN,"NaN")="","NaN",(_xlfn.XLOOKUP($B8,rf1_data!$B:$B,rf1_data!CN:CN,"NaN"))) -> 54 | CW8: =IF(_xlfn.XLOOKUP($B8,rf1_data!$B:$B,rf1_data!CO:CO,"NaN")="","NaN",(_xlfn.XLOOKUP($B8,rf1_data!$B:$B,rf1_data!CO:CO,"NaN"))) -> NaN | CX8: =IF(_xlfn.XLOOKUP($B8,rf1_data!$B:$B,rf1_data!CP:CP,"NaN")="","NaN",(_xlfn.XLOOKUP($B8,rf1_data!$B:$B,rf1_data!CP:CP,"NaN"))) -> NaN | CY8: =IF(_xlfn.XLOOKUP($B8,rf1_data!$B:$B,rf1_data!CQ:CQ,"NaN")="","NaN",(_xlfn.XLOOKUP($B8,rf1_data!$B:$B,rf1_data!CQ:CQ,"NaN"))) -> 7 | CZ8: =IF(_xlfn.XLOOKUP($B8,rf1_data!$B:$B,rf1_data!CR:CR,"NaN")="","NaN",(_xlfn.XLOOKUP($B8,rf1_data!$B:$B,rf1_data!CR:CR,"NaN"))) -> 4 | DA8: =IF(_xlfn.XLOOKUP($B8,rf1_data!$B:$B,rf1_data!CS:CS,"NaN")="","NaN",(_xlfn.XLOOKUP($B8,rf1_data!$B:$B,rf1_data!CS:CS,"NaN"))) -> 3 | DB8: =IF(_xlfn.XLOOKUP($B8,island_data!$B:$B,island_data!H:H,"NaN")="","NaN",_xlfn.XLOOKUP($B8,island_data!$B:$B,island_data!H:H,"NaN")) -> 1 | DC8: =IF(_xlfn.XLOOKUP($B8,island_data!$B:$B,island_data!I:I,"NaN")="","NaN",_xlfn.XLOOKUP($B8,island_data!$B:$B,island_data!I:I,"NaN")) -> 0 | DD8: =IF(_xlfn.XLOOKUP($B8,island_data!$B:$B,island_data!J:J,"NaN")="","NaN",_xlfn.XLOOKUP($B8,island_data!$B:$B,island_data!J:J,"NaN")) -> 3 | DE8: =IF(_xlfn.XLOOKUP($B8,island_data!$B:$B,island_data!K:K,"NaN")="","NaN",_xlfn.XLOOKUP($B8,island_data!$B:$B,island_data!K:K,"NaN")) -> NaN | DF8: =IF(_xlfn.XLOOKUP($B8,island_data!$B:$B,island_data!L:L,"NaN")="","NaN",_xlfn.XLOOKUP($B8,island_data!$B:$B,island_data!L:L,"NaN")) -> 33 | DG8: =IF(_xlfn.XLOOKUP($B8,island_data!$B:$B,island_data!M:M,"NaN")="","NaN",_xlfn.XLOOKUP($B8,island_data!$B:$B,island_data!M:M,"NaN")) -> 3 | DH8: =IF(_xlfn.XLOOKUP($B8,island_data!$B:$B,island_data!N:N,"NaN")="","NaN",_xlfn.XLOOKUP($B8,island_data!$B:$B,island_data!N:N,"NaN")) -> 12 | DI8: =IF(_xlfn.XLOOKUP($B8,island_data!$B:$B,island_data!O:O,"NaN")=999,"NaN",_xlfn.XLOOKUP($B8,island_data!$B:$B,island_data!O:O,"NaN")) -> NaN | DJ8: =IF(_xlfn.XLOOKUP($B8,island_data!$B:$B,island_data!P:P,"NaN")="","NaN",_xlfn.XLOOKUP($B8,island_data!$B:$B,island_data!P:P,"NaN")) -> 7 | DK8: =IF(_xlfn.XLOOKUP($B8,island_data!$B:$B,island_data!Q:Q,"NaN")="","NaN",_xlfn.XLOOKUP($B8,island_data!$B:$B,island_data!Q:Q,"NaN")) -> 7 | DL8: =IF(_xlfn.XLOOKUP($B8,island_data!$B:$B,island_data!R:R,"NaN")=999,"NaN",_xlfn.XLOOKUP($B8,island_data!$B:$B,island_data!R:R,"NaN")) -> NaN | DM8: =IF(_xlfn.XLOOKUP($B8,island_data!$B:$B,island_data!S:S,"NaN")="","NaN",_xlfn.XLOOKUP($B8,island_data!$B:$B,island_data!S:S,"NaN")) -> 11 | DN8: =IF(_xlfn.XLOOKUP($B8,island_data!$B:$B,island_data!T:T,"NaN")="","NaN",_xlfn.XLOOKUP($B8,island_data!$B:$B,island_data!T:T,"NaN")) -> 4.5 | DO8: =IF(_xlfn.XLOOKUP($B8,island_data!$B:$B,island_data!U:U,"NaN")="","NaN",_xlfn.XLOOKUP($B8,island_data!$B:$B,island_data!U:U,"NaN")) -> 6 | DP8: =IF(_xlfn.XLOOKUP($B8,island_data!$B:$B,island_data!V:V,"NaN")="","NaN",_xlfn.XLOOKUP($B8,island_data!$B:$B,island_data!V:V,"NaN")) -> 2 | DQ8: =IF(_xlfn.XLOOKUP($B8,island_data!$B:$B,island_data!W:W,"NaN")="","NaN",_xlfn.XLOOKUP($B8,island_data!$B:$B,island_data!W:W,"NaN")) -> 9 | DR8: =IF(_xlfn.XLOOKUP($B8,island_data!$B:$B,island_data!X:X,"NaN")="","NaN",_xlfn.XLOOKUP($B8,island_data!$B:$B,island_data!X:X,"NaN")) -> 6 | DS8: =IF(_xlfn.XLOOKUP($B8,island_data!$B:$B,island_data!Y:Y,"NaN")="","NaN",_xlfn.XLOOKUP($B8,island_data!$B:$B,island_data!Y:Y,"NaN")) -> NaN | DT8: =IF(_xlfn.XLOOKUP($B8,island_data!$B:$B,island_data!Z:Z,"NaN")="","NaN",_xlfn.XLOOKUP($B8,island_data!$B:$B,island_data!Z:Z,"NaN")) -> NaN | DU8: =IF(_xlfn.XLOOKUP($B8,island_data!$B:$B,island_data!AA:AA,"NaN")="","NaN",_xlfn.XLOOKUP($B8,island_data!$B:$B,island_data!AA:AA,"NaN")) -> NaN | DV8: =IF(_xlfn.XLOOKUP($B8,island_data!$B:$B,island_data!AB:AB,"NaN")="","NaN",_xlfn.XLOOKUP($B8,island_data!$B:$B,island_data!AB:AB,"NaN")) -> NaN | DW8: =IF(_xlfn.XLOOKUP($B8,island_data!$B:$B,island_data!AC:AC,"NaN")="","NaN",_xlfn.XLOOKUP($B8,island_data!$B:$B,island_data!AC:AC,"NaN")) -> 19120 | DX8: =IF(_xlfn.XLOOKUP($B8,island_data!$B:$B,island_data!AD:AD,"NaN")="","NaN",_xlfn.XLOOKUP($B8,island_data!$B:$B,island_data!AD:AD,"NaN")) -> 9 | DY8: =IF(_xlfn.XLOOKUP($B8,island_data!$B:$B,island_data!AE:AE,"NaN")="","NaN",_xlfn.XLOOKUP($B8,island_data!$B:$B,island_data!AE:AE,"NaN")) -> 1 | DZ8: =IF(_xlfn.XLOOKUP($B8,island_data!$B:$B,island_data!AF:AF,"NaN")="","NaN",_xlfn.XLOOKUP($B8,island_data!$B:$B,island_data!AF:AF,"NaN")) -> NaN | EA8: =IF(_xlfn.XLOOKUP($B8,island_data!$B:$B,island_data!AG:AG,"NaN")="","NaN",_xlfn.XLOOKUP($B8,island_data!$B:$B,island_data!AG:AG,"NaN")) -> NaN | EB8: =IF(_xlfn.XLOOKUP($B8,island_data!$B:$B,island_data!AH:AH,"NaN")="","NaN",_xlfn.XLOOKUP($B8,island_data!$B:$B,island_data!AH:AH,"NaN")) -> NaN | EC8: =IF(_xlfn.XLOOKUP($B8,island_data!$B:$B,island_data!AI:AI,"NaN")="","NaN",_xlfn.XLOOKUP($B8,island_data!$B:$B,island_data!AI:AI,"NaN")) -> NaN | ED8: =IF(_xlfn.XLOOKUP($B8,island_data!$B:$B,island_data!AJ:AJ,"NaN")="","NaN",_xlfn.XLOOKUP($B8,island_data!$B:$B,island_data!AJ:AJ,"NaN")) -> NaN | EE8: =IF(_xlfn.XLOOKUP($B8,island_data!$B:$B,island_data!AK:AK,"NaN")="","NaN",_xlfn.XLOOKUP($B8,island_data!$B:$B,island_data!AK:AK,"NaN")) -> NaN | EF8: =IF(_xlfn.XLOOKUP($B8,island_data!$B:$B,island_data!AL:AL,"NaN")="","NaN",_xlfn.XLOOKUP($B8,island_data!$B:$B,island_data!AL:AL,"NaN")) -> NaN | EG8: =IF(_xlfn.XLOOKUP($B8,island_data!$B:$B,island_data!AM:AM,"NaN")="","NaN",_xlfn.XLOOKUP($B8,island_data!$B:$B,island_data!AM:AM,"NaN")) -> NaN | EH8: =IF(_xlfn.XLOOKUP($B8,island_data!$B:$B,island_data!AN:AN,"NaN")="","NaN",_xlfn.XLOOKUP($B8,island_data!$B:$B,island_data!AN:AN,"NaN")) -> NaN | EI8: =IF(_xlfn.XLOOKUP($B8,island_data!$B:$B,island_data!AO:AO,"NaN")="","NaN",_xlfn.XLOOKUP($B8,island_data!$B:$B,island_data!AO:AO,"NaN")) -> NaN | EJ8: =IF(_xlfn.XLOOKUP($A8,TabCAT!$A:$A,TabCAT!AU:AU,"NaN")="","NaN",(_xlfn.XLOOKUP($A8,TabCAT!$A:$A,TabCAT!AU:AU,"NaN"))) -> 161 | EK8: =IF(_xlfn.XLOOKUP($A8,TabCAT!$A:$A,TabCAT!AV:AV,"NaN")="","NaN",(_xlfn.XLOOKUP($A8,TabCAT!$A:$A,TabCAT!AV:AV,"NaN"))) -> TRUE | EL8: =IF(_xlfn.XLOOKUP($A8,TabCAT!$A:$A,TabCAT!AW:AW,"NaN")="","NaN",(_xlfn.XLOOKUP($A8,TabCAT!$A:$A,TabCAT!AW:AW,"NaN"))) -> 6 | EM8: =IF(_xlfn.XLOOKUP($A8,TabCAT!$A:$A,TabCAT!AX:AX,"NaN")="","NaN",(_xlfn.XLOOKUP($A8,TabCAT!$A:$A,TabCAT!AX:AX,"NaN"))) -> 0 | EN8: =IF(_xlfn.XLOOKUP($A8,TabCAT!$A:$A,TabCAT!AY:AY,"NaN")="","NaN",(_xlfn.XLOOKUP($A8,TabCAT!$A:$A,TabCAT!AY:AY,"NaN"))) -> 9.51 | EO8: =IF(_xlfn.XLOOKUP($A8,TabCAT!$A:$A,TabCAT!AZ:AZ,"NaN")="","NaN",(_xlfn.XLOOKUP($A8,TabCAT!$A:$A,TabCAT!AZ:AZ,"NaN"))) -> 32 | EP8: =IF(_xlfn.XLOOKUP($A8,TabCAT!$A:$A,TabCAT!BA:BA,"NaN")="","NaN",(_xlfn.XLOOKUP($A8,TabCAT!$A:$A,TabCAT!BA:BA,"NaN"))) -> 0.6042615 | EQ8: =IF(_xlfn.XLOOKUP($A8,TabCAT!$A:$A,TabCAT!BB:BB,"NaN")="","NaN",(_xlfn.XLOOKUP($A8,TabCAT!$A:$A,TabCAT!BB:BB,"NaN"))) -> 0.074319401 | ER8: =IF(_xlfn.XLOOKUP($A8,TabCAT!$A:$A,TabCAT!BC:BC,"NaN")="","NaN",(_xlfn.XLOOKUP($A8,TabCAT!$A:$A,TabCAT!BC:BC,"NaN"))) -> 16 | ES8: =IF(_xlfn.XLOOKUP($A8,TabCAT!$A:$A,TabCAT!BD:BD,"NaN")="","NaN",(_xlfn.XLOOKUP($A8,TabCAT!$A:$A,TabCAT!BD:BD,"NaN"))) -> 0.5626825 | ET8: =IF(_xlfn.XLOOKUP($A8,TabCAT!$A:$A,TabCAT!BE:BE,"NaN")="","NaN",(_xlfn.XLOOKUP($A8,TabCAT!$A:$A,TabCAT!BE:BE,"NaN"))) -> 16 | EU8: =IF(_xlfn.XLOOKUP($A8,TabCAT!$A:$A,TabCAT!BF:BF,"NaN")="","NaN",(_xlfn.XLOOKUP($A8,TabCAT!$A:$A,TabCAT!BF:BF,"NaN"))) -> 0.645862 | EV8: =IF(_xlfn.XLOOKUP($A8,TabCAT!$A:$A,TabCAT!BG:BG,"NaN")="","NaN",(_xlfn.XLOOKUP($A8,TabCAT!$A:$A,TabCAT!BG:BG,"NaN"))) -> NaN | EW8: =IF(_xlfn.XLOOKUP($A8,TabCAT!$A:$A,TabCAT!BH:BH,"NaN")="","NaN",(_xlfn.XLOOKUP($A8,TabCAT!$A:$A,TabCAT!BH:BH,"NaN"))) -> 3.0.0 | EX8: =IF(_xlfn.XLOOKUP($A8,TabCAT!$A:$A,TabCAT!BI:BI,"NaN")="","NaN",(_xlfn.XLOOKUP($A8,TabCAT!$A:$A,TabCAT!BI:BI,"NaN"))) -> English | EY8: =IF(_xlfn.XLOOKUP($A8,TabCAT!$A:$A,TabCAT!BJ:BJ,"NaN")="","NaN",(_xlfn.XLOOKUP($A8,TabCAT!$A:$A,TabCAT!BJ:BJ,"NaN"))) -> 234 | EZ8: =IF(_xlfn.XLOOKUP($A8,TabCAT!$A:$A,TabCAT!BK:BK,"NaN")="","NaN",(_xlfn.XLOOKUP($A8,TabCAT!$A:$A,TabCAT!BK:BK,"NaN"))) -> 1 | FA8: =IF(_xlfn.XLOOKUP($A8,TabCAT!$A:$A,TabCAT!BL:BL,"NaN")="","NaN",(_xlfn.XLOOKUP($A8,TabCAT!$A:$A,TabCAT!BL:BL,"NaN"))) -> 6 | FB8: =IF(_xlfn.XLOOKUP($A8,TabCAT!$A:$A,TabCAT!BM:BM,"NaN")="","NaN",(_xlfn.XLOOKUP($A8,TabCAT!$A:$A,TabCAT!BM:BM,"NaN"))) -> 1 | FC8: =IF(_xlfn.XLOOKUP($A8,TabCAT!$A:$A,TabCAT!BN:BN,"NaN")="","NaN",(_xlfn.XLOOKUP($A8,TabCAT!$A:$A,TabCAT!BN:BN,"NaN"))) -> 6 | FD8: =IF(_xlfn.XLOOKUP($A8,TabCAT!$A:$A,TabCAT!BO:BO,"NaN")="","NaN",(_xlfn.XLOOKUP($A8,TabCAT!$A:$A,TabCAT!BO:BO,"NaN"))) -> 8 | FE8: =IF(_xlfn.XLOOKUP($A8,TabCAT!$A:$A,TabCAT!BP:BP,"NaN")="","NaN",(_xlfn.XLOOKUP($A8,TabCAT!$A:$A,TabCAT!BP:BP,"NaN"))) -> 0.88888889 | FF8: =IF(_xlfn.XLOOKUP($A8,TabCAT!$A:$A,TabCAT!BQ:BQ,"NaN")="","NaN",(_xlfn.XLOOKUP($A8,TabCAT!$A:$A,TabCAT!BQ:BQ,"NaN"))) -> 8 | FG8: =IF(_xlfn.XLOOKUP($A8,TabCAT!$A:$A,TabCAT!BR:BR,"NaN")="","NaN",(_xlfn.XLOOKUP($A8,TabCAT!$A:$A,TabCAT!BR:BR,"NaN"))) -> 11 | FH8: =IF(_xlfn.XLOOKUP($A8,TabCAT!$A:$A,TabCAT!BS:BS,"NaN")="","NaN",(_xlfn.XLOOKUP($A8,TabCAT!$A:$A,TabCAT!BS:BS,"NaN"))) -> 0.91666667 | FI8: =IF(_xlfn.XLOOKUP($A8,TabCAT!$A:$A,TabCAT!BT:BT,"NaN")="","NaN",(_xlfn.XLOOKUP($A8,TabCAT!$A:$A,TabCAT!BT:BT,"NaN"))) -> 9.5 | FJ8: =IF(_xlfn.XLOOKUP($A8,TabCAT!$A:$A,TabCAT!BU:BU,"NaN")="","NaN",(_xlfn.XLOOKUP($A8,TabCAT!$A:$A,TabCAT!BU:BU,"NaN"))) -> 11 | FK8: =IF(_xlfn.XLOOKUP($A8,TabCAT!$A:$A,TabCAT!BV:BV,"NaN")="","NaN",(_xlfn.XLOOKUP($A8,TabCAT!$A:$A,TabCAT!BV:BV,"NaN"))) -> 0.73333333 | FL8: =IF(_xlfn.XLOOKUP($A8,TabCAT!$A:$A,TabCAT!BW:BW,"NaN")="","NaN",(_xlfn.XLOOKUP($A8,TabCAT!$A:$A,TabCAT!BW:BW,"NaN"))) -> 8 | FM8: =IF(_xlfn.XLOOKUP($A8,TabCAT!$A:$A,TabCAT!BX:BX,"NaN")="","NaN",(_xlfn.XLOOKUP($A8,TabCAT!$A:$A,TabCAT!BX:BX,"NaN"))) -> 36 | FN8: =IF(_xlfn.XLOOKUP($A8,TabCAT!$A:$A,TabCAT!BY:BY,"NaN")="","NaN",(_xlfn.XLOOKUP($A8,TabCAT!$A:$A,TabCAT!BY:BY,"NaN"))) -> 0.85714286 | FO8: =IF(_xlfn.XLOOKUP($A8,TabCAT!$A:$A,TabCAT!BZ:BZ,"NaN")="","NaN",(_xlfn.XLOOKUP($A8,TabCAT!$A:$A,TabCAT!BZ:BZ,"NaN"))) -> 31.5 | FP8: =IF(_xlfn.XLOOKUP($A8,TabCAT!$A:$A,TabCAT!CA:CA,"NaN")="","NaN",(_xlfn.XLOOKUP($A8,TabCAT!$A:$A,TabCAT!CA:CA,"NaN"))) -> 3.0.0 | FQ8: =IF(_xlfn.XLOOKUP($A8,TabCAT!$A:$A,TabCAT!CB:CB,"NaN")="","NaN",(_xlfn.XLOOKUP($A8,TabCAT!$A:$A,TabCAT!CB:CB,"NaN"))) -> English | FR8: =IF(_xlfn.XLOOKUP($A8,TabCAT!$A:$A,TabCAT!CC:CC,"NaN")="","NaN",(_xlfn.XLOOKUP($A8,TabCAT!$A:$A,TabCAT!CC:CC,"NaN"))) -> 207 | FS8: =IF(_xlfn.XLOOKUP($A8,TabCAT!$A:$A,TabCAT!CD:CD,"NaN")="","NaN",(_xlfn.XLOOKUP($A8,TabCAT!$A:$A,TabCAT!CD:CD,"NaN"))) -> TRUE | FT8: =IF(_xlfn.XLOOKUP($A8,TabCAT!$A:$A,TabCAT!CE:CE,"NaN")="","NaN",(_xlfn.XLOOKUP($A8,TabCAT!$A:$A,TabCAT!CE:CE,"NaN"))) -> 8 | FU8: =IF(_xlfn.XLOOKUP($A8,TabCAT!$A:$A,TabCAT!CF:CF,"NaN")="","NaN",(_xlfn.XLOOKUP($A8,TabCAT!$A:$A,TabCAT!CF:CF,"NaN"))) -> 0 | FV8: =IF(_xlfn.XLOOKUP($A8,TabCAT!$A:$A,TabCAT!CG:CG,"NaN")="","NaN",(_xlfn.XLOOKUP($A8,TabCAT!$A:$A,TabCAT!CG:CG,"NaN"))) -> 9.27 | FW8: =IF(_xlfn.XLOOKUP($A8,TabCAT!$A:$A,TabCAT!CH:CH,"NaN")="","NaN",(_xlfn.XLOOKUP($A8,TabCAT!$A:$A,TabCAT!CH:CH,"NaN"))) -> 16 | FX8: =IF(_xlfn.XLOOKUP($A8,TabCAT!$A:$A,TabCAT!CI:CI,"NaN")="","NaN",(_xlfn.XLOOKUP($A8,TabCAT!$A:$A,TabCAT!CI:CI,"NaN"))) -> 0.5170535 | FY8: =IF(_xlfn.XLOOKUP($A8,TabCAT!$A:$A,TabCAT!CJ:CJ,"NaN")="","NaN",(_xlfn.XLOOKUP($A8,TabCAT!$A:$A,TabCAT!CJ:CJ,"NaN"))) -> 15 | FZ8: =IF(_xlfn.XLOOKUP($A8,TabCAT!$A:$A,TabCAT!CK:CK,"NaN")="","NaN",(_xlfn.XLOOKUP($A8,TabCAT!$A:$A,TabCAT!CK:CK,"NaN"))) -> 0.399224 | GA8: =IF(_xlfn.XLOOKUP($A8,TabCAT!$A:$A,TabCAT!CL:CL,"NaN")="","NaN",(_xlfn.XLOOKUP($A8,TabCAT!$A:$A,TabCAT!CL:CL,"NaN"))) -> 31 | GB8: =IF(_xlfn.XLOOKUP($A8,TabCAT!$A:$A,TabCAT!CM:CM,"NaN")="","NaN",(_xlfn.XLOOKUP($A8,TabCAT!$A:$A,TabCAT!CM:CM,"NaN"))) -> 0.544488 | GC8: =IF(_xlfn.XLOOKUP($A8,TabCAT!$A:$A,TabCAT!CN:CN,"NaN")="","NaN",(_xlfn.XLOOKUP($A8,TabCAT!$A:$A,TabCAT!CN:CN,"NaN"))) -> 18 | GD8: =IF(_xlfn.XLOOKUP($A8,TabCAT!$A:$A,TabCAT!CO:CO,"NaN")="","NaN",(_xlfn.XLOOKUP($A8,TabCAT!$A:$A,TabCAT!CO:CO,"NaN"))) -> 0.550422 | GE8: =IF(_xlfn.XLOOKUP($A8,TabCAT!$A:$A,TabCAT!CP:CP,"NaN")="","NaN",(_xlfn.XLOOKUP($A8,TabCAT!$A:$A,TabCAT!CP:CP,"NaN"))) -> 0.22648849 | GF8: =IF(_xlfn.XLOOKUP($A8,TabCAT!$A:$A,TabCAT!CQ:CQ,"NaN")="","NaN",(_xlfn.XLOOKUP($A8,TabCAT!$A:$A,TabCAT!CQ:CQ,"NaN"))) -> 54 | GG8: =IF(_xlfn.XLOOKUP($A8,TabCAT!$A:$A,TabCAT!CR:CR,"NaN")="","NaN",(_xlfn.XLOOKUP($A8,TabCAT!$A:$A,TabCAT!CR:CR,"NaN"))) -> 0.4672365 | GH8: =IF(_xlfn.XLOOKUP($A8,TabCAT!$A:$A,TabCAT!CS:CS,"NaN")="","NaN",(_xlfn.XLOOKUP($A8,TabCAT!$A:$A,TabCAT!CS:CS,"NaN"))) -> NaN
