Workbook

Sheet Sheet1
A1: sub | B1: tania_subid | C1: precuneus_mask_activation | D1: computer_defect | E1: computer_recip | F1: stranger_defect | G1: stranger_recip | H1: friend_defect | I1: friend_recip | J1: sub_age | K1: race | L1: sub_gender | M1: eros_o_score | N1: eros_s_score | O1: susd_adult_mania | P1: susd_adult_depression | Q1: sogs_total | R1: score_tei_wellbeing | S1: score_tei_selfcontrol | T1: score_tei_emotionality | U1: score_tei_sociability | V1: score_tei_globaltrait | W1: scaared_adult_total | X1: scaared_adult_panic | Y1: scaared_adult_gad | Z1: scaared_adult_separation | AA1: scaared_adult_socanx | AB1: score_aq_socialskill | AC1: score_aq_attnswitch | AD1: score_aq_attndetail | AE1: score_aq_communication | AF1: score_aq_imagination | AG1: score_aq_total | AH1: panas_p_prescan_total | AI1: panas_n_prescan_total | AJ1: norc_lifetime_total | AK1: norc_year_total | AL1: mspss_retest_scoring | AM1: mspss_retest_friends | AN1: mspss_retest_family | AO1: mspss_retest_sig_other | AP1: nbs_adult_sum | AQ1: bsmas_total | AR1: gs_short_form_total | AS1: oafem_total | AT1: gti_score | AU1: gs_total | AV1: crt_score_total | AW1: iat_total | AX1: bsas_salience_score | AY1: bsas_mood_score | AZ1: bsas_conflict_score | BA1: bsas_tolerance_score | BB1: bsas_relapse_score | BC1: bsas_withdrawl_score | BD1: bsas_problems_score | BE1: bsas_total_score | BF1: mach_iv_total | BG1: mach_iv_sum | BH1: bpaqsf_total_sum | BI1: bpaqsf_physical_sum | BJ1: bpaqsf_anger_sum | BK1: bpaqsf_verbal_sum | BL1: bpaqsf_hostile_sum | BM1: pnr_p_total | BN1: pnr_n_total | BO1: quic_adult_scoring_parent_involve | BP1: quic_adult_scoring_parent_predictability | BQ1: quic_adult_scoring_parent_enviornment | BR1: quic_adult_scoring_parent_physicalenviro | BS1: quic_adult_scoring_parent_safety | BT1: plan_score_mf | BU1: plan_score_to | BV1: plan_score_cs | BW1: plan_score_total | BX1: ctb_1_score | BY1: ctb_2_score | BZ1: ctb_3_score | CA1: ctb_4_score | CB1: scd_score_total | CC1: nih_sum | CD1: nih_score_yn | CE1: hvltimm_equation | CF1: hvlt_delaytime_equation | CG1: hvlt_delay_score | CH1: hvlt_retention | CI1: hvlt_rec_dis | CJ1: salthouse_let_score | CK1: salthouse_pat_score | CL1: har_score | CM1: kbit_score | CN1: math_addition_score | CO1: math_addition_time | CP1: math_subtraction_score | CQ1: math_subtraction_time | CR1: math_multiplication_score | CS1: math_multiplication_time | CT1: ios_sr_score | CU1: ios_invest_score | CV1: ios_friend_score | CW1: ios_computer_score | CX1: screener_date | CY1: dob | CZ1: age_mo | DA1: race | DB1: gender | DC1: audit_sum | DD1: dudit_sum | DE1: usi_sum | DF1: fevs_sum | DG1: pmas_sum | DH1: pam_total_sum | DI1: pam_adult_duration | DJ1: pam_adult_interaction | DK1: pam_adult_knowledge | DL1: pam_adult_intimate | DM1: pam_adult_disclose | DN1: pam_adult_social | DO1: mspss_sum | DP1: ses_2 | DQ1: ses_03 | DR1: ses_4 | DS1: ses_score_1 | DT1: ses_score_2 | DU1: ses_score_3 | DV1: ses_score_4 | DW1: ses_score_5 | DX1: ses_score_6 | DY1: ses_score_7 | DZ1: fraud_score_1 | EA1: fraud_score_2 | EB1: fraud_score_3 | EC1: fraud_score_4 | ED1: dospert_score_e | EE1: dospert_score_fi_fg | EF1: dospert_score_hs | EG1: dospert_score_r | EH1: dospert_score_s | EI1: faq_score | EJ1: ecog_score
A2: 10317 | B2: 191960 | C2: -46.00628 | D2: 2.8 | E2: 4 | F2: 2.8 | G2: 5.2 | H2: 6.857143 | I2: 4.666667 | J2: 62.96 | K2: White | L2: Female | M2: 4.22 | N2: 4.3 | O2: 0 | P2: 6 | Q2: 0 | R2: 4.83 | S2: 4.83 | T2: 5.38 | U2: 4.5 | V2: 4.97 | W2: 21 | X2: 3 | Y2: 11 | Z2: 1 | AA2: 6 | AB2: 3 | AC2: 7 | AD2: 2 | AE2: 5 | AF2: 2 | AG2: 19 | AH2: 30 | AI2: 8 | AJ2: 0 | AK2: 0 | AL2: 3.83 | AM2: 6.5 | AN2: 1 | AO2: 4 | AP2: 3 | AQ2: 17 | AR2: 1.58 | AS2: 92 | AT2: 3 | AU2: 2.66 | AV2: 120.1 | AW2: 0 | AX2: 0 | AY2: 0 | AZ2: 0 | BA2: 0 | BB2: 0 | BC2: 0 | BD2: 0 | BE2: 0 | BF2: 20 | BG2: 0 | BH2: 0 | BI2: 0 | BJ2: 0 | BK2: 0 | BL2: 0 | BM2: 0 | BN2: 0 | BO2: 8991 | BP2: 0 | BQ2: 0 | BR2: 0 | BS2: 0 | BT2: 4 | BU2: 4.4 | BV2: 4.4 | BW2: 4.27 | BX2: 6 | BY2: 5.1666667 | BZ2: 6 | CA2: 5.1666667 | CB2: 2.75 | CC2: 0 | CD2: 0 | CE2: 28 | CF2: 26 | CG2: 12 | CH2: 1.2 | CI2: 40 | CJ2: 45 | CK2: 47 | CL2: 26 | CM2: 29 | CN2: 43 | CO2: 60 | CP2: 34 | CQ2: 60 | CR2: 27 | CS2: 60 | CT2: 0 | CU2: 0 | CV2: 3 | CW2: 1 | CX2: NaN | CY2: NaN | CZ2: NaN | DA2: NaN | DB2: NaN | DC2: NaN | DD2: NaN | DE2: NaN | DF2: NaN | DG2: NaN | DH2: NaN | DI2: NaN | DJ2: NaN | DK2: NaN | DL2: NaN | DM2: NaN | DN2: NaN | DO2: NaN | DP2: NaN | DQ2: NaN | DR2: NaN | DS2: NaN | DT2: NaN | DU2: NaN | DV2: NaN | DW2: NaN | DX2: NaN | DY2: NaN | DZ2: NaN | EA2: NaN | EB2: NaN | EC2: NaN | ED2: NaN | EE2: NaN | EF2: NaN | EG2: NaN | EH2: NaN | EI2: NaN | EJ2: NaN
A3: 10369 | B3: 30791 | C3: 131.48849 | D3: 4.5 | E3: 4.285714 | F3: 3 | G3: 4.8 | H3: 5.428571 | I3: 4.666667 | J3: 31.95 | K3: White | L3: Male | M3: 4.56 | N3: 3.44 | O3: 0 | P3: 8 | Q3: 1 | R3: 3.5 | S3: 3.83 | T3: 5.13 | U3: 4.67 | V3: 4.3 | W3: 18 | X3: 5 | Y3: 10 | Z3: 0 | AA3: 3 | AB3: 2 | AC3: 7 | AD3: 5 | AE3: 5 | AF3: 2 | AG3: 21 | AH3: 26 | AI3: 10 | AJ3: 0 | AK3: 0 | AL3: 0 | AM3: 0 | AN3: 0 | AO3: 0 | AP3: 2.7 | AQ3: 13 | AR3: 2.25 | AS3: 94 | AT3: 0 | AU3: 2.63 | AV3: 44.05 | AW3: 0 | AX3: 0 | AY3: 0 | AZ3: 0 | BA3: 0 | BB3: 0 | BC3: 0 | BD3: 0 | BE3: 0 | BF3: 20 | BG3: 0 | BH3: 0 | BI3: 0 | BJ3: 0 | BK3: 0 | BL3: 0 | BM3: 0 | BN3: 0 | BO3: 8991 | BP3: 0 | BQ3: 0 | BR3: 0 | BS3: 0 | BT3: 3.6 | BU3: 3.9 | BV3: 3.5 | BW3: 3.67 | BX3: 6 | BY3: 5.6666667 | BZ3: 6 | CA3: 5.6666667 | CB3: 0.75 | CC3: 0 | CD3: 0 | CE3: 18 | CF3: 25 | CG3: 4 | CH3: 0.57142857 | CI3: 18 | CJ3: 42 | CK3: 41 | CL3: 23 | CM3: 33 | CN3: 38 | CO3: 60 | CP3: 42 | CQ3: 60 | CR3: 38 | CS3: 60 | CT3: 0 | CU3: 0 | CV3: 4 | CW3: 1 | CX3: 45105 | CY3: 33288 | CZ3: 32.35 | DA3: NaN | DB3: NaN | DC3: 9 | DD3: 13 | DE3: 3 | DF3: NaN | DG3: 0 | DH3: 3.5 | DI3: 12 | DJ3: 999 | DK3: 8 | DL3: 12 | DM3: 999 | DN3: 11 | DO3: 4.5 | DP3: 5 | DQ3: 1 | DR3: 4 | DS3: 5 | DT3: NaN | DU3: NaN | DV3: NaN | DW3: NaN | DX3: 19054 | DY3: 4 | DZ3: 1 | EA3: NaN | EB3: NaN | EC3: NaN | ED3: NaN | EE3: NaN | EF3: NaN | EG3: NaN | EH3: NaN | EI3: NaN | EJ3: NaN
A4: 10391 | B4: 111978 | C4: -135.44364 | D4: NaN | E4: NaN | F4: NaN | G4: NaN | H4: NaN | I4: NaN | J4: 44.21 | K4: White | L4: Female | M4: 3.33 | N4: 2.67 | O4: 0 | P4: 6 | Q4: 0 | R4: 0 | S4: 0 | T4: 0 | U4: 0 | V4: 0 | W4: 33 | X4: 3 | Y4: 12 | Z4: 4 | AA4: 14 | AB4: 7 | AC4: 8 | AD4: 3 | AE4: 4 | AF4: 5 | AG4: 27 | AH4: 0 | AI4: 0 | AJ4: 0 | AK4: 0 | AL4: 0 | AM4: 0 | AN4: 0 | AO4: 0 | AP4: 3.7 | AQ4: 24 | AR4: 3.17 | AS4: 66 | AT4: 0 | AU4: 9999 | AV4: 209 | AW4: 0 | AX4: 0 | AY4: 0 | AZ4: 0 | BA4: 0 | BB4: 0 | BC4: 0 | BD4: 0 | BE4: 0 | BF4: 20 | BG4: 0 | BH4: 20 | BI4: 6 | BJ4: 3 | BK4: 7 | BL4: 4 | BM4: 0 | BN4: 0 | BO4: 8991 | BP4: 0 | BQ4: 0 | BR4: 0 | BS4: 0 | BT4: 2.7 | BU4: 2.8 | BV4: 3.2 | BW4: 2.9 | BX4: 0 | BY4: 0 | BZ4: 0 | CA4: 0 | CB4: 2.65 | CC4: 1 | CD4: 0 | CE4: 17 | CF4: 20 | CG4: 5 | CH4: 0.71428571 | CI4: 22 | CJ4: 38 | CK4: 53 | CL4: 30 | CM4: 30 | CN4: 47 | CO4: 58 | CP4: 48 | CQ4: 60 | CR4: 41 | CS4: 60 | CT4: 0 | CU4: 0 | CV4: 4 | CW4: 1 | CX4: 45105 | CY4: 28713 | CZ4: 44.88 | DA4: NaN | DB4: NaN | DC4: 3 | DD4: 0 | DE4: 1 | DF4: 13 | DG4: 21 | DH4: 1.8888889 | DI4: 8 | DJ4: 999 | DK4: 5 | DL4: 1 | DM4: 999 | DN4: 8 | DO4: 4.0833333 | DP4: 5 | DQ4: 1 | DR4: 6 | DS4: 5 | DT4: NaN | DU4: NaN | DV4: NaN | DW4: NaN | DX4: 13210 | DY4: 6 | DZ4: 1 | EA4: NaN | EB4: NaN | EC4: NaN | ED4: NaN | EE4: NaN | EF4: NaN | EG4: NaN | EH4: NaN | EI4: NaN | EJ4: NaN
A5: 10402 | B5: 20286 | C5: 18.702979 | D5: 3.714286 | E5: 3.166667 | F5: 4.153846 | G5: 4.857143 | H5: 4 | I5: 5.384615 | J5: 35.94 | K5: Black or African American | L5: Male | M5: 3.56 | N5: 2.67 | O5: 4 | P5: 6 | Q5: 0 | R5: 0 | S5: 0 | T5: 0 | U5: 0 | V5: 0 | W5: 10 | X5: 0 | Y5: 8 | Z5: 0 | AA5: 2 | AB5: 5 | AC5: 6 | AD5: 8 | AE5: 4 | AF5: 3 | AG5: 26 | AH5: 22 | AI5: 14 | AJ5: 1 | AK5: 0 | AL5: 0 | AM5: 0 | AN5: 0 | AO5: 0 | AP5: 2.8 | AQ5: 22 | AR5: 4.42 | AS5: 89 | AT5: 0 | AU5: 3.71 | AV5: 104 | AW5: 0 | AX5: 0 | AY5: 0 | AZ5: 0 | BA5: 0 | BB5: 0 | BC5: 0 | BD5: 0 | BE5: 0 | BF5: 20 | BG5: 0 | BH5: 0 | BI5: 0 | BJ5: 0 | BK5: 0 | BL5: 0 | BM5: 0 | BN5: 0 | BO5: 8991 | BP5: 0 | BQ5: 0 | BR5: 0 | BS5: 0 | BT5: 3.1 | BU5: 4 | BV5: 3.5 | BW5: 3.53 | BX5: 6 | BY5: 5.1666667 | BZ5: 6 | CA5: 6 | CB5: 2.05 | CC5: 2 | CD5: 0 | CE5: 28 | CF5: 18 | CG5: 10 | CH5: 1 | CI5: 38 | CJ5: 31 | CK5: 41 | CL5: 19 | CM5: 35 | CN5: 44 | CO5: 60 | CP5: 36 | CQ5: 60 | CR5: 41 | CS5: 60 | CT5: 0 | CU5: 0 | CV5: 4 | CW5: 5 | CX5: 45105 | CY5: 31748 | CZ5: 36.57 | DA5: NaN | DB5: NaN | DC5: 3 | DD5: 2 | DE5: 2 | DF5: NaN | DG5: 28 | DH5: 2 | DI5: 3 | DJ5: 999 | DK5: 8 | DL5: 0 | DM5: 999 | DN5: 7 | DO5: 3.25 | DP5: 4 | DQ5: 1 | DR5: 3 | DS5: 4 | DT5: NaN | DU5: NaN | DV5: NaN | DW5: NaN | DX5: 8081 | DY5: 3 | DZ5: 1 | EA5: NaN | EB5: NaN | EC5: NaN | ED5: NaN | EE5: NaN | EF5: NaN | EG5: NaN | EH5: NaN | EI5: NaN | EJ5: NaN
A6: 10418 | B6: 102054 | C6: 402.2851 | D6: 4.666667 | E6: 3.538462 | F6: 4.333333 | G6: 3.384615 | H6: 5.692308 | I6: 6.142857 | J6: 68.64 | K6: White | L6: Female | M6: 4.22 | N6: 3.44 | O6: 0 | P6: 2 | Q6: 4 | R6: 5.67 | S6: 5.33 | T6: 5.25 | U6: 4.83 | V6: 5.1 | W6: 16 | X6: 4 | Y6: 2 | Z6: 0 | AA6: 10 | AB6: 9 | AC6: 2 | AD6: 4 | AE6: 3 | AF6: 3 | AG6: 21 | AH6: 26 | AI6: 11 | AJ6: 0 | AK6: 0 | AL6: 0 | AM6: 0 | AN6: 0 | AO6: 0 | AP6: 2.6 | AQ6: 7 | AR6: 4 | AS6: 90 | AT6: 0 | AU6: 4.2 | AV6: 127 | AW6: 35 | AX6: 0 | AY6: 0 | AZ6: 0 | BA6: 0.25 | BB6: 0 | BC6: 0 | BD6: 0 | BE6: 0.035714286 | BF6: 90 | BG6: 70 | BH6: 0 | BI6: 0 | BJ6: 0 | BK6: 0 | BL6: 0 | BM6: 52 | BN6: 13 | BO6: 8991 | BP6: 0 | BQ6: 0 | BR6: 0 | BS6: 0 | BT6: 3.3 | BU6: 3 | BV6: 3.1 | BW6: 3.13 | BX6: 6 | BY6: 5.1666667 | BZ6: 6 | CA6: 5.1666667 | CB6: 1.6 | CC6: 0 | CD6: 0 | CE6: 22 | CF6: 20 | CG6: 7 | CH6: 0.875 | CI6: 28 | CJ6: 24 | CK6: 33 | CL6: 25 | CM6: 27 | CN6: 35 | CO6: 60 | CP6: 29 | CQ6: 60 | CR6: 27 | CS6: 60 | CT6: 0 | CU6: 0 | CV6: 3 | CW6: 3 | CX6: 45000 | CY6: 19888 | CZ6: 68.75 | DA6: 4 | DB6: 1 | DC6: 3 | DD6: 0 | DE6: 1 | DF6: NaN | DG6: 27 | DH6: 2.5555556 | DI6: 12 | DJ6: 999 | DK6: 7 | DL6: 1 | DM6: 999 | DN6: 10 | DO6: 4.75 | DP6: 6 | DQ6: 1 | DR6: 7 | DS6: 6 | DT6: NaN | DU6: NaN | DV6: NaN | DW6: 1 | DX6: 44112 | DY6: 7 | DZ6: 0 | EA6: NaN | EB6: NaN | EC6: NaN | ED6: NaN | EE6: NaN | EF6: NaN | EG6: NaN | EH6: NaN | EI6: 1 | EJ6: NaN
A7: 10462 | B7: 21960 | C7: 181.11733 | D7: 2 | E7: 3 | F7: 2.857143 | G7: 3.5 | H7: 3.666667 | I7: 5.2 | J7: 62.04 | K7: Black or African American | L7: Male | M7: 4.67 | N7: 3.44 | O7: 4 | P7: 3 | Q7: 0 | R7: 0 | S7: 0 | T7: 0 | U7: 0 | V7: 0 | W7: 5 | X7: 0 | Y7: 5 | Z7: 0 | AA7: 0 | AB7: 3 | AC7: 4 | AD7: 6 | AE7: 2 | AF7: 1 | AG7: 16 | AH7: 27 | AI7: 10 | AJ7: 0 | AK7: 0 | AL7: 0 | AM7: 0 | AN7: 0 | AO7: 0 | AP7: 3.2 | AQ7: 8 | AR7: 2.67 | AS7: 90 | AT7: 0 | AU7: 3.14 | AV7: 110 | AW7: 0 | AX7: 0 | AY7: 0 | AZ7: 0 | BA7: 0 | BB7: 0 | BC7: 0 | BD7: 0 | BE7: 0 | BF7: 20 | BG7: 0 | BH7: 0 | BI7: 0 | BJ7: 0 | BK7: 0 | BL7: 0 | BM7: 0 | BN7: 0 | BO7: 8991 | BP7: 0 | BQ7: 0 | BR7: 0 | BS7: 0 | BT7: 3.6 | BU7: 4.3 | BV7: 4 | BW7: 3.97 | BX7: 6 | BY7: 5.1666667 | BZ7: 6 | CA7: 6 | CB7: 0.5 | CC7: 4 | CD7: 1 | CE7: 20 | CF7: 23 | CG7: 4 | CH7: 0.5 | CI7: 20 | CJ7: 0 | CK7: 0 | CL7: 31 | CM7: 27 | CN7: 37 | CO7: 60 | CP7: 30 | CQ7: 60 | CR7: 19 | CS7: 60 | CT7: 0 | CU7: 0 | CV7: 3 | CW7: 1 | CX7: 45105 | CY7: 22225 | CZ7: 62.64 | DA7: NaN | DB7: NaN | DC7: 0 | DD7: 0 | DE7: 8 | DF7: 4 | DG7: 0 | DH7: 2.2222222 | DI7: 12 | DJ7: 999 | DK7: 7 | DL7: 2 | DM7: 999 | DN7: 11 | DO7: 4.25 | DP7: 6 | DQ7: 1 | DR7: 7 | DS7: 6 | DT7: NaN | DU7: NaN | DV7: NaN | DW7: NaN | DX7: 90044 | DY7: 7 | DZ7: 1 | EA7: NaN | EB7: NaN | EC7: NaN | ED7: NaN | EE7: NaN | EF7: NaN | EG7: NaN | EH7: NaN | EI7: 0 | EJ7: NaN
A8: 10478 | B8: 201495 | C8: -29.8846 | D8: 4.4 | E8: 4.833333 | F8: 5 | G8: 4.307692 | H8: 5.571429 | I8: 6.307692 | J8: 27.9 | K8: Asian | L8: Female | M8: 3.56 | N8: 4.22 | O8: 6 | P8: 3 | Q8: 0 | R8: 0 | S8: 0 | T8: 0 | U8: 0 | V8: 0 | W8: 37 | X8: 9 | Y8: 11 | Z8: 5 | AA8: 12 | AB8: 8 | AC8: 7 | AD8: 7 | AE8: 10 | AF8: 3 | AG8: 35 | AH8: 18 | AI8: 11 | AJ8: 0 | AK8: 0 | AL8: 0 | AM8: 0 | AN8: 0 | AO8: 0 | AP8: 3.6 | AQ8: 10 | AR8: 3.33 | AS8: 82 | AT8: 0 | AU8: 4.34 | AV8: 109 | AW8: 0 | AX8: 0 | AY8: 0 | AZ8: 0 | BA8: 0 | BB8: 0 | BC8: 0 | BD8: 0 | BE8: 0 | BF8: 20 | BG8: 0 | BH8: 0 | BI8: 0 | BJ8: 0 | BK8: 0 | BL8: 0 | BM8: 0 | BN8: 0 | BO8: 8991 | BP8: 0 | BQ8: 0 | BR8: 0 | BS8: 0 | BT8: 3.2 | BU8: 3.5 | BV8: 3.3 | BW8: 3.33 | BX8: 6 | BY8: 5.1666667 | BZ8: 6 | CA8: 5.1666667 | CB8: 2.85 | CC8: 2 | CD8: 0 | CE8: 31 | CF8: 35 | CG8: 12 | CH8: 1.0909091 | CI8: 42 | CJ8: 36 | CK8: 62 | CL8: 23 | CM8: 30 | CN8: 48 | CO8: 57 | CP8: 48 | CQ8: 53 | CR8: 48 | CS8: 54 | CT8: 0 | CU8: 0 | CV8: 7 | CW8: 4 | CX8: 45105 | CY8: 34703 | CZ8: 28.48 | DA8: NaN | DB8: NaN | DC8: 1 | DD8: 0 | DE8: 3 | DF8: NaN | DG8: 33 | DH8: 3 | DI8: 12 | DJ8: 999 | DK8: 7 | DL8: 7 | DM8: 999 | DN8: 11 | DO8: 4.5 | DP8: 6 | DQ8: 2 | DR8: 9 | DS8: 6 | DT8: NaN | DU8: NaN | DV8: NaN | DW8: NaN | DX8: 19120 | DY8: 9 | DZ8: 1 | EA8: NaN | EB8: NaN | EC8: NaN | ED8: NaN | EE8: NaN | EF8: NaN | EG8: NaN | EH8: NaN | EI8: NaN | EJ8: NaN
A9: 10486 | B9: 131381 | C9: -152.35064 | D9: 5.666667 | E9: 6 | F9: 5 | G9: 6.571429 | H9: 6.857143 | I9: 4.666667 | J9: 41.91 | K9: White | L9: Female | M9: 4.33 | N9: 3.9 | O9: 4 | P9: 4 | Q9: 0 | R9: 4.33 | S9: 3.83 | T9: 4.63 | U9: 4.17 | V9: 4.4 | W9: 37 | X9: 9 | Y9: 15 | Z9: 6 | AA9: 7 | AB9: 3 | AC9: 7 | AD9: 5 | AE9: 6 | AF9: 2 | AG9: 23 | AH9: 35 | AI9: 14 | AJ9: 0 | AK9: 0 | AL9: 4.75 | AM9: 5.25 | AN9: 5 | AO9: 4 | AP9: 3 | AQ9: 15 | AR9: 3.08 | AS9: 77 | AT9: 0 | AU9: 3.51 | AV9: 29 | AW9: 0 | AX9: 0 | AY9: 0 | AZ9: 0 | BA9: 0 | BB9: 0 | BC9: 0 | BD9: 0 | BE9: 0 | BF9: 20 | BG9: 0 | BH9: 0 | BI9: 0 | BJ9: 0 | BK9: 0 | BL9: 0 | BM9: 0 | BN9: 0 | BO9: 8991 | BP9: 0 | BQ9: 0 | BR9: 0 | BS9: 0 | BT9: 3.7 | BU9: 3.9 | BV9: 3.9 | BW9: 3.83 | BX9: 6 | BY9: 4.3333333 | BZ9: 2.6666667 | CA9: 1.8333333 | CB9: 2.95 | CC9: 0 | CD9: 0 | CE9: 27 | CF9: 24 | CG9: 11 | CH9: 1.1 | CI9: 38 | CJ9: 40 | CK9: 39 | CL9: 23 | CM9: 36 | CN9: 47 | CO9: 0 | CP9: 47 | CQ9: 60 | CR9: 34 | CS9: 60 | CT9: 0 | CU9: 0 | CV9: 4 | CW9: 4 | CX9: 45105 | CY9: 29682 | CZ9: 42.23 | DA9: NaN | DB9: NaN | DC9: 1 | DD9: 0 | DE9: 1 | DF9: 5 | DG9: 23 | DH9: 2.1111111 | DI9: 9 | DJ9: 999 | DK9: 5 | DL9: 2 | DM9: 999 | DN9: 9 | DO9: NaN | DP9: 6 | DQ9: 2 | DR9: 6 | DS9: 6 | DT9: NaN | DU9: NaN | DV9: NaN | DW9: NaN | DX9: 19403 | DY9: 6 | DZ9: 1 | EA9: NaN | EB9: NaN | EC9: NaN | ED9: NaN | EE9: NaN | EF9: NaN | EG9: NaN | EH9: NaN | EI9: NaN | EJ9: NaN
A10: 10529 | B10: 110255 | C10: 187.4052 | D10: 4.142857 | E10: 4.727273 | F10: 3.818182 | G10: 4.857143 | H10: 5.384615 | I10: 4.461538 | J10: 67.8 | K10: White | L10: Male | M10: 4.89 | N10: 3.33 | O10: 0 | P10: 0 | Q10: 2 | R10: 6.17 | S10: 5.17 | T10: 5.63 | U10: 4.83 | V10: 5.4 | W10: 13 | X10: 1 | Y10: 2 | Z10: 5 | AA10: 5 | AB10: 6 | AC10: 5 | AD10: 8 | AE10: 4 | AF10: 2 | AG10: 25 | AH10: 40 | AI10: 10 | AJ10: 1 | AK10: 0 | AL10: 0 | AM10: 0 | AN10: 0 | AO10: 0 | AP10: 2.6 | AQ10: 10 | AR10: 1.25 | AS10: 86 | AT10: 0 | AU10: 9999 | AV10: 0.1 | AW10: 0 | AX10: 0 | AY10: 0 | AZ10: 0 | BA10: 0 | BB10: 0 | BC10: 0 | BD10: 0 | BE10: 0 | BF10: 20 | BG10: 0 | BH10: 0 | BI10: 0 | BJ10: 0 | BK10: 0 | BL10: 0 | BM10: 0 | BN10: 0 | BO10: 8991 | BP10: 0 | BQ10: 0 | BR10: 0 | BS10: 0 | BT10: 3.8 | BU10: 3.8 | BV10: 3.9 | BW10: 3.83 | BX10: 6 | BY10: 5.1666667 | BZ10: 6 | CA10: 5.1666667 | CB10: 1.35 | CC10: 0 | CD10: 0 | CE10: 32 | CF10: 17 | CG10: 12 | CH10: 1 | CI10: 43 | CJ10: 30 | CK10: 45 | CL10: 27 | CM10: 28 | CN10: 48 | CO10: 55 | CP10: 48 | CQ10: 49 | CR10: 48 | CS10: 60 | CT10: 0 | CU10: 0 | CV10: 7 | CW10: 1 | CX10: 45106 | CY10: 20208 | CZ10: 68.17 | DA10: NaN | DB10: NaN | DC10: 1 | DD10: 0 | DE10: 2 | DF10: 6 | DG10: 28 | DH10: 2.2222222 | DI10: 12 | DJ10: 999 | DK10: 7 | DL10: 0 | DM10: 999 | DN10: 11 | DO10: 3.5 | DP10: 1 | DQ10: 0 | DR10: 1 | DS10: 1 | DT10: NaN | DU10: NaN | DV10: NaN | DW10: NaN | DX10: 19120 | DY10: 1 | DZ10: 0 | EA10: NaN | EB10: NaN | EC10: NaN | ED10: NaN | EE10: NaN | EF10: NaN | EG10: NaN | EH10: NaN | EI10: 0 | EJ10: NaN
A11: 10541 | B11: 30253 | C11: -48.674747 | D11: 5.384615 | E11: 5.142857 | F11: 3.833333 | G11: 4.5 | H11: 6 | I11: 4.166667 | J11: 69.16 | K11: White | L11: Male | M11: 4.22 | N11: 2.67 | O11: 3 | P11: 14 | Q11: 0 | R11: 0 | S11: 0 | T11: 0 | U11: 0 | V11: 0 | W11: 20 | X11: 1 | Y11: 5 | Z11: 2 | AA11: 12 | AB11: 8 | AC11: 6 | AD11: 6 | AE11: 7 | AF11: 5 | AG11: 32 | AH11: 25 | AI11: 10 | AJ11: 0 | AK11: 0 | AL11: 4.25 | AM11: 4 | AN11: 5.5 | AO11: 3.25 | AP11: 2.8 | AQ11: 7 | AR11: 3.75 | AS11: 83 | AT11: 3.17 | AU11: 4.11 | AV11: 0 | AW11: 0 | AX11: 0 | AY11: 0 | AZ11: 0 | BA11: 0 | BB11: 0 | BC11: 0 | BD11: 0 | BE11: 0 | BF11: 20 | BG11: 0 | BH11: 0 | BI11: 0 | BJ11: 0 | BK11: 0 | BL11: 0 | BM11: 0 | BN11: 0 | BO11: 8991 | BP11: 0 | BQ11: 0 | BR11: 0 | BS11: 0 | BT11: 3.4 | BU11: 3.1 | BV11: 3.4 | BW11: 3.3 | BX11: 2.3333333 | BY11: 3.6666667 | BZ11: 4.5 | CA11: 3.5 | CB11: 1.3 | CC11: 2 | CD11: 0 | CE11: 27 | CF11: 16 | CG11: 11 | CH11: 1.1 | CI11: 35 | CJ11: 27 | CK11: 36 | CL11: 30 | CM11: 31 | CN11: 48 | CO11: 57 | CP11: 48 | CQ11: 58 | CR11: 41 | CS11: 60 | CT11: 0 | CU11: 0 | CV11: 3 | CW11: 1 | CX11: 45106 | CY11: 19652 | CZ11: 69.69 | DA11: NaN | DB11: NaN | DC11: 1 | DD11: 0 | DE11: 0 | DF11: 0 | DG11: 24 | DH11: 1.9444444 | DI11: 12 | DJ11: 999 | DK11: 4 | DL11: 1 | DM11: 999 | DN11: 9 | DO11: 3.5833333 | DP11: 5 | DQ11: 4 | DR11: 8 | DS11: 5 | DT11: NaN | DU11: NaN | DV11: NaN | DW11: 1 | DX11: 7067 | DY11: 8 | DZ11: 1 | EA11: NaN | EB11: NaN | EC11: NaN | ED11: NaN | EE11: NaN | EF11: NaN | EG11: NaN | EH11: NaN | EI11: 0 | EJ11: NaN
A12: 10555 | B12: 141294 | C12: 218.31717 | D12: NaN | E12: NaN | F12: NaN | G12: NaN | H12: NaN | I12: NaN | J12: 28.86 | K12: White | L12: Female | M12: 3.67 | N12: 3.67 | O12: 5 | P12: 18 | Q12: 0 | R12: 3.83 | S12: 2.67 | T12: 4.5 | U12: 4.5 | V12: 3.83 | W12: 71 | X12: 25 | Y12: 25 | Z12: 7 | AA12: 14 | AB12: 7 | AC12: 9 | AD12: 7 | AE12: 8 | AF12: 2 | AG12: 33 | AH12: 35 | AI12: 17 | AJ12: 0 | AK12: 0 | AL12: 0 | AM12: 0 | AN12: 0 | AO12: 0 | AP12: 3.6 | AQ12: 17 | AR12: 3.25 | AS12: 84 | AT12: 0 | AU12: 3.2 | AV12: 49.1 | AW12: 41 | AX12: 1.5 | AY12: 1 | AZ12: 0 | BA12: 0.75 | BB12: 0.75 | BC12: 0.75 | BD12: 1.25 | BE12: 0.85714286 | BF12: 100 | BG12: 80 | BH12: 0 | BI12: 0 | BJ12: 0 | BK12: 0 | BL12: 0 | BM12: 32 | BN12: 27 | BO12: 8991 | BP12: 0 | BQ12: 0 | BR12: 0 | BS12: 0 | BT12: 3.8 | BU12: 4.2 | BV12: 3.6 | BW12: 3.87 | BX12: 5 | BY12: 5.6666667 | BZ12: 6 | CA12: 5.1666667 | CB12: 2.35 | CC12: 0 | CD12: 0 | CE12: 33 | CF12: 19 | CG12: 12 | CH12: 1 | CI12: 45 | CJ12: 30 | CK12: 47 | CL12: 26 | CM12: 0 | CN12: 48 | CO12: 59 | CP12: 35 | CQ12: 60 | CR12: 45 | CS12: 60 | CT12: 0 | CU12: 0 | CV12: 5 | CW12: 1 | CX12: 45106 | CY12: 34427 | CZ12: 29.24 | DA12: NaN | DB12: NaN | DC12: 3 | DD12: 8 | DE12: 5 | DF12: NaN | DG12: 0 | DH12: 3.1666667 | DI12: 7 | DJ12: 999 | DK12: 6 | DL12: 11 | DM12: 999 | DN12: 11 | DO12: 4.5 | DP12: 4 | DQ12: 2 | DR12: 5 | DS12: 4 | DT12: NaN | DU12: NaN | DV12: NaN | DW12: 1 | DX12: 18077 | DY12: 5 | DZ12: 1 | EA12: NaN | EB12: NaN | EC12: NaN | ED12: NaN | EE12: NaN | EF12: NaN | EG12: NaN | EH12: NaN | EI12: NaN | EJ12: NaN
A13: 10559 | B13: 131894 | C13: -63.871857 | D13: NaN | E13: NaN | F13: NaN | G13: NaN | H13: NaN | I13: NaN | J13: 28.31 | K13: Black or African American | L13: Male | M13: 4.44 | N13: 3.8 | O13: 9 | P13: 3 | Q13: 0 | R13: 0 | S13: 0 | T13: 0 | U13: 0 | V13: 0 | W13: 0 | X13: 0 | Y13: 0 | Z13: 0 | AA13: 0 | AB13: 0 | AC13: 0 | AD13: 0 | AE13: 0 | AF13: 0 | AG13: 0 | AH13: 25 | AI13: 12 | AJ13: 0 | AK13: 0 | AL13: 5 | AM13: 5.5 | AN13: 5.25 | AO13: 4.25 | AP13: 2.5 | AQ13: 12 | AR13: 1.08 | AS13: 81 | AT13: 1.67 | AU13: 1.63 | AV13: 0 | AW13: 0 | AX13: 0 | AY13: 0 | AZ13: 0 | BA13: 0 | BB13: 0 | BC13: 0 | BD13: 0 | BE13: 0 | BF13: 20 | BG13: 0 | BH13: 0 | BI13: 0 | BJ13: 0 | BK13: 0 | BL13: 0 | BM13: 0 | BN13: 0 | BO13: 8991 | BP13: 0 | BQ13: 0 | BR13: 0 | BS13: 0 | BT13: 4 | BU13: 4.4 | BV13: 4.1 | BW13: 4.1666667 | BX13: 1 | BY13: 1 | BZ13: 1 | CA13: 1 | CB13: 2.4 | CC13: 0 | CD13: 0 | CE13: 23 | CF13: 20 | CG13: 10 | CH13: 1 | CI13: 33 | CJ13: 43 | CK13: 42 | CL13: 19 | CM13: 32 | CN13: 48 | CO13: 44 | CP13: 47 | CQ13: 57 | CR13: 48 | CS13: 60 | CT13: 0 | CU13: 0 | CV13: 5 | CW13: 2 | CX13: NaN | CY13: NaN | CZ13: NaN | DA13: NaN | DB13: NaN | DC13: 13 | DD13: 5 | DE13: 2 | DF13: 16 | DG13: 0 | DH13: 2.5625 | DI13: 1 | DJ13: 10 | DK13: 7 | DL13: 0 | DM13: 14 | DN13: 9 | DO13: 4.0833333 | DP13: 5 | DQ13: 5 | DR13: 7 | DS13: 5 | DT13: NaN | DU13: NaN | DV13: NaN | DW13: 4 | DX13: 19454 | DY13: 7 | DZ13: 1 | EA13: NaN | EB13: NaN | EC13: NaN | ED13: NaN | EE13: NaN | EF13: NaN | EG13: NaN | EH13: NaN | EI13: NaN | EJ13: NaN
A14: 10572 | B14: 10252 | C14: 165.76556 | D14: 3 | E14: 3.090909 | F14: 3.5 | G14: 3.454545 | H14: 4.545455 | I14: 3.166667 | J14: 70.46 | K14: White | L14: Female | M14: 4.22 | N14: 3.1 | O14: 0 | P14: 0 | Q14: 0 | R14: 6.17 | S14: 5.67 | T14: 6.13 | U14: 5.17 | V14: 5.83 | W14: 4 | X14: 0 | Y14: 1 | Z14: 0 | AA14: 3 | AB14: 2 | AC14: 4 | AD14: 5 | AE14: 3 | AF14: 4 | AG14: 18 | AH14: 31 | AI14: 12 | AJ14: 0 | AK14: 0 | AL14: 6 | AM14: 6 | AN14: 6 | AO14: 6 | AP14: 2.6 | AQ14: 6 | AR14: 2.25 | AS14: 91 | AT14: 3.17 | AU14: 2.69 | AV14: 72 | AW14: 0 | AX14: 0 | AY14: 0 | AZ14: 0 | BA14: 0 | BB14: 0 | BC14: 0 | BD14: 0 | BE14: 0 | BF14: 20 | BG14: 0 | BH14: 0 | BI14: 0 | BJ14: 0 | BK14: 0 | BL14: 0 | BM14: 0 | BN14: 0 | BO14: 8991 | BP14: 0 | BQ14: 0 | BR14: 0 | BS14: 0 | BT14: 3.2 | BU14: 3.3 | BV14: 3.7 | BW14: 3.4 | BX14: 2.6666667 | BY14: 2.6666667 | BZ14: 4.3333333 | CA14: 2.6666667 | CB14: 0.3 | CC14: 0 | CD14: 0 | CE14: 29 | CF14: 18 | CG14: 11 | CH14: 0.91666667 | CI14: 40 | CJ14: 28 | CK14: 42 | CL14: 27 | CM14: 29 | CN14: 46 | CO14: 60 | CP14: 42 | CQ14: 60 | CR14: 29 | CS14: 60 | CT14: 0 | CU14: 0 | CV14: 2 | CW14: 1 | CX14: 45106 | CY14: 19250 | CZ14: 70.79 | DA14: NaN | DB14: NaN | DC14: 1 | DD14: 0 | DE14: 0 | DF14: NaN | DG14: 28 | DH14: 2.3333333 | DI14: 12 | DJ14: 999 | DK14: 6 | DL14: 2 | DM14: 999 | DN14: 8 | DO14: NaN | DP14: 5 | DQ14: 1 | DR14: 7 | DS14: 5 | DT14: NaN | DU14: NaN | DV14: NaN | DW14: 1 | DX14: 18249 | DY14: 7 | DZ14: 1 | EA14: NaN | EB14: NaN | EC14: NaN | ED14: NaN | EE14: NaN | EF14: NaN | EG14: NaN | EH14: NaN | EI14: 0 | EJ14: NaN
A15: 10581 | B15: 101274 | C15: 181.56469 | D15: 3.4 | E15: 2.25 | F15: 4.545455 | G15: 3 | H15: 6.545455 | I15: 5.571429 | J15: 48.03 | K15: Black or African American | L15: Male | M15: 4.44 | N15: 3.78 | O15: 4 | P15: 2 | Q15: 0 | R15: 0 | S15: 0 | T15: 0 | U15: 0 | V15: 0 | W15: 18 | X15: 2 | Y15: 7 | Z15: 2 | AA15: 7 | AB15: 1 | AC15: 5 | AD15: 4 | AE15: 3 | AF15: 3 | AG15: 16 | AH15: 29 | AI15: 9 | AJ15: 0 | AK15: 0 | AL15: 5.67 | AM15: 6 | AN15: 6 | AO15: 5 | AP15: 2.9 | AQ15: 6 | AR15: 1.83 | AS15: 84 | AT15: 0 | AU15: 9999 | AV15: 154.1 | AW15: 0 | AX15: 0 | AY15: 0 | AZ15: 0 | BA15: 0 | BB15: 0 | BC15: 0 | BD15: 0 | BE15: 0 | BF15: 20 | BG15: 0 | BH15: 0 | BI15: 0 | BJ15: 0 | BK15: 0 | BL15: 0 | BM15: 0 | BN15: 0 | BO15: 8991 | BP15: 0 | BQ15: 0 | BR15: 0 | BS15: 0 | BT15: 4.1 | BU15: 3.5 | BV15: 4.2 | BW15: 3.93 | BX15: 1 | BY15: 1 | BZ15: 1 | CA15: 1 | CB15: 0.3 | CC15: 4 | CD15: 1 | CE15: 20 | CF15: 20 | CG15: 6 | CH15: 0.66666667 | CI15: 20 | CJ15: 33 | CK15: 43 | CL15: 20 | CM15: 20 | CN15: 42 | CO15: 60 | CP15: 30 | CQ15: 60 | CR15: 30 | CS15: 60 | CT15: 0 | CU15: 0 | CV15: 2 | CW15: 2 | CX15: 45106 | CY15: 27360 | CZ15: 48.59 | DA15: NaN | DB15: NaN | DC15: 3 | DD15: 0 | DE15: 4 | DF15: 2 | DG15: 0 | DH15: 2.5 | DI15: 9 | DJ15: 999 | DK15: 6 | DL15: 0 | DM15: 999 | DN15: 9 | DO15: 5 | DP15: 1 | DQ15: 0 | DR15: 6 | DS15: 1 | DT15: NaN | DU15: NaN | DV15: NaN | DW15: 1 | DX15: 19138 | DY15: 6 | DZ15: 1 | EA15: NaN | EB15: NaN | EC15: NaN | ED15: NaN | EE15: NaN | EF15: NaN | EG15: NaN | EH15: NaN | EI15: NaN | EJ15: NaN
A16: 10584 | B16: 221173 | C16: 343.12092 | D16: 3.571429 | E16: 3.8 | F16: 2.833333 | G16: 5.090909 | H16: 3.090909 | I16: 2.25 | J16: 49.64 | K16: White | L16: Female | M16: 4.22 | N16: 3 | O16: 1 | P16: 3 | Q16: 0 | R16: 5.83 | S16: 4.83 | T16: 5.63 | U16: 4.33 | V16: 5.13 | W16: 16 | X16: 1 | Y16: 5 | Z16: 1 | AA16: 9 | AB16: 4 | AC16: 6 | AD16: 8 | AE16: 6 | AF16: 3 | AG16: 27 | AH16: 30 | AI16: 14 | AJ16: 0 | AK16: 0 | AL16: 5.5 | AM16: 6 | AN16: 4.5 | AO16: 6 | AP16: 3 | AQ16: 15 | AR16: 1.42 | AS16: 90 | AT16: 0 | AU16: 2.63 | AV16: 55 | AW16: 21 | AX16: 0 | AY16: 0 | AZ16: 0 | BA16: 0 | BB16: 0 | BC16: 0 | BD16: 0 | BE16: 0 | BF16: 94 | BG16: 74 | BH16: 0 | BI16: 0 | BJ16: 0 | BK16: 0 | BL16: 0 | BM16: 0 | BN16: 0 | BO16: 8991 | BP16: 0 | BQ16: 0 | BR16: 0 | BS16: 0 | BT16: 3.8 | BU16: 4 | BV16: 4.2 | BW16: 4 | BX16: 6 | BY16: 6 | BZ16: 6 | CA16: 3.8333333 | CB16: 1.35 | CC16: 0 | CD16: 0 | CE16: 28 | CF16: 20 | CG16: 10 | CH16: 0.90909091 | CI16: 38 | CJ16: 45 | CK16: 44 | CL16: 30 | CM16: 38 | CN16: 48 | CO16: 50 | CP16: 47 | CQ16: 60 | CR16: 39 | CS16: 60 | CT16: 0 | CU16: 0 | CV16: 6 | CW16: 2 | CX16: 45001 | CY16: 26779 | CZ16: 49.89 | DA16: 4 | DB16: 1 | DC16: 3 | DD16: 0 | DE16: 1 | DF16: 4 | DG16: 0 | DH16: 2.4444444 | DI16: 12 | DJ16: 999 | DK16: 7 | DL16: 2 | DM16: 999 | DN16: 10 | DO16: 3.5 | DP16: 5 | DQ16: 5 | DR16: 8 | DS16: 5 | DT16: NaN | DU16: NaN | DV16: NaN | DW16: NaN | DX16: 19027 | DY16: 8 | DZ16: 1 | EA16: NaN | EB16: NaN | EC16: NaN | ED16: NaN | EE16: NaN | EF16: NaN | EG16: NaN | EH16: NaN | EI16: NaN | EJ16: NaN
A17: 10585 | B17: 161859 | C17: 119.63799 | D17: 4.666667 | E17: 4.363636 | F17: 4.923077 | G17: 4.769231 | H17: 5.714286 | I17: 5.833333 | J17: 63.33 | K17: White | L17: Female | M17: 4.67 | N17: 4 | O17: 4 | P17: 4 | Q17: 0 | R17: 6.67 | S17: 5.67 | T17: 5.63 | U17: 5.17 | V17: 5.8 | W17: 19 | X17: 2 | Y17: 12 | Z17: 4 | AA17: 1 | AB17: 0 | AC17: 5 | AD17: 6 | AE17: 1 | AF17: 1 | AG17: 13 | AH17: 30 | AI17: 9 | AJ17: 0 | AK17: 0 | AL17: 6 | AM17: 6 | AN17: 6 | AO17: 6 | AP17: 3 | AQ17: 11 | AR17: 2.58 | AS17: 84 | AT17: 0 | AU17: 3.43 | AV17: 0 | AW17: 0 | AX17: 0 | AY17: 0 | AZ17: 0 | BA17: 0 | BB17: 0 | BC17: 0 | BD17: 0 | BE17: 0 | BF17: 20 | BG17: 0 | BH17: 0 | BI17: 0 | BJ17: 0 | BK17: 0 | BL17: 0 | BM17: 0 | BN17: 0 | BO17: 8991 | BP17: 0 | BQ17: 0 | BR17: 0 | BS17: 0 | BT17: 3.6 | BU17: 3.7 | BV17: 3.9 | BW17: 3.73 | BX17: 2.6666667 | BY17: 3.3333333 | BZ17: 6 | CA17: 4 | CB17: 1.8 | CC17: 0 | CD17: 0 | CE17: 22 | CF17: 20 | CG17: 9 | CH17: 0.9 | CI17: 31 | CJ17: 28 | CK17: 36 | CL17: 32 | CM17: 29 | CN17: 38 | CO17: 60 | CP17: 34 | CQ17: 60 | CR17: 27 | CS17: 60 | CT17: 0 | CU17: 0 | CV17: 7 | CW17: 1 | CX17: 45106 | CY17: 21854 | CZ17: 63.66 | DA17: NaN | DB17: NaN | DC17: 0 | DD17: 0 | DE17: 1 | DF17: NaN | DG17: 28 | DH17: 2.6111111 | DI17: 12 | DJ17: 999 | DK17: 7 | DL17: 1 | DM17: 999 | DN17: 10 | DO17: NaN | DP17: 6 | DQ17: 3 | DR17: 8 | DS17: 6 | DT17: NaN | DU17: NaN | DV17: NaN | DW17: 2 | DX17: 11793 | DY17: 8 | DZ17: 1 | EA17: NaN | EB17: NaN | EC17: NaN | ED17: NaN | EE17: NaN | EF17: NaN | EG17: NaN | EH17: NaN | EI17: 0 | EJ17: NaN
A18: 10589 | B18: 161988 | C18: 26.772347 | D18: 3.857143 | E18: 4.461538 | F18: 3.846154 | G18: 4.615385 | H18: 6 | I18: 5 | J18: 34.87 | K18: White | L18: Male | M18: 4.44 | N18: 2.5 | O18: 2 | P18: 13 | Q18: 0 | R18: 2.83 | S18: 3 | T18: 3.75 | U18: 3.83 | V18: 3.23 | W18: 45 | X18: 10 | Y18: 21 | Z18: 4 | AA18: 10 | AB18: 4 | AC18: 8 | AD18: 6 | AE18: 6 | AF18: 6 | AG18: 30 | AH18: 26 | AI18: 17 | AJ18: 0 | AK18: 0 | AL18: 0 | AM18: 0 | AN18: 0 | AO18: 0 | AP18: 3.9 | AQ18: 18 | AR18: 4.58 | AS18: 94 | AT18: 0 | AU18: 4.46 | AV18: 44 | AW18: 0 | AX18: 0 | AY18: 0 | AZ18: 0 | BA18: 0 | BB18: 0 | BC18: 0 | BD18: 0 | BE18: 0 | BF18: 20 | BG18: 0 | BH18: 0 | BI18: 0 | BJ18: 0 | BK18: 0 | BL18: 0 | BM18: 0 | BN18: 0 | BO18: 8991 | BP18: 0 | BQ18: 0 | BR18: 0 | BS18: 0 | BT18: 2.2 | BU18: 2.9 | BV18: 3.4 | BW18: 2.83 | BX18: 1.6666667 | BY18: 2.6666667 | BZ18: 3.3333333 | CA18: 3.8333333 | CB18: 1.7 | CC18: 0 | CD18: 0 | CE18: 20 | CF18: 27 | CG18: 6 | CH18: 0.66666667 | CI18: 25 | CJ18: 41 | CK18: 56 | CL18: 23 | CM18: 34 | CN18: 48 | CO18: 58 | CP18: 42 | CQ18: 60 | CR18: 29 | CS18: 60 | CT18: 0 | CU18: 0 | CV18: 5 | CW18: 1 | CX18: 45106 | CY18: 32284 | CZ18: 35.11 | DA18: NaN | DB18: NaN | DC18: 8 | DD18: 5 | DE18: 4 | DF18: 6 | DG18: 26 | DH18: 2.5 | DI18: 12 | DJ18: 999 | DK18: 7 | DL18: 0 | DM18: 999 | DN18: 12 | DO18: 3.5833333 | DP18: 5 | DQ18: 0 | DR18: 3 | DS18: 5 | DT18: NaN | DU18: NaN | DV18: NaN | DW18: NaN | DX18: 19468 | DY18: 3 | DZ18: 0 | EA18: NaN | EB18: NaN | EC18: NaN | ED18: NaN | EE18: NaN | EF18: NaN | EG18: NaN | EH18: NaN | EI18: NaN | EJ18: NaN
A19: 10590 | B19: 30467 | C19: -34.553622 | D19: 2.222222 | E19: 3.5 | F19: 3.076923 | G19: 4.333333 | H19: 5.857143 | I19: 6.166667 | J19: 56.4 | K19: White | L19: Female | M19: 4.56 | N19: 4.2 | O19: 1 | P19: 2 | Q19: 0 | R19: 6.67 | S19: 4.33 | T19: 4.5 | U19: 5.67 | V19: 5.23 | W19: 17 | X19: 2 | Y19: 5 | Z19: 1 | AA19: 9 | AB19: 3 | AC19: 5 | AD19: 3 | AE19: 3 | AF19: 0 | AG19: 14 | AH19: 32 | AI19: 10 | AJ19: 0 | AK19: 0 | AL19: 6.75 | AM19: 7 | AN19: 6.25 | AO19: 7 | AP19: 2.9 | AQ19: 12 | AR19: 3.67 | AS19: 90 | AT19: 3 | AU19: 3.86 | AV19: 0 | AW19: 0 | AX19: 0 | AY19: 0 | AZ19: 0 | BA19: 0 | BB19: 0 | BC19: 0 | BD19: 0 | BE19: 0 | BF19: 20 | BG19: 0 | BH19: 0 | BI19: 0 | BJ19: 0 | BK19: 0 | BL19: 0 | BM19: 0 | BN19: 0 | BO19: 8991 | BP19: 0 | BQ19: 0 | BR19: 0 | BS19: 0 | BT19: 3.2 | BU19: 3.7 | BV19: 3.9 | BW19: 3.6 | BX19: 6 | BY19: 5.6666667 | BZ19: 6 | CA19: 5.6666667 | CB19: 0.55 | CC19: 0 | CD19: 0 | CE19: 27 | CF19: 0 | CG19: 7 | CH19: 0.63636364 | CI19: 34 | CJ19: 53 | CK19: 54 | CL19: 31 | CM19: 33 | CN19: 48 | CO19: 60 | CP19: 47 | CQ19: 60 | CR19: 48 | CS19: 60 | CT19: 0 | CU19: 0 | CV19: 4 | CW19: 1 | CX19: 45000 | CY19: 24498 | CZ19: 56.13 | DA19: 4 | DB19: 1 | DC19: 0 | DD19: 0 | DE19: 0 | DF19: 4 | DG19: 0 | DH19: 2.6111111 | DI19: 10 | DJ19: 999 | DK19: 7 | DL19: 1 | DM19: 999 | DN19: 8 | DO19: 4.1666667 | DP19: 6 | DQ19: 4 | DR19: 6 | DS19: 6 | DT19: NaN | DU19: NaN | DV19: NaN | DW19: 2 | DX19: 21701 | DY19: 6 | DZ19: 0 | EA19: NaN | EB19: NaN | EC19: NaN | ED19: NaN | EE19: NaN | EF19: NaN | EG19: NaN | EH19: NaN | EI19: 0 | EJ19: NaN
A20: 10596 | B20: 130995 | C20: 325.05229 | D20: 3.272727 | E20: 5.25 | F20: 5.076923 | G20: 6.142857 | H20: 6.461538 | I20: 5.142857 | J20: 27.27 | K20: White | L20: Female | M20: 3.67 | N20: 2.89 | O20: 8 | P20: 13 | Q20: 0 | R20: 4.5 | S20: 4.17 | T20: 4.25 | U20: 4.83 | V20: 4.43 | W20: 35 | X20: 17 | Y20: 15 | Z20: 3 | AA20: 0 | AB20: 0 | AC20: 5 | AD20: 3 | AE20: 3 | AF20: 2 | AG20: 13 | AH20: 24 | AI20: 14 | AJ20: 0 | AK20: 0 | AL20: 0 | AM20: 0 | AN20: 0 | AO20: 0 | AP20: 3.6 | AQ20: 12 | AR20: 3.17 | AS20: 82 | AT20: 0 | AU20: 3.57 | AV20: 50.1 | AW20: 0 | AX20: 0 | AY20: 0 | AZ20: 0 | BA20: 0 | BB20: 0 | BC20: 0 | BD20: 0 | BE20: 0 | BF20: 20 | BG20: 0 | BH20: 0 | BI20: 0 | BJ20: 0 | BK20: 0 | BL20: 0 | BM20: 0 | BN20: 0 | BO20: 8991 | BP20: 0 | BQ20: 0 | BR20: 0 | BS20: 0 | BT20: 2.9 | BU20: 3.8 | BV20: 3.5 | BW20: 3.4 | BX20: 2.6666667 | BY20: 2.6666667 | BZ20: 2.6666667 | CA20: 1.8333333 | CB20: 2.15 | CC20: 0 | CD20: 0 | CE20: 24 | CF20: 20 | CG20: 9 | CH20: 0.81818182 | CI20: 31 | CJ20: 31 | CK20: 52 | CL20: 24 | CM20: 37 | CN20: 48 | CO20: 54 | CP20: 47 | CQ20: 60 | CR20: 29 | CS20: 60 | CT20: 0 | CU20: 0 | CV20: 4 | CW20: 1 | CX20: 45106 | CY20: 35004 | CZ20: 27.66 | DA20: NaN | DB20: NaN | DC20: 0 | DD20: 0 | DE20: 3 | DF20: NaN | DG20: 26 | DH20: 2.0555556 | DI20: 6 | DJ20: 999 | DK20: 4 | DL20: 4 | DM20: 999 | DN20: 11 | DO20: 4.3333333 | DP20: 4 | DQ20: 1 | DR20: 2 | DS20: 4 | DT20: NaN | DU20: NaN | DV20: NaN | DW20: NaN | DX20: NaN | DY20: 2 | DZ20: 1 | EA20: NaN | EB20: NaN | EC20: NaN | ED20: NaN | EE20: NaN | EF20: NaN | EG20: NaN | EH20: NaN | EI20: NaN | EJ20: NaN
A21: 10603 | B21: 31853 | C21: -234.82856 | D21: 4.5 | E21: 4.5 | F21: 3.2 | G21: 3 | H21: 5.5 | I21: 5 | J21: 69.22 | K21: Black or African American | L21: Female | M21: 3.56 | N21: 3 | O21: 5 | P21: 0 | Q21: 0 | R21: 7 | S21: 6.5 | T21: 6.88 | U21: 5.17 | V21: 6.37 | W21: 1 | X21: 0 | Y21: 1 | Z21: 0 | AA21: 0 | AB21: 3 | AC21: 2 | AD21: 2 | AE21: 2 | AF21: 3 | AG21: 12 | AH21: 30 | AI21: 11 | AJ21: 0 | AK21: 0 | AL21: 4.08 | AM21: 5 | AN21: 2 | AO21: 5.25 | AP21: 2.4 | AQ21: 11 | AR21: 1.42 | AS21: 91 | AT21: 0 | AU21: 1.54 | AV21: 0 | AW21: 0 | AX21: 0 | AY21: 0 | AZ21: 0 | BA21: 0 | BB21: 0 | BC21: 0 | BD21: 0 | BE21: 0 | BF21: 20 | BG21: 0 | BH21: 0 | BI21: 0 | BJ21: 0 | BK21: 0 | BL21: 0 | BM21: 0 | BN21: 0 | BO21: 8991 | BP21: 0 | BQ21: 0 | BR21: 0 | BS21: 0 | BT21: 3.4 | BU21: 3.7 | BV21: 3.7 | BW21: 3.6 | BX21: 6 | BY21: 6 | BZ21: 6 | CA21: 6 | CB21: 1.65 | CC21: 0 | CD21: 0 | CE21: 27 | CF21: 25 | CG21: 9 | CH21: 0.9 | CI21: 36 | CJ21: 24 | CK21: 42 | CL21: 27 | CM21: 32 | CN21: 42 | CO21: 60 | CP21: 43 | CQ21: 60 | CR21: 37 | CS21: 60 | CT21: 0 | CU21: 0 | CV21: 7 | CW21: 1 | CX21: 45034 | CY21: 19676 | CZ21: 69.43 | DA21: NaN | DB21: NaN | DC21: 0 | DD21: 0 | DE21: 0 | DF21: NaN | DG21: 28 | DH21: 2.5555556 | DI21: 12 | DJ21: 999 | DK21: 5 | DL21: 0 | DM21: 999 | DN21: 9 | DO21: 4.1666667 | DP21: 4 | DQ21: 0 | DR21: 8 | DS21: 4 | DT21: NaN | DU21: NaN | DV21: NaN | DW21: NaN | DX21: 19133 | DY21: 8 | DZ21: 1 | EA21: NaN | EB21: NaN | EC21: NaN | ED21: NaN | EE21: NaN | EF21: NaN | EG21: NaN | EH21: NaN | EI21: 0 | EJ21: NaN
A22: 10606 | B22: 51200 | C22: 137.70306 | D22: 5.384615 | E22: 6.166667 | F22: 5.230769 | G22: 6 | H22: 6.307692 | I22: 5.571429 | J22: 22.4 | K22: White | L22: Female | M22: 3.89 | N22: 3.56 | O22: 0 | P22: 0 | Q22: 0 | R22: 7 | S22: 5.33 | T22: 6.13 | U22: 4.17 | V22: 5.73 | W22: 7 | X22: 4 | Y22: 1 | Z22: 1 | AA22: 1 | AB22: 2 | AC22: 5 | AD22: 6 | AE22: 2 | AF22: 0 | AG22: 15 | AH22: 23 | AI22: 11 | AJ22: 0 | AK22: 0 | AL22: 0 | AM22: 0 | AN22: 0 | AO22: 0 | AP22: 3.2 | AQ22: 6 | AR22: 1.58 | AS22: 96 | AT22: 0 | AU22: 2.77 | AV22: 0 | AW22: 0 | AX22: 0 | AY22: 0 | AZ22: 0 | BA22: 0 | BB22: 0 | BC22: 0 | BD22: 0 | BE22: 0 | BF22: 20 | BG22: 0 | BH22: 0 | BI22: 0 | BJ22: 0 | BK22: 0 | BL22: 0 | BM22: 0 | BN22: 0 | BO22: 8991 | BP22: 0 | BQ22: 0 | BR22: 0 | BS22: 0 | BT22: 3.6 | BU22: 4.2 | BV22: 3.6 | BW22: 3.8 | BX22: 6 | BY22: 5.1666667 | BZ22: 6 | CA22: 5.1666667 | CB22: 0 | CC22: 0 | CD22: 0 | CE22: 33 | CF22: 20 | CG22: 0 | CH22: 0 | CI22: 32 | CJ22: 42 | CK22: 55 | CL22: 21 | CM22: 38 | CN22: 48 | CO22: 0 | CP22: 48 | CQ22: 56 | CR22: 48 | CS22: 60 | CT22: 0 | CU22: 0 | CV22: 5 | CW22: 1 | CX22: 45106 | CY22: 36779 | CZ22: 22.8 | DA22: NaN | DB22: NaN | DC22: 0 | DD22: 0 | DE22: 1 | DF22: NaN | DG22: 28 | DH22: 2.2777778 | DI22: 8 | DJ22: 999 | DK22: 6 | DL22: 2 | DM22: 999 | DN22: 11 | DO22: 3.9166667 | DP22: 5 | DQ22: 4 | DR22: 6 | DS22: 5 | DT22: NaN | DU22: NaN | DV22: NaN | DW22: 3 | DX22: 8077 | DY22: 6 | DZ22: 1 | EA22: NaN | EB22: NaN | EC22: NaN | ED22: NaN | EE22: NaN | EF22: NaN | EG22: NaN | EH22: NaN | EI22: NaN | EJ22: NaN
A23: 10608 | B23: 40594 | C23: 202.18248 | D23: 3 | E23: 2 | F23: 2.4 | G23: 2.5 | H23: 6.857143 | I23: 4.666667 | J23: 29.07 | K23: Black or African American | L23: Female | M23: 3.67 | N23: 3.11 | O23: 0 | P23: 6 | Q23: 0 | R23: 5.67 | S23: 5.33 | T23: 5.75 | U23: 3.17 | V23: 5 | W23: 50 | X23: 13 | Y23: 17 | Z23: 6 | AA23: 14 | AB23: 6 | AC23: 9 | AD23: 8 | AE23: 5 | AF23: 3 | AG23: 31 | AH23: 32 | AI23: 10 | AJ23: 0 | AK23: 0 | AL23: 0 | AM23: 0 | AN23: 0 | AO23: 0 | AP23: 2.9 | AQ23: 9 | AR23: 2.17 | AS23: 97 | AT23: 0 | AU23: 2.06 | AV23: 18 | AW23: 0 | AX23: 0 | AY23: 0 | AZ23: 0 | BA23: 0 | BB23: 0 | BC23: 0 | BD23: 0 | BE23: 0 | BF23: 20 | BG23: 0 | BH23: 0 | BI23: 0 | BJ23: 0 | BK23: 0 | BL23: 0 | BM23: 0 | BN23: 0 | BO23: 8991 | BP23: 0 | BQ23: 0 | BR23: 0 | BS23: 0 | BT23: 3.3 | BU23: 4 | BV23: 3.7 | BW23: 3.67 | BX23: 2.3333333 | BY23: 3.5 | BZ23: 3 | CA23: 2.6666667 | CB23: 1.9 | CC23: 0 | CD23: 0 | CE23: 23 | CF23: 27 | CG23: 11 | CH23: 1.1 | CI23: 34 | CJ23: 28 | CK23: 31 | CL23: 26 | CM23: 33 | CN23: 38 | CO23: 60 | CP23: 33 | CQ23: 60 | CR23: 39 | CS23: 60 | CT23: 0 | CU23: 0 | CV23: 4 | CW23: 1 | CX23: 45105 | CY23: 34339 | CZ23: 29.48 | DA23: NaN | DB23: NaN | DC23: 3 | DD23: 2 | DE23: 3 | DF23: NaN | DG23: 28 | DH23: 2.7777778 | DI23: 12 | DJ23: 999 | DK23: 7 | DL23: 5 | DM23: 999 | DN23: 10 | DO23: 3.9166667 | DP23: 5 | DQ23: 1 | DR23: 5 | DS23: 5 | DT23: NaN | DU23: NaN | DV23: NaN | DW23: 1 | DX23: 19120 | DY23: 5 | DZ23: 1 | EA23: NaN | EB23: NaN | EC23: NaN | ED23: NaN | EE23: NaN | EF23: NaN | EG23: NaN | EH23: NaN | EI23: NaN | EJ23: NaN
A24: 10617 | B24: 190349 | C24: -136.95387 | D24: 5.2 | E24: 3.6 | F24: 4.666667 | G24: 4.571429 | H24: 5.428571 | I24: 3.666667 | J24: 73.4 | K24: White | L24: Female | M24: 5 | N24: 4.3 | O24: 0 | P24: 0 | Q24: 0 | R24: 6.5 | S24: 4.33 | T24: 6.88 | U24: 5.33 | V24: 6 | W24: 3 | X24: 0 | Y24: 2 | Z24: 1 | AA24: 0 | AB24: 1 | AC24: 1 | AD24: 1 | AE24: 0 | AF24: 2 | AG24: 5 | AH24: 36 | AI24: 13 | AJ24: 0 | AK24: 0 | AL24: 7 | AM24: 7 | AN24: 7 | AO24: 7 | AP24: 2.8 | AQ24: 6 | AR24: 2.33 | AS24: 90 | AT24: 4 | AU24: 9999 | AV24: 72.1 | AW24: 25 | AX24: 0 | AY24: 0 | AZ24: 0 | BA24: 0 | BB24: 0 | BC24: 0 | BD24: 0 | BE24: 0 | BF24: 81 | BG24: 61 | BH24: 0 | BI24: 0 | BJ24: 0 | BK24: 0 | BL24: 0 | BM24: 57 | BN24: 51 | BO24: 8991 | BP24: 0 | BQ24: 0 | BR24: 0 | BS24: 0 | BT24: 4.2 | BU24: 4 | BV24: 4 | BW24: 4.07 | BX24: 4 | BY24: 4 | BZ24: 5.1666667 | CA24: 5.3333333 | CB24: 0.45 | CC24: 0 | CD24: 0 | CE24: 23 | CF24: 30 | CG24: 8 | CH24: 0.72727273 | CI24: 31 | CJ24: 40 | CK24: 42 | CL24: 32 | CM24: 28 | CN24: 47 | CO24: 45 | CP24: 47 | CQ24: 41 | CR24: 48 | CS24: 48 | CT24: 0 | CU24: 0 | CV24: 6 | CW24: 2 | CX24: 45000 | CY24: 18203 | CZ24: 73.37 | DA24: 4 | DB24: 1 | DC24: 3 | DD24: 0 | DE24: 0 | DF24: 0 | DG24: 28 | DH24: 2.4444444 | DI24: 11 | DJ24: 999 | DK24: 6 | DL24: 0 | DM24: 999 | DN24: 9 | DO24: 5 | DP24: 6 | DQ24: 3 | DR24: 8 | DS24: 6 | DT24: NaN | DU24: NaN | DV24: NaN | DW24: 1 | DX24: 2174 | DY24: 8 | DZ24: 0 | EA24: NaN | EB24: NaN | EC24: NaN | ED24: NaN | EE24: NaN | EF24: NaN | EG24: NaN | EH24: NaN | EI24: 3 | EJ24: NaN
A25: 10636 | B25: 112596 | C25: 73.222181 | D25: 5.692308 | E25: 5.666667 | F25: 4.923077 | G25: 6.5 | H25: 6.666667 | I25: 5.846154 | J25: 26.81 | K25: Asian | L25: Female | M25: 3.89 | N25: 3.6 | O25: 3 | P25: 3 | Q25: 0 | R25: 5.67 | S25: 4.67 | T25: 6.5 | U25: 3.67 | V25: 5.3 | W25: 34 | X25: 9 | Y25: 16 | Z25: 0 | AA25: 9 | AB25: 0 | AC25: 3 | AD25: 3 | AE25: 2 | AF25: 0 | AG25: 8 | AH25: 21 | AI25: 12 | AJ25: 0 | AK25: 0 | AL25: 6.67 | AM25: 6.25 | AN25: 6.75 | AO25: 7 | AP25: 4.3 | AQ25: 17 | AR25: 4.25 | AS25: 88 | AT25: 3.5 | AU25: 4.77 | AV25: 31 | AW25: 0 | AX25: 0 | AY25: 0 | AZ25: 0 | BA25: 0 | BB25: 0 | BC25: 0 | BD25: 0 | BE25: 0 | BF25: 20 | BG25: 0 | BH25: 0 | BI25: 0 | BJ25: 0 | BK25: 0 | BL25: 0 | BM25: 0 | BN25: 0 | BO25: 8991 | BP25: 0 | BQ25: 0 | BR25: 0 | BS25: 0 | BT25: 3.6 | BU25: 3.9 | BV25: 4 | BW25: 3.83 | BX25: 6 | BY25: 5.1666667 | BZ25: 6 | CA25: 5.1666667 | CB25: 1.8 | CC25: 0 | CD25: 0 | CE25: 28 | CF25: 25 | CG25: 9 | CH25: 0.81818182 | CI25: 36 | CJ25: 32 | CK25: 48 | CL25: 26 | CM25: 34 | CN25: 48 | CO25: 58 | CP25: 40 | CQ25: 60 | CR25: 31 | CS25: 60 | CT25: 0 | CU25: 0 | CV25: 7 | CW25: 1 | CX25: 45001 | CY25: 35260 | CZ25: 26.67 | DA25: 1 | DB25: 1 | DC25: 5 | DD25: 0 | DE25: 0 | DF25: NaN | DG25: 0 | DH25: 2.4444444 | DI25: 12 | DJ25: 999 | DK25: 7 | DL25: 1 | DM25: 999 | DN25: 7 | DO25: 5 | DP25: 6 | DQ25: 4 | DR25: 6 | DS25: 6 | DT25: NaN | DU25: NaN | DV25: NaN | DW25: 1 | DX25: 19087 | DY25: 6 | DZ25: 0 | EA25: NaN | EB25: NaN | EC25: NaN | ED25: NaN | EE25: NaN | EF25: NaN | EG25: NaN | EH25: NaN | EI25: NaN | EJ25: NaN
A26: 10638 | B26: 101951 | C26: -95.447598 | D26: 5.714286 | E26: 6.166667 | F26: 5.076923 | G26: 6.428571 | H26: 6.461538 | I26: 5.428571 | J26: 71.83 | K26: White | L26: Female | M26: 4.56 | N26: 3.9 | O26: 1 | P26: 0 | Q26: 0 | R26: 5.67 | S26: 5.33 | T26: 6.13 | U26: 4.83 | V26: 5.63 | W26: 2 | X26: 1 | Y26: 1 | Z26: 0 | AA26: 0 | AB26: 0 | AC26: 5 | AD26: 9 | AE26: 1 | AF26: 2 | AG26: 17 | AH26: 40 | AI26: 10 | AJ26: 0 | AK26: 0 | AL26: 7 | AM26: 7 | AN26: 7 | AO26: 7 | AP26: 3 | AQ26: 12 | AR26: 2.75 | AS26: 86 | AT26: 2.67 | AU26: 9999 | AV26: 0 | AW26: 0 | AX26: 0 | AY26: 0 | AZ26: 0 | BA26: 0 | BB26: 0 | BC26: 0 | BD26: 0 | BE26: 0 | BF26: 20 | BG26: 0 | BH26: 0 | BI26: 0 | BJ26: 0 | BK26: 0 | BL26: 0 | BM26: 0 | BN26: 0 | BO26: 8991 | BP26: 0 | BQ26: 0 | BR26: 0 | BS26: 0 | BT26: 4.1 | BU26: 4.2 | BV26: 4.2 | BW26: 4.17 | BX26: 6 | BY26: 5.1666667 | BZ26: 6 | CA26: 5.1666667 | CB26: 0.85 | CC26: 0 | CD26: 0 | CE26: 19 | CF26: 24 | CG26: 7 | CH26: 0.875 | CI26: 26 | CJ26: 19 | CK26: 29 | CL26: 26 | CM26: 31 | CN26: 48 | CO26: 60 | CP26: 33 | CQ26: 60 | CR26: 42 | CS26: 60 | CT26: 0 | CU26: 0 | CV26: 6 | CW26: 1 | CX26: 45000 | CY26: 18835 | CZ26: 71.64 | DA26: 4 | DB26: 1 | DC26: 1 | DD26: 0 | DE26: 0 | DF26: NaN | DG26: 28 | DH26: 2.8888889 | DI26: 10 | DJ26: 999 | DK26: 6 | DL26: 6 | DM26: 999 | DN26: 9 | DO26: 3.9166667 | DP26: 4 | DQ26: 5 | DR26: 8 | DS26: 4 | DT26: NaN | DU26: NaN | DV26: NaN | DW26: 1 | DX26: 13021 | DY26: 8 | DZ26: 0 | EA26: NaN | EB26: NaN | EC26: NaN | ED26: NaN | EE26: NaN | EF26: NaN | EG26: NaN | EH26: NaN | EI26: 0 | EJ26: NaN
A27: 10640 | B27: 30392 | C27: 106.88985 | D27: 3 | E27: 5.5 | F27: 2.222222 | G27: 3.555556 | H27: 5 | I27: 4.909091 | J27: 31.73 | K27: White | L27: Female | M27: 3.22 | N27: 3 | O27: 0 | P27: 1 | Q27: 0 | R27: 6 | S27: 4.83 | T27: 4.38 | U27: 5.5 | V27: 5.17 | W27: 23 | X27: 6 | Y27: 14 | Z27: 3 | AA27: 0 | AB27: 2 | AC27: 6 | AD27: 9 | AE27: 3 | AF27: 4 | AG27: 24 | AH27: 34 | AI27: 17 | AJ27: 0 | AK27: 0 | AL27: 6.67 | AM27: 7 | AN27: 6 | AO27: 7 | AP27: 3.3 | AQ27: 19 | AR27: 1.92 | AS27: 84 | AT27: 1.67 | AU27: 9999 | AV27: 0 | AW27: 0 | AX27: 0 | AY27: 0 | AZ27: 0 | BA27: 0 | BB27: 0 | BC27: 0 | BD27: 0 | BE27: 0 | BF27: 20 | BG27: 0 | BH27: 0 | BI27: 0 | BJ27: 0 | BK27: 0 | BL27: 0 | BM27: 0 | BN27: 0 | BO27: 8991 | BP27: 0 | BQ27: 0 | BR27: 0 | BS27: 0 | BT27: 4 | BU27: 4.7 | BV27: 4.6 | BW27: 4.43 | BX27: 6 | BY27: 5.1666667 | BZ27: 6 | CA27: 5.1666667 | CB27: 0.65 | CC27: 0 | CD27: 0 | CE27: 25 | CF27: 27 | CG27: 9 | CH27: 0.9 | CI27: 32 | CJ27: 30 | CK27: 35 | CL27: 25 | CM27: 32 | CN27: 48 | CO27: 0 | CP27: 39 | CQ27: 60 | CR27: 33 | CS27: 60 | CT27: 1 | CU27: 1 | CV27: 7 | CW27: 1 | CX27: 45001 | CY27: 33609 | CZ27: 31.19 | DA27: 4 | DB27: 1 | DC27: 0 | DD27: 0 | DE27: 0 | DF27: NaN | DG27: 0 | DH27: 3.5555556 | DI27: 12 | DJ27: 999 | DK27: 8 | DL27: 12 | DM27: 999 | DN27: 12 | DO27: 4.8333333 | DP27: 5 | DQ27: 5 | DR27: 6 | DS27: 5 | DT27: NaN | DU27: NaN | DV27: NaN | DW27: 3 | DX27: 19145 | DY27: 6 | DZ27: 0 | EA27: NaN | EB27: NaN | EC27: NaN | ED27: NaN | EE27: NaN | EF27: NaN | EG27: NaN | EH27: NaN | EI27: NaN | EJ27: NaN
A28: 10641 | B28: 32278 | C28: -1.5001282 | D28: 3.6 | E28: 4.571429 | F28: 2.5 | G28: 3.6 | H28: 6.285714 | I28: 6.333333 | J28: 44.68 | K28: White | L28: Female | M28: 4.67 | N28: 4.5 | O28: 4 | P28: 1 | Q28: 0 | R28: 6.33 | S28: 4.83 | T28: 6 | U28: 5.83 | V28: 5.8 | W28: 9 | X28: 3 | Y28: 6 | Z28: 0 | AA28: 0 | AB28: 1 | AC28: 2 | AD28: 7 | AE28: 1 | AF28: 1 | AG28: 12 | AH28: 37 | AI28: 11 | AJ28: 0 | AK28: 0 | AL28: 6.75 | AM28: 6.5 | AN28: 6.75 | AO28: 7 | AP28: 2.5 | AQ28: 17 | AR28: 2.83 | AS28: 82 | AT28: 2.67 | AU28: 3.11 | AV28: 0 | AW28: 0 | AX28: 0 | AY28: 0 | AZ28: 0 | BA28: 0 | BB28: 0 | BC28: 0 | BD28: 0 | BE28: 0 | BF28: 20 | BG28: 0 | BH28: 0 | BI28: 0 | BJ28: 0 | BK28: 0 | BL28: 0 | BM28: 0 | BN28: 0 | BO28: 8991 | BP28: 0 | BQ28: 0 | BR28: 0 | BS28: 0 | BT28: 3.5 | BU28: 4 | BV28: 4.1 | BW28: 3.87 | BX28: 6 | BY28: 5.1666667 | BZ28: 3.8333333 | CA28: 3.8333333 | CB28: 1.25 | CC28: 0 | CD28: 0 | CE28: 26 | CF28: 0 | CG28: 9 | CH28: 0.81818182 | CI28: 35 | CJ28: 37 | CK28: 58 | CL28: 26 | CM28: 35 | CN28: 48 | CO28: 47 | CP28: 35 | CQ28: 60 | CR28: 38 | CS28: 60 | CT28: 0 | CU28: 0 | CV28: 7 | CW28: 1 | CX28: 45001 | CY28: 28785 | CZ28: 44.4 | DA28: 4 | DB28: 1 | DC28: 4 | DD28: 4 | DE28: 0 | DF28: NaN | DG28: 31 | DH28: 3.2777778 | DI28: 9 | DJ28: 999 | DK28: 8 | DL28: 8 | DM28: 999 | DN28: 10 | DO28: 5 | DP28: 6 | DQ28: 1 | DR28: 5 | DS28: 6 | DT28: NaN | DU28: NaN | DV28: NaN | DW28: 1 | DX28: 22307 | DY28: 5 | DZ28: 0 | EA28: NaN | EB28: NaN | EC28: NaN | ED28: NaN | EE28: NaN | EF28: NaN | EG28: NaN | EH28: NaN | EI28: NaN | EJ28: NaN
A29: 10642 | B29: 31691 | C29: -32.420433 | D29: 2.285714 | E29: 2.5 | F29: 2.666667 | G29: 2.6 | H29: 5.857143 | I29: 6 | J29: 31.9 | K29: White | L29: Female | M29: 4.67 | N29: 3.2 | O29: 21 | P29: 21 | Q29: 0 | R29: 5 | S29: 2 | T29: 2.13 | U29: 5.83 | V29: 3.67 | W29: 39 | X29: 7 | Y29: 19 | Z29: 8 | AA29: 5 | AB29: 1 | AC29: 7 | AD29: 5 | AE29: 5 | AF29: 4 | AG29: 22 | AH29: 33 | AI29: 13 | AJ29: 0 | AK29: 0 | AL29: 3.83 | AM29: 4.75 | AN29: 1 | AO29: 5.75 | AP29: 2.6 | AQ29: 12 | AR29: 1.92 | AS29: 91 | AT29: 1.17 | AU29: 9999 | AV29: 0 | AW29: 0 | AX29: 0 | AY29: 0 | AZ29: 0 | BA29: 0 | BB29: 0 | BC29: 0 | BD29: 0 | BE29: 0 | BF29: 20 | BG29: 0 | BH29: 0 | BI29: 0 | BJ29: 0 | BK29: 0 | BL29: 0 | BM29: 0 | BN29: 0 | BO29: 8991 | BP29: 0 | BQ29: 0 | BR29: 0 | BS29: 0 | BT29: 2.3 | BU29: 4.2 | BV29: 3.8 | BW29: 3.43 | BX29: 5.1666667 | BY29: 3.5 | BZ29: 3.5 | CA29: 4.3333333 | CB29: 1.6 | CC29: 0 | CD29: 0 | CE29: 26 | CF29: 27 | CG29: 10 | CH29: 0.83333333 | CI29: 34 | CJ29: 46 | CK29: 59 | CL29: 23 | CM29: 28 | CN29: 42 | CO29: 60 | CP29: 39 | CQ29: 60 | CR29: 30 | CS29: 60 | CT29: 0 | CU29: 0 | CV29: 2 | CW29: 4 | CX29: 45000 | CY29: 33473 | CZ29: 31.56 | DA29: 4 | DB29: 1 | DC29: 2 | DD29: 5 | DE29: 6 | DF29: NaN | DG29: 0 | DH29: 2 | DI29: 6 | DJ29: 999 | DK29: 4 | DL29: 6 | DM29: 999 | DN29: 6 | DO29: 2.75 | DP29: 4 | DQ29: 0 | DR29: 4 | DS29: 4 | DT29: NaN | DU29: NaN | DV29: NaN | DW29: 1 | DX29: 19124 | DY29: 4 | DZ29: 0 | EA29: NaN | EB29: NaN | EC29: NaN | ED29: NaN | EE29: NaN | EF29: NaN | EG29: NaN | EH29: NaN | EI29: NaN | EJ29: NaN
A30: 10644 | B30: 101853 | C30: 66.645536 | D30: 2.857143 | E30: 4 | F30: 3.142857 | G30: 3.777778 | H30: 5.692308 | I30: 6.142857 | J30: 69.41 | K30: White | L30: Female | M30: 3.44 | N30: 3.2 | O30: 1 | P30: 1 | Q30: 0 | R30: 5.5 | S30: 3.5 | T30: 4.5 | U30: 5 | V30: 4.6 | W30: 18 | X30: 4 | Y30: 7 | Z30: 2 | AA30: 5 | AB30: 3 | AC30: 6 | AD30: 6 | AE30: 6 | AF30: 4 | AG30: 25 | AH30: 25 | AI30: 11 | AJ30: 0 | AK30: 0 | AL30: 5.92 | AM30: 6 | AN30: 5.75 | AO30: 6 | AP30: 3 | AQ30: 15 | AR30: 4.5 | AS30: 89 | AT30: 3.17 | AU30: 4.37 | AV30: 51.1 | AW30: 0 | AX30: 0 | AY30: 0 | AZ30: 0 | BA30: 0 | BB30: 0 | BC30: 0 | BD30: 0 | BE30: 0 | BF30: 20 | BG30: 0 | BH30: 0 | BI30: 0 | BJ30: 0 | BK30: 0 | BL30: 0 | BM30: 0 | BN30: 0 | BO30: 8991 | BP30: 0 | BQ30: 0 | BR30: 0 | BS30: 0 | BT30: 3.6 | BU30: 3.6 | BV30: 4 | BW30: 3.7333333 | BX30: 3.3333333 | BY30: 4.5 | BZ30: 4.5 | CA30: 4.5 | CB30: 3 | CC30: 0 | CD30: 0 | CE30: 26 | CF30: 32 | CG30: 9 | CH30: 0.9 | CI30: 35 | CJ30: 34 | CK30: 52 | CL30: 29 | CM30: 31 | CN30: 48 | CO30: 55 | CP30: 47 | CQ30: 60 | CR30: 38 | CS30: 60 | CT30: 0 | CU30: 0 | CV30: 6 | CW30: 1 | CX30: 45000 | CY30: 19685 | CZ30: 69.31 | DA30: 4 | DB30: 1 | DC30: 1 | DD30: 4 | DE30: 0 | DF30: NaN | DG30: 23 | DH30: 3 | DI30: 10 | DJ30: 999 | DK30: 8 | DL30: 8 | DM30: 999 | DN30: 9 | DO30: 4.0833333 | DP30: 6 | DQ30: 4 | DR30: 7 | DS30: 6 | DT30: NaN | DU30: NaN | DV30: NaN | DW30: 1 | DX30: 11793 | DY30: 7 | DZ30: 1 | EA30: NaN | EB30: NaN | EC30: NaN | ED30: NaN | EE30: NaN | EF30: NaN | EG30: NaN | EH30: NaN | EI30: 5 | EJ30: NaN
A31: 10647 | B31: 30298 | C31: 20.379283 | D31: 2.25 | E31: 2.5 | F31: 2.444444 | G31: 2.5 | H31: 3.4 | I31: 2.8 | J31: 24.59 | K31: White | L31: Female | M31: 4.22 | N31: 4.5 | O31: 1 | P31: 0 | Q31: 0 | R31: 6.17 | S31: 4.83 | T31: 6.25 | U31: 4.83 | V31: 5.63 | W31: 0 | X31: 0 | Y31: 0 | Z31: 0 | AA31: 0 | AB31: 0 | AC31: 0 | AD31: 1 | AE31: 2 | AF31: 0 | AG31: 3 | AH31: 28 | AI31: 15 | AJ31: 0 | AK31: 0 | AL31: 5.67 | AM31: 5.25 | AN31: 5 | AO31: 6.75 | AP31: 3.3 | AQ31: 6 | AR31: 2.92 | AS31: 89 | AT31: 3 | AU31: 9999 | AV31: 0 | AW31: 0 | AX31: 0 | AY31: 0 | AZ31: 0 | BA31: 0 | BB31: 0 | BC31: 0 | BD31: 0 | BE31: 0 | BF31: 20 | BG31: 0 | BH31: 0 | BI31: 0 | BJ31: 0 | BK31: 0 | BL31: 0 | BM31: 0 | BN31: 0 | BO31: 8991 | BP31: 0 | BQ31: 0 | BR31: 0 | BS31: 0 | BT31: 4 | BU31: 3.8 | BV31: 4.2 | BW31: 4 | BX31: 6 | BY31: 5.1666667 | BZ31: 6 | CA31: 5.1666667 | CB31: 0.95 | CC31: 0 | CD31: 0 | CE31: 30 | CF31: 25 | CG31: 12 | CH31: 1 | CI31: 42 | CJ31: 33 | CK31: 47 | CL31: 24 | CM31: 37 | CN31: 47 | CO31: 48 | CP31: 48 | CQ31: 47 | CR31: 48 | CS31: 60 | CT31: 0 | CU31: 0 | CV31: 5 | CW31: 1 | CX31: 45001 | CY31: 36114 | CZ31: 24.33 | DA31: 4 | DB31: 1 | DC31: 5 | DD31: 0 | DE31: 0 | DF31: NaN | DG31: 0 | DH31: 2.3333333 | DI31: 3 | DJ31: 999 | DK31: 6 | DL31: 1 | DM31: 999 | DN31: 10 | DO31: 4.5833333 | DP31: 5 | DQ31: 1 | DR31: 6 | DS31: 5 | DT31: NaN | DU31: NaN | DV31: NaN | DW31: NaN | DX31: 66212 | DY31: 6 | DZ31: 0 | EA31: NaN | EB31: NaN | EC31: NaN | ED31: NaN | EE31: NaN | EF31: NaN | EG31: NaN | EH31: NaN | EI31: NaN | EJ31: NaN
A32: 10649 | B32: 130259 | C32: 154.58207 | D32: 5.571429 | E32: 5.777778 | F32: 5.384615 | G32: 6.428571 | H32: 6.333333 | I32: 5.333333 | J32: 63.8 | K32: White | L32: Female | M32: 3.33 | N32: 3.3 | O32: 2 | P32: 1 | Q32: 0 | R32: 0 | S32: 0 | T32: 0 | U32: 0 | V32: 0 | W32: 0 | X32: 0 | Y32: 0 | Z32: 0 | AA32: 0 | AB32: 0 | AC32: 0 | AD32: 0 | AE32: 0 | AF32: 0 | AG32: 0 | AH32: 32 | AI32: 12 | AJ32: 1 | AK32: 0 | AL32: 7 | AM32: 7 | AN32: 7 | AO32: 7 | AP32: 3.7 | AQ32: 13 | AR32: 3.08 | AS32: 86 | AT32: 3 | AU32: 3.49 | AV32: 0 | AW32: 0 | AX32: 0 | AY32: 0 | AZ32: 0 | BA32: 0 | BB32: 0 | BC32: 0 | BD32: 0 | BE32: 0 | BF32: 20 | BG32: 0 | BH32: 0 | BI32: 0 | BJ32: 0 | BK32: 0 | BL32: 0 | BM32: 0 | BN32: 0 | BO32: 8991 | BP32: 0 | BQ32: 0 | BR32: 0 | BS32: 0 | BT32: 3.5 | BU32: 3.9 | BV32: 3.4 | BW32: 3.6 | BX32: 6 | BY32: 5.1666667 | BZ32: 6 | CA32: 5.1666667 | CB32: 1.2 | CC32: 0 | CD32: 0 | CE32: 18 | CF32: 0 | CG32: 8 | CH32: 1.3333333 | CI32: 26 | CJ32: 24 | CK32: 29 | CL32: 27 | CM32: 31 | CN32: 41 | CO32: 60 | CP32: 48 | CQ32: 60 | CR32: 14 | CS32: 60 | CT32: 0 | CU32: 0 | CV32: 6 | CW32: 1 | CX32: 45006 | CY32: 21740 | CZ32: 63.7 | DA32: 4 | DB32: 1 | DC32: 6 | DD32: 0 | DE32: 0 | DF32: 2 | DG32: 28 | DH32: 3.3888889 | DI32: 11 | DJ32: 999 | DK32: 8 | DL32: 12 | DM32: 999 | DN32: 12 | DO32: 5 | DP32: 5 | DQ32: 5 | DR32: 8 | DS32: 5 | DT32: NaN | DU32: NaN | DV32: NaN | DW32: 1 | DX32: 8520 | DY32: 8 | DZ32: 0 | EA32: NaN | EB32: NaN | EC32: NaN | ED32: NaN | EE32: NaN | EF32: NaN | EG32: NaN | EH32: NaN | EI32: 0 | EJ32: NaN
A33: 10652 | B33: 120253 | C33: -135.48325 | D33: 4 | E33: 4.714286 | F33: 4 | G33: 4.615385 | H33: 5.142857 | I33: 5.076923 | J33: 70.05 | K33: Asian | L33: Female | M33: 4.44 | N33: 4.11 | O33: 1 | P33: 0 | Q33: 0 | R33: 6.83 | S33: 5.5 | T33: 6.38 | U33: 5.33 | V33: 6.1 | W33: 1 | X33: 1 | Y33: 0 | Z33: 0 | AA33: 0 | AB33: 2 | AC33: 3 | AD33: 6 | AE33: 1 | AF33: 3 | AG33: 15 | AH33: 26 | AI33: 10 | AJ33: 0 | AK33: 0 | AL33: 6.92 | AM33: 6.75 | AN33: 7 | AO33: 7 | AP33: 3 | AQ33: 6 | AR33: 3.33 | AS33: 90 | AT33: 2.33 | AU33: 3.29 | AV33: 0 | AW33: 0 | AX33: 0 | AY33: 0 | AZ33: 0 | BA33: 0 | BB33: 0 | BC33: 0 | BD33: 0 | BE33: 0 | BF33: 20 | BG33: 0 | BH33: 0 | BI33: 0 | BJ33: 0 | BK33: 0 | BL33: 0 | BM33: 0 | BN33: 0 | BO33: 8991 | BP33: 0 | BQ33: 0 | BR33: 0 | BS33: 0 | BT33: 4 | BU33: 3.8 | BV33: 4 | BW33: 3.93 | BX33: 6 | BY33: 5.1666667 | BZ33: 4.5 | CA33: 4.3333333 | CB33: 1 | CC33: 0 | CD33: 0 | CE33: 20 | CF33: 0 | CG33: 7 | CH33: 0.77777778 | CI33: 24 | CJ33: 24 | CK33: 38 | CL33: 25 | CM33: 27 | CN33: 48 | CO33: 60 | CP33: 48 | CQ33: 60 | CR33: 43 | CS33: 60 | CT33: 0 | CU33: 0 | CV33: 2 | CW33: 1 | CX33: 45013 | CY33: 19490 | CZ33: 69.88 | DA33: 1 | DB33: 1 | DC33: 0 | DD33: 0 | DE33: 0 | DF33: 1 | DG33: 36 | DH33: 2.2222222 | DI33: 9 | DJ33: 999 | DK33: 6 | DL33: 1 | DM33: 999 | DN33: 8 | DO33: 5 | DP33: 5 | DQ33: 3 | DR33: 7 | DS33: 5 | DT33: NaN | DU33: NaN | DV33: NaN | DW33: 1 | DX33: 19038 | DY33: 7 | DZ33: 0 | EA33: NaN | EB33: NaN | EC33: NaN | ED33: NaN | EE33: NaN | EF33: NaN | EG33: NaN | EH33: NaN | EI33: 0 | EJ33: NaN
A34: 10656 | B34: 181801 | C34: 29.663521 | D34: 2.5 | E34: 2.571429 | F34: 3.090909 | G34: 2.909091 | H34: 3.090909 | I34: 2.923077 | J34: 21.43 | K34: Black or African American | L34: Male | M34: 5 | N34: 4.2 | O34: 3 | P34: 4 | Q34: 0 | R34: 6.67 | S34: 5.33 | T34: 4.38 | U34: 3.17 | V34: 4.53 | W34: 24 | X34: 3 | Y34: 14 | Z34: 3 | AA34: 4 | AB34: 5 | AC34: 6 | AD34: 0 | AE34: 8 | AF34: 4 | AG34: 23 | AH34: 39 | AI34: 12 | AJ34: 0 | AK34: 0 | AL34: 6.83 | AM34: 7 | AN34: 7 | AO34: 6.5 | AP34: 2.8 | AQ34: 10 | AR34: 4.58 | AS34: 103 | AT34: 2.67 | AU34: 4.74 | AV34: 0.1 | AW34: 0 | AX34: 0 | AY34: 0 | AZ34: 0 | BA34: 0 | BB34: 0 | BC34: 0 | BD34: 0 | BE34: 0 | BF34: 20 | BG34: 0 | BH34: 0 | BI34: 0 | BJ34: 0 | BK34: 0 | BL34: 0 | BM34: 0 | BN34: 0 | BO34: 8991 | BP34: 0 | BQ34: 0 | BR34: 0 | BS34: 0 | BT34: 3.5 | BU34: 2.6 | BV34: 2.8 | BW34: 2.97 | BX34: 5.8333333 | BY34: 6 | BZ34: 6 | CA34: 2.6666667 | CB34: 1.75 | CC34: 0 | CD34: 0 | CE34: 12 | CF34: 20 | CG34: 0 | CH34: 0 | CI34: 12 | CJ34: 35 | CK34: 41 | CL34: 21 | CM34: 32 | CN34: 45 | CO34: 60 | CP34: 48 | CQ34: 60 | CR34: 44 | CS34: 60 | CT34: 0 | CU34: 0 | CV34: 7 | CW34: 2 | CX34: 45013 | CY34: 37204 | CZ34: 21.38 | DA34: 3 | DB34: 0 | DC34: 0 | DD34: 0 | DE34: 2 | DF34: 8 | DG34: 0 | DH34: 1.8333333 | DI34: 6 | DJ34: 999 | DK34: 4 | DL34: 0 | DM34: 999 | DN34: 6 | DO34: 3.4166667 | DP34: 1 | DQ34: 1 | DR34: 5 | DS34: 1 | DT34: NaN | DU34: NaN | DV34: NaN | DW34: 1 | DX34: NaN | DY34: 5 | DZ34: 1 | EA34: NaN | EB34: NaN | EC34: NaN | ED34: NaN | EE34: NaN | EF34: NaN | EG34: NaN | EH34: NaN | EI34: NaN | EJ34: NaN
A35: 10657 | B35: 22364 | C35: 58.420671 | D35: NaN | E35: NaN | F35: NaN | G35: NaN | H35: NaN | I35: NaN | J35: 58.98 | K35: White | L35: Male | M35: 4.33 | N35: 3.8 | O35: 7 | P35: 1 | Q35: 0 | R35: 5.3333333 | S35: 5.8333333 | T35: 5.5 | U35: 5.5 | V35: 5.4666667 | W35: 9 | X35: 2 | Y35: 2 | Z35: 1 | AA35: 4 | AB35: 5 | AC35: 3 | AD35: 8 | AE35: 7 | AF35: 1 | AG35: 24 | AH35: 36 | AI35: 10 | AJ35: 0 | AK35: 0 | AL35: 5.33 | AM35: 4.75 | AN35: 5 | AO35: 6.25 | AP35: 2.3 | AQ35: 13 | AR35: 2.5 | AS35: 87 | AT35: 2.5 | AU35: 3.03 | AV35: 50.1 | AW35: 0 | AX35: 0 | AY35: 0 | AZ35: 0 | BA35: 0 | BB35: 0 | BC35: 0 | BD35: 0 | BE35: 0 | BF35: 20 | BG35: 0 | BH35: 0 | BI35: 0 | BJ35: 0 | BK35: 0 | BL35: 0 | BM35: 0 | BN35: 0 | BO35: 8991 | BP35: 0 | BQ35: 0 | BR35: 0 | BS35: 0 | BT35: 3.7 | BU35: 3.5 | BV35: 3.6 | BW35: 3.6 | BX35: 6 | BY35: 2.6666667 | BZ35: 6 | CA35: 6 | CB35: 1.1 | CC35: 0 | CD35: 0 | CE35: 19 | CF35: 27 | CG35: 7 | CH35: 0.7 | CI35: 26 | CJ35: 37 | CK35: 31 | CL35: 26 | CM35: 32 | CN35: 45 | CO35: 60 | CP35: 36 | CQ35: 60 | CR35: 30 | CS35: 60 | CT35: 0 | CU35: 0 | CV35: 4 | CW35: 1 | CX35: 45013 | CY35: 23497 | CZ35: 58.91 | DA35: 4 | DB35: 0 | DC35: 4 | DD35: 2 | DE35: 1 | DF35: 4 | DG35: 28 | DH35: 1.3888889 | DI35: 4 | DJ35: 999 | DK35: 4 | DL35: 2 | DM35: 999 | DN35: 5 | DO35: 3.75 | DP35: 4 | DQ35: 3 | DR35: 6 | DS35: 4 | DT35: NaN | DU35: NaN | DV35: NaN | DW35: NaN | DX35: 8110 | DY35: 6 | DZ35: 0 | EA35: NaN | EB35: NaN | EC35: NaN | ED35: NaN | EE35: NaN | EF35: NaN | EG35: NaN | EH35: NaN | EI35: 0 | EJ35: NaN
A36: 10659 | B36: 181861 | C36: 33.677244 | D36: 5.857143 | E36: 5.833333 | F36: 6.153846 | G36: 5.538462 | H36: 5 | I36: 5.166667 | J36: 62.39 | K36: Black or African American | L36: Female | M36: 4.22 | N36: 3.3 | O36: 0 | P36: 0 | Q36: 0 | R36: 6.5 | S36: 5.33 | T36: 6.25 | U36: 5.83 | V36: 6 | W36: 11 | X36: 0 | Y36: 4 | Z36: 1 | AA36: 6 | AB36: 3 | AC36: 2 | AD36: 4 | AE36: 1 | AF36: 2 | AG36: 12 | AH36: 34 | AI36: 9 | AJ36: 1 | AK36: 0 | AL36: 6.33 | AM36: 6 | AN36: 6.25 | AO36: 6.75 | AP36: 3.8 | AQ36: 15 | AR36: 2 | AS36: 90 | AT36: 3 | AU36: 9999 | AV36: 0 | AW36: 0 | AX36: 0 | AY36: 0 | AZ36: 0 | BA36: 0 | BB36: 0 | BC36: 0 | BD36: 0 | BE36: 0 | BF36: 20 | BG36: 0 | BH36: 0 | BI36: 0 | BJ36: 0 | BK36: 0 | BL36: 0 | BM36: 0 | BN36: 0 | BO36: 8991 | BP36: 0 | BQ36: 0 | BR36: 0 | BS36: 0 | BT36: 3.6 | BU36: 3.7 | BV36: 3.3 | BW36: 3.53 | BX36: 6 | BY36: 5.1666667 | BZ36: 3.6666667 | CA36: 5.1666667 | CB36: 0.35 | CC36: 0 | CD36: 0 | CE36: 19 | CF36: 20 | CG36: 9 | CH36: 1.2857143 | CI36: 25 | CJ36: 22 | CK36: 31 | CL36: 23 | CM36: 31 | CN36: 37 | CO36: 60 | CP36: 29 | CQ36: 60 | CR36: 26 | CS36: 60 | CT36: 0 | CU36: 0 | CV36: 6 | CW36: 4 | CX36: 45014 | CY36: 22331 | CZ36: 62.1 | DA36: 3 | DB36: 1 | DC36: 0 | DD36: 0 | DE36: 3 | DF36: 13 | DG36: 27 | DH36: 2.3333333 | DI36: 11 | DJ36: 999 | DK36: 6 | DL36: 3 | DM36: 999 | DN36: 8 | DO36: 3.8333333 | DP36: 5 | DQ36: 0 | DR36: 5 | DS36: 5 | DT36: NaN | DU36: NaN | DV36: NaN | DW36: 1 | DX36: 19144 | DY36: 5 | DZ36: 0 | EA36: NaN | EB36: NaN | EC36: NaN | ED36: NaN | EE36: NaN | EF36: NaN | EG36: NaN | EH36: NaN | EI36: 0 | EJ36: NaN
A37: 10661 | B37: 130672 | C37: 51.15587 | D37: NaN | E37: NaN | F37: NaN | G37: NaN | H37: NaN | I37: NaN | J37: 0 | K37: White | L37: Male | M37: 5 | N37: 3.3 | O37: 1 | P37: 0 | Q37: 0 | R37: 6.83 | S37: 5.83 | T37: 6.5 | U37: 6.33 | V37: 6.43 | W37: 16 | X37: 2 | Y37: 8 | Z37: 1 | AA37: 5 | AB37: 0 | AC37: 3 | AD37: 5 | AE37: 0 | AF37: 2 | AG37: 10 | AH37: 42 | AI37: 10 | AJ37: 0 | AK37: 0 | AL37: 7 | AM37: 7 | AN37: 7 | AO37: 7 | AP37: 3.9 | AQ37: 8 | AR37: 1.67 | AS37: 90 | AT37: 3.33 | AU37: 3.4 | AV37: 0 | AW37: 0 | AX37: 0 | AY37: 0 | AZ37: 0 | BA37: 0 | BB37: 0 | BC37: 0 | BD37: 0 | BE37: 0 | BF37: 20 | BG37: 0 | BH37: 0 | BI37: 0 | BJ37: 0 | BK37: 0 | BL37: 0 | BM37: 0 | BN37: 0 | BO37: 8991 | BP37: 0 | BQ37: 0 | BR37: 0 | BS37: 0 | BT37: 3.9 | BU37: 3.9 | BV37: 3.8 | BW37: 3.87 | BX37: 6 | BY37: 5.1666667 | BZ37: 5.1666667 | CA37: 4.3333333 | CB37: 0.2 | CC37: 0 | CD37: 0 | CE37: 24 | CF37: 0 | CG37: 7 | CH37: 0.7 | CI37: 31 | CJ37: 39 | CK37: 45 | CL37: 31 | CM37: 30 | CN37: 48 | CO37: 60 | CP37: 47 | CQ37: 60 | CR37: 48 | CS37: 60 | CT37: 0 | CU37: 0 | CV37: 7 | CW37: 1 | CX37: 45016 | CY37: 26625 | CZ37: 50.35 | DA37: 4 | DB37: 0 | DC37: 4 | DD37: 0 | DE37: 0 | DF37: 2 | DG37: 0 | DH37: 4.125 | DI37: 12 | DJ37: 12 | DK37: 12 | DL37: 0 | DM37: 18 | DN37: 12 | DO37: 5 | DP37: 6 | DQ37: 4 | DR37: 8 | DS37: 6 | DT37: NaN | DU37: NaN | DV37: NaN | DW37: 3 | DX37: 19128 | DY37: 8 | DZ37: 0 | EA37: NaN | EB37: NaN | EC37: NaN | ED37: NaN | EE37: NaN | EF37: NaN | EG37: NaN | EH37: NaN | EI37: NaN | EJ37: NaN
A38: 10663 | B38: 11201 | C38: 93.960193 | D38: 2.6 | E38: 3.75 | F38: 3 | G38: 3.571429 | H38: 3.4 | I38: 4.615385 | J38: 22.07 | K38: White | L38: Female | M38: 4.44 | N38: 4.1 | O38: 3 | P38: 9 | Q38: 0 | R38: 6.17 | S38: 4 | T38: 4 | U38: 4.67 | V38: 4.7 | W38: 48 | X38: 16 | Y38: 18 | Z38: 1 | AA38: 13 | AB38: 3 | AC38: 7 | AD38: 2 | AE38: 4 | AF38: 2 | AG38: 18 | AH38: 27 | AI38: 11 | AJ38: 0 | AK38: 0 | AL38: 6.42 | AM38: 6.75 | AN38: 5.5 | AO38: 7 | AP38: 4.3 | AQ38: 15 | AR38: 4.33 | AS38: 81 | AT38: 2.83 | AU38: 4.37 | AV38: 20 | AW38: 0 | AX38: 0 | AY38: 0 | AZ38: 0 | BA38: 0 | BB38: 0 | BC38: 0 | BD38: 0 | BE38: 0 | BF38: 20 | BG38: 0 | BH38: 0 | BI38: 0 | BJ38: 0 | BK38: 0 | BL38: 0 | BM38: 0 | BN38: 0 | BO38: 8991 | BP38: 0 | BQ38: 0 | BR38: 0 | BS38: 0 | BT38: 3.9 | BU38: 4.1 | BV38: 4.2 | BW38: 4.07 | BX38: 3 | BY38: 2.1666667 | BZ38: 1.1666667 | CA38: 1.1666667 | CB38: 3.15 | CC38: 0 | CD38: 0 | CE38: 25 | CF38: 23 | CG38: 11 | CH38: 1 | CI38: 35 | CJ38: 37 | CK38: 34 | CL38: 21 | CM38: 32 | CN38: 44 | CO38: 60 | CP38: 40 | CQ38: 60 | CR38: 48 | CS38: 60 | CT38: 0 | CU38: 0 | CV38: 7 | CW38: 1 | CX38: 45016 | CY38: 36973 | CZ38: 22.02 | DA38: 4 | DB38: 1 | DC38: 22 | DD38: 32 | DE38: 3 | DF38: 15 | DG38: 24 | DH38: 3.8125 | DI38: 12 | DJ38: 3 | DK38: 11 | DL38: 8 | DM38: 15 | DN38: 12 | DO38: 4.6666667 | DP38: 4 | DQ38: 2 | DR38: 5 | DS38: 4 | DT38: NaN | DU38: NaN | DV38: NaN | DW38: NaN | DX38: 7430 | DY38: 5 | DZ38: 0 | EA38: NaN | EB38: NaN | EC38: NaN | ED38: NaN | EE38: NaN | EF38: NaN | EG38: NaN | EH38: NaN | EI38: NaN | EJ38: NaN
A39: 10668 | B39: 131186 | C39: -140.03941 | D39: 2.666667 | E39: 6 | F39: 4 | G39: 5.2 | H39: 5.333333 | I39: 4.666667 | J39: 0 | K39: Black or African American | L39: Female | M39: 3.89 | N39: 3.1 | O39: 9 | P39: 14 | Q39: 0 | R39: 5.83 | S39: 4.83 | T39: 5.5 | U39: 5.33 | V39: 5.33 | W39: 43 | X39: 13 | Y39: 18 | Z39: 4 | AA39: 8 | AB39: 7 | AC39: 6 | AD39: 5 | AE39: 3 | AF39: 1 | AG39: 22 | AH39: 32 | AI39: 14 | AJ39: 0 | AK39: 0 | AL39: 4.25 | AM39: 4.5 | AN39: 4 | AO39: 4.25 | AP39: 3.3 | AQ39: 21 | AR39: 1 | AS39: 66 | AT39: 1.17 | AU39: 9999 | AV39: 0 | AW39: 0 | AX39: 0 | AY39: 0 | AZ39: 0 | BA39: 0 | BB39: 0 | BC39: 0 | BD39: 0 | BE39: 0 | BF39: 20 | BG39: 0 | BH39: 0 | BI39: 0 | BJ39: 0 | BK39: 0 | BL39: 0 | BM39: 0 | BN39: 0 | BO39: 8991 | BP39: 0 | BQ39: 0 | BR39: 0 | BS39: 0 | BT39: 3.7 | BU39: 3 | BV39: 3.7 | BW39: 3.47 | BX39: 6 | BY39: 5.1666667 | BZ39: 6 | CA39: 4.3333333 | CB39: 2.15 | CC39: 0 | CD39: 0 | CE39: 0 | CF39: 0 | CG39: 0 | CH39: 0 | CI39: 0 | CJ39: 0 | CK39: 0 | CL39: 0 | CM39: 30 | CN39: 0 | CO39: 0 | CP39: 0 | CQ39: 0 | CR39: 0 | CS39: 0 | CT39: 2 | CU39: 2 | CV39: 3 | CW39: 1 | CX39: 45017 | CY39: 31436 | CZ39: 37.18 | DA39: 3 | DB39: 1 | DC39: 6 | DD39: 0 | DE39: 6 | DF39: 11 | DG39: 0 | DH39: 4 | DI39: 12 | DJ39: 12 | DK39: 8 | DL39: 4 | DM39: 16 | DN39: 12 | DO39: 2.75 | DP39: 3 | DQ39: 0 | DR39: 3 | DS39: 3 | DT39: NaN | DU39: NaN | DV39: NaN | DW39: 3 | DX39: 19140 | DY39: 3 | DZ39: 1 | EA39: NaN | EB39: NaN | EC39: NaN | ED39: NaN | EE39: NaN | EF39: NaN | EG39: NaN | EH39: NaN | EI39: NaN | EJ39: NaN
A40: 10673 | B40: 50274 | C40: -42.646749 | D40: 3.833333 | E40: 5.4 | F40: 4.4 | G40: 3.714286 | H40: 5.818182 | I40: 3.538462 | J40: 48.6 | K40: White | L40: Female | M40: 5 | N40: 3.4 | O40: 8 | P40: 9 | Q40: 0 | R40: 5.83 | S40: 4.17 | T40: 6.13 | U40: 6 | V40: 5.47 | W40: 30 | X40: 12 | Y40: 14 | Z40: 1 | AA40: 3 | AB40: 2 | AC40: 2 | AD40: 7 | AE40: 0 | AF40: 4 | AG40: 15 | AH40: 36 | AI40: 15 | AJ40: 0 | AK40: 0 | AL40: 5.75 | AM40: 5.75 | AN40: 4.5 | AO40: 7 | AP40: 3.7 | AQ40: 13 | AR40: 2.75 | AS40: 75 | AT40: 2.67 | AU40: 3.46 | AV40: 0 | AW40: 26 | AX40: 2.5 | AY40: 1 | AZ40: 1 | BA40: 1.5 | BB40: 0.75 | BC40: 1 | BD40: 0.5 | BE40: 1.1785714 | BF40: 104 | BG40: 84 | BH40: 0 | BI40: 0 | BJ40: 0 | BK40: 0 | BL40: 0 | BM40: 63 | BN40: 40 | BO40: 8991 | BP40: 0 | BQ40: 0 | BR40: 0 | BS40: 0 | BT40: 2.2 | BU40: 3.7 | BV40: 3.4 | BW40: 3.1 | BX40: 3 | BY40: 2.8333333 | BZ40: 3.8333333 | CA40: 2.6666667 | CB40: 2 | CC40: 0 | CD40: 0 | CE40: 17 | CF40: 20 | CG40: 4 | CH40: 0.57142857 | CI40: 21 | CJ40: 26 | CK40: 43 | CL40: 29 | CM40: 23 | CN40: 46 | CO40: 60 | CP40: 40 | CQ40: 60 | CR40: 45 | CS40: 60 | CT40: 0 | CU40: 0 | CV40: 7 | CW40: 1 | CX40: 45019 | CY40: 27295 | CZ40: 48.53 | DA40: 4 | DB40: 1 | DC40: 6 | DD40: 1 | DE40: 3 | DF40: 17 | DG40: 28 | DH40: 3.875 | DI40: 12 | DJ40: 8 | DK40: 12 | DL40: 0 | DM40: 18 | DN40: 12 | DO40: 4.1666667 | DP40: 6 | DQ40: 2 | DR40: 7 | DS40: 6 | DT40: NaN | DU40: NaN | DV40: NaN | DW40: 0 | DX40: 19460 | DY40: 7 | DZ40: 0 | EA40: NaN | EB40: NaN | EC40: NaN | ED40: NaN | EE40: NaN | EF40: NaN | EG40: NaN | EH40: NaN | EI40: NaN | EJ40: NaN
A41: 10674 | B41: 11190 | C41: 274.87055 | D41: 5.285714 | E41: 6.923077 | F41: 6.857143 | G41: 5.384615 | H41: 5.692308 | I41: 6.142857 | J41: 33.2 | K41: Black or African American | L41: Male | M41: 4.22 | N41: 4.2 | O41: 1 | P41: 0 | Q41: 0 | R41: 6.17 | S41: 6.33 | T41: 6.5 | U41: 6.33 | V41: 6.4 | W41: 3 | X41: 1 | Y41: 0 | Z41: 2 | AA41: 0 | AB41: 0 | AC41: 2 | AD41: 5 | AE41: 1 | AF41: 2 | AG41: 10 | AH41: 37 | AI41: 10 | AJ41: 0 | AK41: 0 | AL41: 6.83 | AM41: 6.5 | AN41: 7 | AO41: 7 | AP41: 2.5 | AQ41: 6 | AR41: 1.42 | AS41: 90 | AT41: 3 | AU41: 2.46 | AV41: 85 | AW41: 0 | AX41: 0 | AY41: 0 | AZ41: 0 | BA41: 0 | BB41: 0 | BC41: 0 | BD41: 0 | BE41: 0 | BF41: 20 | BG41: 0 | BH41: 0 | BI41: 0 | BJ41: 0 | BK41: 0 | BL41: 0 | BM41: 0 | BN41: 0 | BO41: 8991 | BP41: 0 | BQ41: 0 | BR41: 0 | BS41: 0 | BT41: 4.5 | BU41: 4.6 | BV41: 4.4 | BW41: 4.5 | BX41: 6 | BY41: 6 | BZ41: 6 | CA41: 6 | CB41: 0.3 | CC41: 0 | CD41: 0 | CE41: 28 | CF41: 20 | CG41: 9 | CH41: 0.75 | CI41: 35 | CJ41: 30 | CK41: 41 | CL41: 20 | CM41: 32 | CN41: 48 | CO41: 55 | CP41: 38 | CQ41: 60 | CR41: 28 | CS41: 60 | CT41: 0 | CU41: 0 | CV41: 7 | CW41: 2 | CX41: 45019 | CY41: 32924 | CZ41: 33.11 | DA41: 3 | DB41: 0 | DC41: 0 | DD41: 0 | DE41: 2 | DF41: 5 | DG41: 0 | DH41: 3.25 | DI41: 12 | DJ41: 6 | DK41: 12 | DL41: 2 | DM41: 15 | DN41: 5 | DO41: 5 | DP41: 6 | DQ41: 2 | DR41: 6 | DS41: 6 | DT41: NaN | DU41: NaN | DV41: NaN | DW41: 3 | DX41: 68136 | DY41: 6 | DZ41: 0 | EA41: NaN | EB41: NaN | EC41: NaN | ED41: NaN | EE41: NaN | EF41: NaN | EG41: NaN | EH41: NaN | EI41: NaN | EJ41: NaN
A42: 10677 | B42: 52089 | C42: 74.212473 | D42: 3.636364 | E42: 4.6 | F42: 2.833333 | G42: 4.8 | H42: 5.090909 | I42: 4.615385 | J42: 33.37 | K42: Black or African American | L42: Female | M42: 4.78 | N42: 4.6 | O42: 7 | P42: 1 | Q42: 0 | R42: 0 | S42: 0 | T42: 0 | U42: 0 | V42: 0 | W42: 4 | X42: 0 | Y42: 2 | Z42: 0 | AA42: 2 | AB42: 0 | AC42: 2 | AD42: 5 | AE42: 1 | AF42: 2 | AG42: 10 | AH42: 37 | AI42: 13 | AJ42: 0 | AK42: 0 | AL42: 5.75 | AM42: 7 | AN42: 3.25 | AO42: 7 | AP42: 2.4 | AQ42: 17 | AR42: 3.25 | AS42: 89 | AT42: 2.67 | AU42: 3.44 | AV42: 0 | AW42: 0 | AX42: 0 | AY42: 0 | AZ42: 0 | BA42: 0 | BB42: 0 | BC42: 0 | BD42: 0 | BE42: 0 | BF42: 20 | BG42: 0 | BH42: 0 | BI42: 0 | BJ42: 0 | BK42: 0 | BL42: 0 | BM42: 0 | BN42: 0 | BO42: 8991 | BP42: 0 | BQ42: 0 | BR42: 0 | BS42: 0 | BT42: 4.2 | BU42: 4.2 | BV42: 4.2 | BW42: 4.2 | BX42: 2.6666667 | BY42: 2.6666667 | BZ42: 2.6666667 | CA42: 2.6666667 | CB42: 0.95 | CC42: 0 | CD42: 0 | CE42: 22 | CF42: 0 | CG42: 9 | CH42: 1.125 | CI42: 30 | CJ42: 30 | CK42: 38 | CL42: 29 | CM42: 27 | CN42: 48 | CO42: 0 | CP42: 48 | CQ42: 0 | CR42: 48 | CS42: 0 | CT42: 0 | CU42: 0 | CV42: 7 | CW42: 1 | CX42: 45020 | CY42: 32861 | CZ42: 33.29 | DA42: 3 | DB42: 1 | DC42: 1 | DD42: 0 | DE42: 1 | DF42: 3 | DG42: 28 | DH42: 3.6875 | DI42: 11 | DJ42: 9 | DK42: 9 | DL42: 5 | DM42: 15 | DN42: 10 | DO42: 4.5 | DP42: 4 | DQ42: 2 | DR42: 7 | DS42: 4 | DT42: NaN | DU42: NaN | DV42: NaN | DW42: 1 | DX42: 19151 | DY42: 7 | DZ42: 0 | EA42: NaN | EB42: NaN | EC42: NaN | ED42: NaN | EE42: NaN | EF42: NaN | EG42: NaN | EH42: NaN | EI42: NaN | EJ42: NaN
A43: 10685 | B43: 101389 | C43: 110.1958 | D43: 2.75 | E43: 3.428571 | F43: 3.333333 | G43: 4.75 | H43: 6.181818 | I43: 6.153846 | J43: 34.43 | K43: Black or African American | L43: Male | M43: 3.67 | N43: 3.7 | O43: 7 | P43: 2 | Q43: 0 | R43: 6.17 | S43: 5.83 | T43: 5.13 | U43: 6 | V43: 5.6 | W43: 25 | X43: 2 | Y43: 10 | Z43: 5 | AA43: 8 | AB43: 2 | AC43: 5 | AD43: 4 | AE43: 4 | AF43: 3 | AG43: 18 | AH43: 35 | AI43: 13 | AJ43: 0 | AK43: 0 | AL43: 5.67 | AM43: 6 | AN43: 4.75 | AO43: 6.25 | AP43: 3.4 | AQ43: 16 | AR43: 1.75 | AS43: 89 | AT43: 2.83 | AU43: 9999 | AV43: 0 | AW43: 39 | AX43: 0 | AY43: 0 | AZ43: 0 | BA43: 0 | BB43: 0 | BC43: 0 | BD43: 0 | BE43: 0 | BF43: 95 | BG43: 75 | BH43: 0 | BI43: 0 | BJ43: 0 | BK43: 0 | BL43: 0 | BM43: 0 | BN43: 0 | BO43: 8991 | BP43: 0 | BQ43: 0 | BR43: 0 | BS43: 0 | BT43: 2.9 | BU43: 4.1 | BV43: 4.3 | BW43: 3.77 | BX43: 6 | BY43: 5.1666667 | BZ43: 6 | CA43: 5.1666667 | CB43: 0.95 | CC43: 0 | CD43: 0 | CE43: 25 | CF43: 25 | CG43: 11 | CH43: 1.1 | CI43: 33 | CJ43: 34 | CK43: 46 | CL43: 28 | CM43: 35 | CN43: 48 | CO43: 46 | CP43: 48 | CQ43: 53 | CR43: 48 | CS43: 60 | CT43: 0 | CU43: 0 | CV43: 2 | CW43: 1 | CX43: 45022 | CY43: 32538 | CZ43: 34.18 | DA43: 3 | DB43: 0 | DC43: 3 | DD43: 17 | DE43: 0 | DF43: 6 | DG43: 0 | DH43: 3.125 | DI43: 10 | DJ43: 2 | DK43: 9 | DL43: 4 | DM43: 14 | DN43: 11 | DO43: 5.9166667 | DP43: 5 | DQ43: 1 | DR43: 6 | DS43: 5 | DT43: NaN | DU43: NaN | DV43: NaN | DW43: NaN | DX43: 18106 | DY43: 6 | DZ43: 0 | EA43: NaN | EB43: NaN | EC43: NaN | ED43: NaN | EE43: NaN | EF43: NaN | EG43: NaN | EH43: NaN | EI43: NaN | EJ43: NaN
A44: 10690 | B44: 101967 | C44: 224.19897 | D44: 3.2 | E44: 4 | F44: 4.8 | G44: 4.333333 | H44: 5 | I44: 5.333333 | J44: 0 | K44: Two or more races | L44: Female | M44: 4.44 | N44: 4 | O44: 2 | P44: 9 | Q44: 0 | R44: 6.17 | S44: 5.17 | T44: 6 | U44: 4.83 | V44: 5.5 | W44: 24 | X44: 7 | Y44: 12 | Z44: 2 | AA44: 3 | AB44: 6 | AC44: 2 | AD44: 7 | AE44: 4 | AF44: 2 | AG44: 21 | AH44: 21 | AI44: 16 | AJ44: 0 | AK44: 0 | AL44: 6.5 | AM44: 7 | AN44: 6.25 | AO44: 6.25 | AP44: 3 | AQ44: 16 | AR44: 2.33 | AS44: 79 | AT44: 2.17 | AU44: 9999 | AV44: 0 | AW44: 0 | AX44: 0 | AY44: 0 | AZ44: 0 | BA44: 0 | BB44: 0 | BC44: 0 | BD44: 0 | BE44: 0 | BF44: 20 | BG44: 0 | BH44: 0 | BI44: 0 | BJ44: 0 | BK44: 0 | BL44: 0 | BM44: 0 | BN44: 0 | BO44: 8991 | BP44: 0 | BQ44: 0 | BR44: 0 | BS44: 0 | BT44: 3.2 | BU44: 3.4 | BV44: 3.5 | BW44: 3.37 | BX44: 6 | BY44: 5.1666667 | BZ44: 6 | CA44: 5.1666667 | CB44: 1.35 | CC44: 0 | CD44: 0 | CE44: 25 | CF44: 31 | CG44: 8 | CH44: 0.88888889 | CI44: 31 | CJ44: 49 | CK44: 53 | CL44: 33 | CM44: 32 | CN44: 47 | CO44: 60 | CP44: 42 | CQ44: 60 | CR44: 45 | CS44: 59 | CT44: 0 | CU44: 0 | CV44: 2 | CW44: 1 | CX44: 45025 | CY44: 24665 | CZ44: 55.74 | DA44: 5 | DB44: 1 | DC44: 0 | DD44: 0 | DE44: 2 | DF44: 12 | DG44: 23 | DH44: 3.4375 | DI44: 12 | DJ44: 1 | DK44: 10 | DL44: 4 | DM44: 17 | DN44: 11 | DO44: 4.75 | DP44: 5 | DQ44: 5 | DR44: 7 | DS44: 5 | DT44: NaN | DU44: NaN | DV44: NaN | DW44: 2 | DX44: 8003 | DY44: 7 | DZ44: 1 | EA44: NaN | EB44: NaN | EC44: NaN | ED44: NaN | EE44: NaN | EF44: NaN | EG44: NaN | EH44: NaN | EI44: 3 | EJ44: NaN
A45: 10691 | B45: 130765 | C45: 62.549226 | D45: 5.571429 | E45: 6.5 | F45: 6.857143 | G45: 5.333333 | H45: 5.692308 | I45: 5.714286 | J45: 58.27 | K45: White | L45: Female | M45: 4 | N45: 3.2 | O45: 1 | P45: 7 | Q45: 0 | R45: 4.33 | S45: 4 | T45: 4.13 | U45: 2.83 | V45: 3.8 | W45: 35 | X45: 8 | Y45: 15 | Z45: 4 | AA45: 8 | AB45: 7 | AC45: 5 | AD45: 2 | AE45: 4 | AF45: 6 | AG45: 24 | AH45: 33 | AI45: 12 | AJ45: 0 | AK45: 0 | AL45: 4.5 | AM45: 4.75 | AN45: 4 | AO45: 4.75 | AP45: 3.3 | AQ45: 14 | AR45: 3.58 | AS45: 81 | AT45: 2.33 | AU45: 3.94 | AV45: 62.1 | AW45: 0 | AX45: 0 | AY45: 0 | AZ45: 0 | BA45: 0 | BB45: 0 | BC45: 0 | BD45: 0 | BE45: 0 | BF45: 90 | BG45: 70 | BH45: 0 | BI45: 0 | BJ45: 0 | BK45: 0 | BL45: 0 | BM45: 0 | BN45: 0 | BO45: 8991 | BP45: 0 | BQ45: 0 | BR45: 0 | BS45: 0 | BT45: 3 | BU45: 3 | BV45: 3.4 | BW45: 3.13 | BX45: 6 | BY45: 4.3333333 | BZ45: 4.3333333 | CA45: 3.5 | CB45: 1.4 | CC45: 0 | CD45: 0 | CE45: 21 | CF45: 23 | CG45: 7 | CH45: 0.875 | CI45: 27 | CJ45: 25 | CK45: 40 | CL45: 20 | CM45: 29 | CN45: 41 | CO45: 60 | CP45: 35 | CQ45: 60 | CR45: 27 | CS45: 60 | CT45: 0 | CU45: 0 | CV45: 6 | CW45: 1 | CX45: 45026 | CY45: 23779 | CZ45: 58.17 | DA45: 4 | DB45: 1 | DC45: 3 | DD45: 0 | DE45: 4 | DF45: 11 | DG45: 24 | DH45: 3.125 | DI45: 9 | DJ45: 9 | DK45: 7 | DL45: 1 | DM45: 15 | DN45: 9 | DO45: 2.4166667 | DP45: 5 | DQ45: 0 | DR45: 5 | DS45: 5 | DT45: NaN | DU45: NaN | DV45: NaN | DW45: 0 | DX45: 19147 | DY45: 5 | DZ45: 0 | EA45: NaN | EB45: NaN | EC45: NaN | ED45: NaN | EE45: NaN | EF45: NaN | EG45: NaN | EH45: NaN | EI45: 0 | EJ45: NaN
A46: 10700 | B46: 192599 | C46: -177.31515 | D46: 4.222222 | E46: 2.285714 | F46: 2.5 | G46: 4 | H46: 5.666667 | I46: 6.5 | J46: 23.61 | K46: Asian | L46: Female | M46: 4.67 | N46: 4.7 | O46: 1 | P46: 0 | Q46: 0 | R46: 6.67 | S46: 5.33 | T46: 5.5 | U46: 5 | V46: 5.7 | W46: 15 | X46: 3 | Y46: 6 | Z46: 0 | AA46: 6 | AB46: 2 | AC46: 9 | AD46: 5 | AE46: 2 | AF46: 1 | AG46: 19 | AH46: 26 | AI46: 15 | AJ46: 0 | AK46: 0 | AL46: 6.42 | AM46: 6.75 | AN46: 5.75 | AO46: 6.75 | AP46: 3.5 | AQ46: 13 | AR46: 3.42 | AS46: 90 | AT46: 2.5 | AU46: 3.69 | AV46: 0 | AW46: 0 | AX46: 0 | AY46: 0 | AZ46: 0 | BA46: 0 | BB46: 0 | BC46: 0 | BD46: 0 | BE46: 0 | BF46: 20 | BG46: 0 | BH46: 0 | BI46: 0 | BJ46: 0 | BK46: 0 | BL46: 0 | BM46: 0 | BN46: 0 | BO46: 8991 | BP46: 0 | BQ46: 0 | BR46: 0 | BS46: 0 | BT46: 3.3 | BU46: 3.7 | BV46: 3.89 | BW46: 3.63 | BX46: 3.8333333 | BY46: 4 | BZ46: 6 | CA46: 6 | CB46: 1.2 | CC46: 0 | CD46: 0 | CE46: 25 | CF46: 0 | CG46: 11 | CH46: 1.1 | CI46: 34 | CJ46: 41 | CK46: 60 | CL46: 25 | CM46: 36 | CN46: 48 | CO46: 60 | CP46: 47 | CQ46: 60 | CR46: 46 | CS46: 60 | CT46: 0 | CU46: 0 | CV46: 6 | CW46: 2 | CX46: 45028 | CY46: 36448 | CZ46: 23.49 | DA46: 1 | DB46: 1 | DC46: 2 | DD46: 0 | DE46: 2 | DF46: 11 | DG46: 0 | DH46: 3.25 | DI46: 1 | DJ46: 11 | DK46: 10 | DL46: 5 | DM46: 15 | DN46: 10 | DO46: 5.25 | DP46: 5 | DQ46: 0 | DR46: 7 | DS46: 5 | DT46: NaN | DU46: NaN | DV46: NaN | DW46: 0 | DX46: 2129 | DY46: 7 | DZ46: 0 | EA46: NaN | EB46: NaN | EC46: NaN | ED46: NaN | EE46: NaN | EF46: NaN | EG46: NaN | EH46: NaN | EI46: NaN | EJ46: NaN
A47: 10701 | B47: 131396 | C47: -48.347416 | D47: 4.5 | E47: 2.75 | F47: 3.555556 | G47: 3.272727 | H47: 3 | I47: 4 | J47: 27.02 | K47: White | L47: Male | M47: 2.89 | N47: 3.7 | O47: 6 | P47: 7 | Q47: 0 | R47: 3.67 | S47: 4.5 | T47: 4.38 | U47: 3.33 | V47: 4.23 | W47: 20 | X47: 1 | Y47: 11 | Z47: 2 | AA47: 6 | AB47: 4 | AC47: 7 | AD47: 3 | AE47: 9 | AF47: 4 | AG47: 27 | AH47: 22 | AI47: 13 | AJ47: 0 | AK47: 0 | AL47: 3.75 | AM47: 6.25 | AN47: 2.5 | AO47: 2.5 | AP47: 3.5 | AQ47: 19 | AR47: 4.58 | AS47: 89 | AT47: 1.33 | AU47: 4.14 | AV47: 0 | AW47: 0 | AX47: 0 | AY47: 0 | AZ47: 0 | BA47: 0 | BB47: 0 | BC47: 0 | BD47: 0 | BE47: 0 | BF47: 20 | BG47: 0 | BH47: 0 | BI47: 0 | BJ47: 0 | BK47: 0 | BL47: 0 | BM47: 0 | BN47: 0 | BO47: 8991 | BP47: 0 | BQ47: 0 | BR47: 0 | BS47: 0 | BT47: 3.4 | BU47: 4.1 | BV47: 3.5 | BW47: 3.67 | BX47: 6 | BY47: 4.3333333 | BZ47: 6 | CA47: 4.3333333 | CB47: 0.65 | CC47: 0 | CD47: 0 | CE47: 26 | CF47: 22 | CG47: 10 | CH47: 1 | CI47: 35 | CJ47: 31 | CK47: 50 | CL47: 23 | CM47: 34 | CN47: 46 | CO47: 60 | CP47: 38 | CQ47: 60 | CR47: 38 | CS47: 60 | CT47: 0 | CU47: 0 | CV47: 6 | CW47: 1 | CX47: 45028 | CY47: 35195 | CZ47: 26.92 | DA47: 4 | DB47: 0 | DC47: 10 | DD47: 2 | DE47: 2 | DF47: 8 | DG47: 0 | DH47: 2.6875 | DI47: 8 | DJ47: 0 | DK47: 8 | DL47: 1 | DM47: 17 | DN47: 9 | DO47: 2.5833333 | DP47: 6 | DQ47: 3 | DR47: 5 | DS47: 6 | DT47: NaN | DU47: NaN | DV47: NaN | DW47: 1 | DX47: 15217 | DY47: 5 | DZ47: 1 | EA47: NaN | EB47: NaN | EC47: NaN | ED47: NaN | EE47: NaN | EF47: NaN | EG47: NaN | EH47: NaN | EI47: NaN | EJ47: NaN
A48: 10713 | B48: 10452 | C48: 13.477645 | D48: 2.769231 | E48: 5.090909 | F48: 2.666667 | G48: 3.142857 | H48: 4.666667 | I48: 4.2 | J48: 71.53 | K48: White | L48: Female | M48: 4.11 | N48: 4 | O48: 1 | P48: 2 | Q48: 0 | R48: 5.5 | S48: 4.83 | T48: 5.25 | U48: 3.83 | V48: 4.97 | W48: 6 | X48: 2 | Y48: 3 | Z48: 0 | AA48: 1 | AB48: 2 | AC48: 0 | AD48: 5 | AE48: 5 | AF48: 0 | AG48: 12 | AH48: 0 | AI48: 0 | AJ48: 0 | AK48: 0 | AL48: 0 | AM48: 0 | AN48: 0 | AO48: 0 | AP48: 0 | AQ48: 0 | AR48: 2.75 | AS48: 90 | AT48: 2.67 | AU48: 9999 | AV48: 0 | AW48: 0 | AX48: 0 | AY48: 0 | AZ48: 0 | BA48: 0 | BB48: 0 | BC48: 0 | BD48: 0 | BE48: 0 | BF48: 20 | BG48: 0 | BH48: 0 | BI48: 0 | BJ48: 0 | BK48: 0 | BL48: 0 | BM48: 0 | BN48: 0 | BO48: 8991 | BP48: 0 | BQ48: 0 | BR48: 0 | BS48: 0 | BT48: 4 | BU48: 3.8 | BV48: 3.8 | BW48: 3.87 | BX48: 3.5 | BY48: 3.5 | BZ48: 6 | CA48: 3.5 | CB48: 1.45 | CC48: 0 | CD48: 0 | CE48: 31 | CF48: 18 | CG48: 12 | CH48: 1 | CI48: 41 | CJ48: 25 | CK48: 29 | CL48: 27 | CM48: 26 | CN48: 38 | CO48: 60 | CP48: 38 | CQ48: 60 | CR48: 29 | CS48: 60 | CT48: 0 | CU48: 0 | CV48: 0 | CW48: 0 | CX48: 45093 | CY48: 18999 | CZ48: 71.44 | DA48: 4 | DB48: 1 | DC48: 3 | DD48: 0 | DE48: 0 | DF48: 3 | DG48: 0 | DH48: 2.8125 | DI48: 8 | DJ48: 7 | DK48: 7 | DL48: 2 | DM48: 12 | DN48: 9 | DO48: 4.3333333 | DP48: 5 | DQ48: 3 | DR48: 7 | DS48: 5 | DT48: NaN | DU48: NaN | DV48: NaN | DW48: 1 | DX48: 19138 | DY48: 7 | DZ48: 0 | EA48: NaN | EB48: NaN | EC48: NaN | ED48: 15 | EE48: 9 | EF48: 9 | EG48: 13 | EH48: 15 | EI48: 2 | EJ48: NaN
A49: 10716 | B49: 41654 | C49: -49.771682 | D49: 2.857143 | E49: 5.272727 | F49: 3.692308 | G49: 4.428571 | H49: 4.923077 | I49: 3.142857 | J49: 69.13 | K49: White | L49: Male | M49: 3.67 | N49: 3.1 | O49: 0 | P49: 0 | Q49: 0 | R49: 6.5 | S49: 5.67 | T49: 5.88 | U49: 5.17 | V49: 5.8 | W49: 5 | X49: 0 | Y49: 0 | Z49: 1 | AA49: 4 | AB49: 5 | AC49: 4 | AD49: 3 | AE49: 5 | AF49: 3 | AG49: 20 | AH49: 34 | AI49: 10 | AJ49: 0 | AK49: 0 | AL49: 6.67 | AM49: 6 | AN49: 7 | AO49: 7 | AP49: 2.5 | AQ49: 6 | AR49: 3 | AS49: 88 | AT49: 3.17 | AU49: 9999 | AV49: 0 | AW49: 0 | AX49: 0 | AY49: 0 | AZ49: 0 | BA49: 0 | BB49: 0 | BC49: 0 | BD49: 0 | BE49: 0 | BF49: 20 | BG49: 0 | BH49: 0 | BI49: 0 | BJ49: 0 | BK49: 0 | BL49: 0 | BM49: 0 | BN49: 0 | BO49: 8991 | BP49: 0 | BQ49: 0 | BR49: 0 | BS49: 0 | BT49: 3.8 | BU49: 4 | BV49: 3.7 | BW49: 3.83 | BX49: 2.1666667 | BY49: 3.6666667 | BZ49: 2.3333333 | CA49: 1.8333333 | CB49: 0.2 | CC49: 0 | CD49: 0 | CE49: 24 | CF49: 20 | CG49: 8 | CH49: 0.8 | CI49: 32 | CJ49: 28 | CK49: 38 | CL49: 28 | CM49: 27 | CN49: 48 | CO49: 50 | CP49: 48 | CQ49: 50 | CR49: 48 | CS49: 57 | CT49: 0 | CU49: 0 | CV49: 4 | CW49: 1 | CX49: NaN | CY49: NaN | CZ49: NaN | DA49: NaN | DB49: NaN | DC49: NaN | DD49: NaN | DE49: NaN | DF49: NaN | DG49: NaN | DH49: NaN | DI49: NaN | DJ49: NaN | DK49: NaN | DL49: NaN | DM49: NaN | DN49: NaN | DO49: NaN | DP49: NaN | DQ49: NaN | DR49: NaN | DS49: NaN | DT49: NaN | DU49: NaN | DV49: NaN | DW49: NaN | DX49: NaN | DY49: NaN | DZ49: NaN | EA49: NaN | EB49: NaN | EC49: NaN | ED49: NaN | EE49: NaN | EF49: NaN | EG49: NaN | EH49: NaN | EI49: NaN | EJ49: NaN
A50: 10718 | B50: 31195 | C50: -107.95603 | D50: 6.615385 | E50: 5.714286 | F50: 5.857143 | G50: 6.461538 | H50: 6.285714 | I50: 5.230769 | J50: 28.3 | K50: Asian | L50: Non-Binary | M50: 3 | N50: 3 | O50: 0 | P50: 0 | Q50: 0 | R50: 3.67 | S50: 3.67 | T50: 4 | U50: 4.5 | V50: 3.87 | W50: 0 | X50: 0 | Y50: 0 | Z50: 0 | AA50: 0 | AB50: 3 | AC50: 5 | AD50: 5 | AE50: 6 | AF50: 4 | AG50: 23 | AH50: 17 | AI50: 10 | AJ50: 0 | AK50: 0 | AL50: 6.83 | AM50: 6.75 | AN50: 7 | AO50: 6.75 | AP50: 2.6 | AQ50: 18 | AR50: 2.5 | AS50: 90 | AT50: 3 | AU50: 9999 | AV50: 0 | AW50: 0 | AX50: 0 | AY50: 0 | AZ50: 0 | BA50: 0 | BB50: 0 | BC50: 0 | BD50: 0 | BE50: 0 | BF50: 20 | BG50: 0 | BH50: 0 | BI50: 0 | BJ50: 0 | BK50: 0 | BL50: 0 | BM50: 0 | BN50: 0 | BO50: 8991 | BP50: 0 | BQ50: 0 | BR50: 0 | BS50: 0 | BT50: 3 | BU50: 3.5 | BV50: 3.4 | BW50: 3.3 | BX50: 0 | BY50: 0 | BZ50: 0 | CA50: 0 | CB50: 2.5 | CC50: 0 | CD50: 0 | CE50: 23 | CF50: 17 | CG50: 8 | CH50: 0.88888889 | CI50: 31 | CJ50: 24 | CK50: 59 | CL50: 25 | CM50: 22 | CN50: 48 | CO50: 60 | CP50: 40 | CQ50: 60 | CR50: 40 | CS50: 60 | CT50: 3 | CU50: 3 | CV50: 7 | CW50: 3 | CX50: 45085 | CY50: 34769 | CZ50: 28.24 | DA50: 1 | DB50: 2 | DC50: 0 | DD50: 0 | DE50: 0 | DF50: 9 | DG50: 0 | DH50: 3.0625 | DI50: 9 | DJ50: 3 | DK50: 9 | DL50: 2 | DM50: 17 | DN50: 9 | DO50: 5 | DP50: 6 | DQ50: 4 | DR50: 8 | DS50: 6 | DT50: NaN | DU50: NaN | DV50: NaN | DW50: NaN | DX50: 20832 | DY50: 8 | DZ50: 0 | EA50: NaN | EB50: NaN | EC50: NaN | ED50: NaN | EE50: NaN | EF50: NaN | EG50: NaN | EH50: NaN | EI50: NaN | EJ50: NaN
A51: 10720 | B51: 101990 | C51: 6.2218734 | D51: 3.230769 | E51: 3.4 | F51: 4 | G51: 4.714286 | H51: 5.076923 | I51: 4.857143 | J51: 33.44 | K51: Asian | L51: Female | M51: 4.22 | N51: 4 | O51: 0 | P51: 0 | Q51: 0 | R51: 6.5 | S51: 3.33 | T51: 5.88 | U51: 4.67 | V51: 5.27 | W51: 11 | X51: 2 | Y51: 9 | Z51: 0 | AA51: 0 | AB51: 4 | AC51: 6 | AD51: 5 | AE51: 7 | AF51: 1 | AG51: 23 | AH51: 16 | AI51: 12 | AJ51: 0 | AK51: 0 | AL51: 6.42 | AM51: 7 | AN51: 6.5 | AO51: 5.75 | AP51: 3.3 | AQ51: 13 | AR51: 4.83 | AS51: 80 | AT51: 2.5 | AU51: 9999 | AV51: 0 | AW51: 0 | AX51: 0 | AY51: 0 | AZ51: 0 | BA51: 0 | BB51: 0 | BC51: 0 | BD51: 0 | BE51: 0 | BF51: 20 | BG51: 0 | BH51: 0 | BI51: 0 | BJ51: 0 | BK51: 0 | BL51: 0 | BM51: 0 | BN51: 0 | BO51: 8991 | BP51: 0 | BQ51: 0 | BR51: 0 | BS51: 0 | BT51: 3 | BU51: 4.2 | BV51: 3.6 | BW51: 3.6 | BX51: 6 | BY51: 5.1666667 | BZ51: 6 | CA51: 5.1666667 | CB51: 0.5 | CC51: 0 | CD51: 0 | CE51: 36 | CF51: 20 | CG51: 12 | CH51: 1 | CI51: 48 | CJ51: 0 | CK51: 0 | CL51: 0 | CM51: 37 | CN51: 43 | CO51: 60 | CP51: 38 | CQ51: 60 | CR51: 33 | CS51: 60 | CT51: 0 | CU51: 0 | CV51: 6 | CW51: 2 | CX51: 45085 | CY51: 32927 | CZ51: 33.29 | DA51: 1 | DB51: 1 | DC51: 2 | DD51: 0 | DE51: 2 | DF51: 5 | DG51: 28 | DH51: 3.0625 | DI51: 8 | DJ51: 3 | DK51: 12 | DL51: 4 | DM51: 16 | DN51: 6 | DO51: 6 | DP51: 6 | DQ51: 4 | DR51: 9 | DS51: 6 | DT51: NaN | DU51: NaN | DV51: NaN | DW51: NaN | DX51: NaN | DY51: 9 | DZ51: 0 | EA51: NaN | EB51: NaN | EC51: NaN | ED51: NaN | EE51: NaN | EF51: NaN | EG51: NaN | EH51: NaN | EI51: NaN | EJ51: NaN
A52: 10723 | B52: 11601 | C52: 152.09025 | D52: 4.5 | E52: 3.333333 | F52: 4 | G52: 3.454545 | H52: 4.363636 | I52: 4.666667 | J52: 21.7 | K52: Two or more races | L52: Male | M52: 3.67 | N52: 3.6 | O52: 0 | P52: 10 | Q52: 0 | R52: 4 | S52: 3.5 | T52: 3.88 | U52: 3.17 | V52: 3.53 | W52: 28 | X52: 4 | Y52: 13 | Z52: 0 | AA52: 11 | AB52: 8 | AC52: 9 | AD52: 5 | AE52: 7 | AF52: 8 | AG52: 37 | AH52: 28 | AI52: 17 | AJ52: 0 | AK52: 0 | AL52: 5.83 | AM52: 6 | AN52: 6.5 | AO52: 5 | AP52: 3 | AQ52: 17 | AR52: 4.08 | AS52: 90 | AT52: 3.17 | AU52: 3.94 | AV52: 0 | AW52: 0 | AX52: 0 | AY52: 0 | AZ52: 0 | BA52: 0 | BB52: 0 | BC52: 0 | BD52: 0 | BE52: 0 | BF52: 20 | BG52: 0 | BH52: 0 | BI52: 0 | BJ52: 0 | BK52: 0 | BL52: 0 | BM52: 0 | BN52: 0 | BO52: 8991 | BP52: 0 | BQ52: 0 | BR52: 0 | BS52: 0 | BT52: 2.8 | BU52: 3.2 | BV52: 4.1 | BW52: 3.37 | BX52: 2.3333333 | BY52: 2.5 | BZ52: 3.5 | CA52: 2.1666667 | CB52: 2.55 | CC52: 0 | CD52: 0 | CE52: 28 | CF52: 37 | CG52: 9 | CH52: 0.81818182 | CI52: 37 | CJ52: 43 | CK52: 59 | CL52: 27 | CM52: 0 | CN52: 48 | CO52: 52 | CP52: 47 | CQ52: 60 | CR52: 43 | CS52: 60 | CT52: 0 | CU52: 0 | CV52: 5 | CW52: 5 | CX52: 45086 | CY52: 37172 | CZ52: 21.67 | DA52: 5 | DB52: 0 | DC52: 0 | DD52: 0 | DE52: 1 | DF52: 9 | DG52: 23 | DH52: 1.9375 | DI52: 0 | DJ52: 3 | DK52: 5 | DL52: 4 | DM52: 15 | DN52: 4 | DO52: 3.9166667 | DP52: 4 | DQ52: 3 | DR52: 4 | DS52: 4 | DT52: NaN | DU52: NaN | DV52: NaN | DW52: 2 | DX52: 19003 | DY52: 4 | DZ52: 0 | EA52: NaN | EB52: NaN | EC52: NaN | ED52: NaN | EE52: NaN | EF52: NaN | EG52: NaN | EH52: NaN | EI52: NaN | EJ52: NaN
A53: 10741 | B53: 191886 | D53: 4 | E53: 3.666667 | F53: 3.272727 | G53: 3.272727 | H53: 6.181818 | I53: 4.727273 | J53: 36.93 | K53: Asian | L53: Female | M53: 4.33 | N53: 3.8 | O53: 4 | P53: 12 | Q53: 0 | R53: 5.33 | S53: 3.83 | T53: 6 | U53: 5.67 | V53: 5.3 | W53: 26 | X53: 9 | Y53: 14 | Z53: 2 | AA53: 1 | AB53: 1 | AC53: 4 | AD53: 6 | AE53: 2 | AF53: 2 | AG53: 15 | AH53: 22 | AI53: 10 | AJ53: 0 | AK53: 0 | AL53: 6.67 | AM53: 7 | AN53: 6 | AO53: 7 | AP53: 3.8 | AQ53: 18 | AR53: 2.75 | AS53: 90 | AT53: 1.67 | AU53: 3.14 | AV53: 0 | AW53: 32 | AX53: 0 | AY53: 1 | AZ53: 0 | BA53: 0.75 | BB53: 0.25 | BC53: 0.25 | BD53: 0 | BE53: 0.32142857 | BF53: 101 | BG53: 81 | BH53: 0 | BI53: 0 | BJ53: 0 | BK53: 0 | BL53: 0 | BM53: 63 | BN53: 41 | BO53: 8991 | BP53: 0 | BQ53: 0 | BR53: 0 | BS53: 0 | BT53: 4 | BU53: 3.5 | BV53: 3.6 | BW53: 3.7 | BX53: 3.5 | BY53: 3.5 | BZ53: 3.5 | CA53: 6 | CB53: 0.95 | CC53: 0 | CD53: 0 | CE53: 26 | CF53: 15 | CG53: 10 | CH53: 1 | CI53: 36 | CJ53: 0 | CK53: 0 | CL53: 29 | CM53: 30 | CN53: 48 | CO53: 60 | CP53: 45 | CQ53: 60 | CR53: 0 | CS53: 0 | CT53: 0 | CU53: 0 | CV53: 6 | CW53: 1 | CX53: 45015 | CY53: 31616 | CZ53: 36.69 | DA53: 1 | DB53: 1 | DC53: 8 | DD53: 0 | DE53: 1 | DF53: 11 | DG53: 28 | DH53: 2.6111111 | DI53: 9 | DJ53: 999 | DK53: 8 | DL53: 3 | DM53: 999 | DN53: 7 | DO53: 4.3333333 | DP53: 5 | DQ53: 2 | DR53: 5 | DS53: 5 | DT53: NaN | DU53: NaN | DV53: NaN | DW53: NaN | DX53: 19061 | DY53: 5 | DZ53: 1 | EA53: NaN | EB53: NaN | EC53: NaN | ED53: NaN | EE53: NaN | EF53: NaN | EG53: NaN | EH53: NaN | EI53: NaN | EJ53: NaN
A54: 10748 | B54: 130190 | D54: 4.307692 | E54: 6.461538 | F54: 4.285714 | G54: 4.307692 | H54: 5.538462 | I54: 5.384615 | J54: 33.3 | K54: Asian | L54: Female | M54: 3.56 | N54: 4.4 | O54: 2 | P54: 2 | Q54: 0 | R54: 6.5 | S54: 5.5 | T54: 5.38 | U54: 4.33 | V54: 5.57 | W54: 4 | X54: 0 | Y54: 3 | Z54: 0 | AA54: 1 | AB54: 5 | AC54: 4 | AD54: 4 | AE54: 5 | AF54: 2 | AG54: 20 | AH54: 43 | AI54: 13 | AJ54: 1 | AK54: 1 | AL54: 5.67 | AM54: 6.75 | AN54: 5.75 | AO54: 4.5 | AP54: 2 | AQ54: 14 | AR54: 4.5 | AS54: 81 | AT54: 2.83 | AU54: 9999 | AV54: 0 | AW54: 0 | AX54: 0 | AY54: 0 | AZ54: 0 | BA54: 0 | BB54: 0 | BC54: 0 | BD54: 0 | BE54: 0 | BF54: 20 | BG54: 0 | BH54: 0 | BI54: 0 | BJ54: 0 | BK54: 0 | BL54: 0 | BM54: 0 | BN54: 0 | BO54: 8991 | BP54: 0 | BQ54: 0 | BR54: 0 | BS54: 0 | BT54: 4 | BU54: 3.6 | BV54: 3.8 | BW54: 3.8 | BX54: 6 | BY54: 5.6666667 | BZ54: 5.6666667 | CA54: 5.3333333 | CB54: 0.55 | CC54: 0 | CD54: 0 | CE54: 29 | CF54: 20 | CG54: 12 | CH54: 1 | CI54: 41 | CJ54: 35 | CK54: 45 | CL54: 27 | CM54: 34 | CN54: 47 | CO54: 50 | CP54: 48 | CQ54: 54 | CR54: 45 | CS54: 60 | CT54: 0 | CU54: 2 | CV54: 7 | CW54: 3 | CX54: 45025 | CY54: 32939 | CZ54: 33.09 | DA54: 1 | DB54: 1 | DC54: 2 | DD54: 3 | DE54: 0 | DF54: 6 | DG54: 0 | DH54: 3.4375 | DI54: 11 | DJ54: 1 | DK54: 10 | DL54: 4 | DM54: 18 | DN54: 11 | DO54: 3.9166667 | DP54: 6 | DQ54: 2 | DR54: 6 | DS54: 6 | DT54: NaN | DU54: NaN | DV54: NaN | DW54: 1 | DX54: 19111 | DY54: 6 | DZ54: 1 | EA54: NaN | EB54: NaN | EC54: NaN | ED54: NaN | EE54: NaN | EF54: NaN | EG54: NaN | EH54: NaN | EI54: NaN | EJ54: NaN
A55: 10767 | B55: 130798 | D55: 2.25 | E55: 2.857143 | F55: 3.538462 | G55: 3.714286 | H55: 5.857143 | I55: 6.307692 | J55: 25.51 | K55: White | L55: Female | M55: 4.56 | N55: 3.7 | O55: 1 | P55: 5 | Q55: 0 | R55: 5 | S55: 4.17 | T55: 4.63 | U55: 4.17 | V55: 4.47 | W55: 41 | X55: 11 | Y55: 14 | Z55: 4 | AA55: 12 | AB55: 4 | AC55: 3 | AD55: 4 | AE55: 4 | AF55: 1 | AG55: 16 | AH55: 22 | AI55: 13 | AJ55: 0 | AK55: 0 | AL55: 6 | AM55: 6 | AN55: 6 | AO55: 6 | AP55: 3.5 | AQ55: 12 | AR55: 4.5 | AS55: 79 | AT55: 2.67 | AU55: 9999 | AV55: 0 | AW55: 0 | AX55: 0 | AY55: 0 | AZ55: 0 | BA55: 0 | BB55: 0 | BC55: 0 | BD55: 0 | BE55: 0 | BF55: 20 | BG55: 0 | BH55: 0 | BI55: 0 | BJ55: 0 | BK55: 0 | BL55: 0 | BM55: 0 | BN55: 0 | BO55: 8991 | BP55: 0 | BQ55: 0 | BR55: 0 | BS55: 0 | BT55: 3.5 | BU55: 3.9 | BV55: 3.9 | BW55: 3.77 | BX55: 4.1666667 | BY55: 4.3333333 | BZ55: 4.5 | CA55: 4.1666667 | CB55: 2.2 | CC55: 0 | CD55: 0 | CE55: 33 | CF55: 22 | CG55: 10 | CH55: 0.83333333 | CI55: 43 | CJ55: 45 | CK55: 57 | CL55: 24 | CM55: 36 | CN55: 46 | CO55: 60 | CP55: 46 | CQ55: 60 | CR55: 35 | CS55: 60 | CT55: 4 | CU55: 4 | CV55: 5 | CW55: 2 | CX55: 45096 | CY55: 35821 | CZ55: 25.39 | DA55: 4 | DB55: 1 | DC55: 2 | DD55: 0 | DE55: 4 | DF55: 14 | DG55: 27 | DH55: 3.375 | DI55: 5 | DJ55: 8 | DK55: 11 | DL55: 3 | DM55: 15 | DN55: 12 | DO55: 4.8333333 | DP55: 5 | DQ55: 0 | DR55: 5 | DS55: 5 | DT55: NaN | DU55: NaN | DV55: NaN | DW55: 0 | DX55: 95129 | DY55: 5 | DZ55: 0 | EA55: NaN | EB55: NaN | EC55: NaN | ED55: 14 | EE55: 14 | EF55: 12 | EG55: 12 | EH55: 16 | EI55: NaN | EJ55: NaN
A56: 10770 | B56: 10259 | D56: 6 | E56: 4.333333 | F56: 4 | G56: 4.833333 | H56: 5.833333 | I56: 3.692308 | J56: 64.52 | K56: Black or African American | L56: Male | M56: 3.78 | N56: 3.8 | O56: 0 | P56: 1 | Q56: 0 | R56: 6.83 | S56: 6.17 | T56: 4 | U56: 4.33 | V56: 5.4 | W56: 8 | X56: 0 | Y56: 8 | Z56: 0 | AA56: 0 | AB56: 3 | AC56: 3 | AD56: 3 | AE56: 1 | AF56: 1 | AG56: 11 | AH56: 41 | AI56: 12 | AJ56: 0 | AK56: 0 | AL56: 4.92 | AM56: 4.5 | AN56: 3.75 | AO56: 6.5 | AP56: 2.5 | AQ56: 6 | AR56: 2.25 | AS56: 88 | AT56: 3 | AU56: 9999 | AV56: 0 | AW56: 0 | AX56: 0 | AY56: 0 | AZ56: 0 | BA56: 0 | BB56: 0 | BC56: 0 | BD56: 0 | BE56: 0 | BF56: 20 | BG56: 0 | BH56: 0 | BI56: 0 | BJ56: 0 | BK56: 0 | BL56: 0 | BM56: 0 | BN56: 0 | BO56: 8991 | BP56: 0 | BQ56: 0 | BR56: 0 | BS56: 0 | BT56: 3.8 | BU56: 3.7 | BV56: 3.8 | BW56: 3.77 | BX56: 2.6666667 | BY56: 2.6666667 | BZ56: 2.6666667 | CA56: 2.6666667 | CB56: 0.35 | CC56: 0 | CD56: 0 | CE56: 14 | CF56: 36 | CG56: 2 | CH56: 0.33333333 | CI56: 5 | CJ56: 23 | CK56: 42 | CL56: 17 | CM56: 25 | CN56: 33 | CO56: 60 | CP56: 27 | CQ56: 60 | CR56: 22 | CS56: 60 | CT56: 3 | CU56: 2 | CV56: 7 | CW56: 5 | CX56: 45000 | CY56: 21650 | CZ56: 63.93 | DA56: 3 | DB56: 0 | DC56: 2 | DD56: 4 | DE56: 0 | DF56: NaN | DG56: 28 | DH56: 2.1666667 | DI56: 9 | DJ56: 999 | DK56: 6 | DL56: 1 | DM56: 999 | DN56: 7 | DO56: 3.6666667 | DP56: 4 | DQ56: 0 | DR56: 4 | DS56: 4 | DT56: NaN | DU56: NaN | DV56: NaN | DW56: NaN | DX56: 19132 | DY56: 4 | DZ56: 0 | EA56: NaN | EB56: NaN | EC56: NaN | ED56: NaN | EE56: NaN | EF56: NaN | EG56: NaN | EH56: NaN | EI56: 0 | EJ56: NaN
A57: 10774 | B57: 41376 | D57: NaN | E57: NaN | F57: NaN | G57: NaN | H57: NaN | I57: NaN | J57: 0 | K57: American Indian/Alaska Native | L57: Female | M57: 3.44 | N57: 3.7 | O57: 0 | P57: 0 | Q57: 0 | R57: 5.5 | S57: 5.83 | T57: 5.88 | U57: 5.17 | V57: 5.6 | W57: 5 | X57: 1 | Y57: 1 | Z57: 1 | AA57: 2 | AB57: 5 | AC57: 3 | AD57: 7 | AE57: 5 | AF57: 7 | AG57: 27 | AH57: 21 | AI57: 10 | AJ57: 0 | AK57: 0 | AL57: 5.58 | AM57: 5.75 | AN57: 5 | AO57: 6 | AP57: 1.9 | AQ57: 6 | AR57: 1.75 | AS57: 82 | AT57: 2.17 | AU57: 9999 | AV57: 0 | AW57: 0 | AX57: 0 | AY57: 0 | AZ57: 0 | BA57: 0 | BB57: 0 | BC57: 0 | BD57: 0 | BE57: 0 | BF57: 20 | BG57: 0 | BH57: 0 | BI57: 0 | BJ57: 0 | BK57: 0 | BL57: 0 | BM57: 0 | BN57: 0 | BO57: 8991 | BP57: 0 | BQ57: 0 | BR57: 0 | BS57: 0 | BT57: 4 | BU57: 3.7 | BV57: 4.1 | BW57: 3.93 | BX57: 4.3333333 | BY57: 3.5 | BZ57: 2.6666667 | CA57: 3.5 | CB57: 1.2 | CC57: 0 | CD57: 0 | CE57: 26 | CF57: 25 | CG57: 8 | CH57: 0.8 | CI57: 32 | CJ57: 26 | CK57: 51 | CL57: 21 | CM57: 29 | CN57: 48 | CO57: 52 | CP57: 48 | CQ57: 47 | CR57: 48 | CS57: 47 | CT57: 0 | CU57: 0 | CV57: 6 | CW57: 3 | CX57: 45116 | CY57: 28026 | CZ57: 46.79 | DA57: 0 | DB57: 1 | DC57: 2 | DD57: 2 | DE57: 0 | DF57: 0 | DG57: 0 | DH57: 3.875 | DI57: 12 | DJ57: 6 | DK57: 12 | DL57: 4 | DM57: 18 | DN57: 10 | DO57: 6.3333333 | DP57: 6 | DQ57: 4 | DR57: 8 | DS57: 6 | DT57: NaN | DU57: NaN | DV57: NaN | DW57: 1 | DX57: 8024 | DY57: 8 | DZ57: 0 | EA57: NaN | EB57: NaN | EC57: NaN | ED57: 12 | EE57: 13 | EF57: 15 | EG57: 19 | EH57: 16 | EI57: NaN | EJ57: NaN
A58: 10777 | B58: 161685 | D58: NaN | E58: NaN | F58: NaN | G58: NaN | H58: NaN | I58: NaN | J58: 38.36 | K58: White | L58: Male | M58: 3.33 | N58: 3.2 | O58: 10 | P58: 15 | Q58: 0 | R58: 3.5 | S58: 3 | T58: 5.88 | U58: 4.83 | V58: 4.2 | W58: 46 | X58: 15 | Y58: 22 | Z58: 6 | AA58: 3 | AB58: 1 | AC58: 7 | AD58: 5 | AE58: 4 | AF58: 4 | AG58: 21 | AH58: 25 | AI58: 15 | AJ58: 1 | AK58: 0 | AL58: 5.17 | AM58: 4.25 | AN58: 5.75 | AO58: 5.5 | AP58: 3.8 | AQ58: 19 | AR58: 2.58 | AS58: 69 | AT58: 3 | AU58: 9999 | AV58: 0 | AW58: 0 | AX58: 0 | AY58: 0 | AZ58: 0 | BA58: 0 | BB58: 0 | BC58: 0 | BD58: 0 | BE58: 0 | BF58: 20 | BG58: 0 | BH58: 0 | BI58: 0 | BJ58: 0 | BK58: 0 | BL58: 0 | BM58: 0 | BN58: 0 | BO58: 8991 | BP58: 0 | BQ58: 0 | BR58: 0 | BS58: 0 | BT58: 1.7 | BU58: 3.5 | BV58: 3.1 | BW58: 2.77 | BX58: 3.5 | BY58: 3.5 | BZ58: 3.5 | CA58: 3.5 | CB58: 2.55 | CC58: 0 | CD58: 0 | CE58: 19 | CF58: 18 | CG58: 5 | CH58: 0.625 | CI58: 22 | CJ58: 50 | CK58: 57 | CL58: 30 | CM58: 36 | CN58: 48 | CO58: 60 | CP58: 46 | CQ58: 60 | CR58: 37 | CS58: 60 | CT58: 0 | CU58: 0 | CV58: 5 | CW58: 4 | CX58: 45117 | CY58: 31129 | CZ58: 38.3 | DA58: 4 | DB58: 0 | DC58: 9 | DD58: 12 | DE58: 5 | DF58: 17 | DG58: 28 | DH58: 3.0625 | DI58: 2 | DJ58: 9 | DK58: 8 | DL58: 7 | DM58: 15 | DN58: 8 | DO58: 3.6666667 | DP58: 5 | DQ58: 2 | DR58: 3 | DS58: 5 | DT58: NaN | DU58: NaN | DV58: NaN | DW58: 0 | DX58: 85234 | DY58: 3 | DZ58: 1 | EA58: NaN | EB58: NaN | EC58: NaN | ED58: 18 | EE58: 20 | EF58: 22 | EG58: 22 | EH58: 21 | EI58: NaN | EJ58: NaN
A59: 10781 | B59: 191986 | D59: 3.428571 | E59: 3.272727 | F59: 2.444444 | G59: 2.5 | H59: 6.571429 | I59: 4.833333 | J59: 37.53 | K59: White | L59: Male | M59: 3.33 | N59: 2.7 | O59: 2 | P59: 6 | Q59: 0 | R59: 5.83 | S59: 5.33 | T59: 6.63 | U59: 4.83 | V59: 5.77 | W59: 18 | X59: 4 | Y59: 10 | Z59: 1 | AA59: 3 | AB59: 0 | AC59: 3 | AD59: 1 | AE59: 0 | AF59: 3 | AG59: 7 | AH59: 26 | AI59: 12 | AJ59: 4 | AK59: 0 | AL59: 6.75 | AM59: 7 | AN59: 6.25 | AO59: 7 | AP59: 4.3 | AQ59: 10 | AR59: 4.25 | AS59: 85 | AT59: 3 | AU59: 9999 | AV59: 0 | AW59: 0 | AX59: 0 | AY59: 0 | AZ59: 0 | BA59: 0 | BB59: 0 | BC59: 0 | BD59: 0 | BE59: 0 | BF59: 20 | BG59: 0 | BH59: 0 | BI59: 0 | BJ59: 0 | BK59: 0 | BL59: 0 | BM59: 0 | BN59: 0 | BO59: 8991 | BP59: 0 | BQ59: 0 | BR59: 0 | BS59: 0 | BT59: 4 | BU59: 4.4 | BV59: 3 | BW59: 3.8 | BX59: 6 | BY59: 5.1666667 | BZ59: 6 | CA59: 5.1666667 | CB59: 1.05 | CC59: 0 | CD59: 0 | CE59: 29 | CF59: 23 | CG59: 12 | CH59: 1 | CI59: 41 | CJ59: 42 | CK59: 54 | CL59: 28 | CM59: 38 | CN59: 48 | CO59: 50 | CP59: 48 | CQ59: 55 | CR59: 48 | CS59: 60 | CT59: 0 | CU59: 0 | CV59: 4 | CW59: 1 | CX59: 45118 | CY59: 31426 | CZ59: 37.49 | DA59: 4 | DB59: 0 | DC59: 10 | DD59: 3 | DE59: 1 | DF59: 8 | DG59: 0 | DH59: 3.4375 | DI59: 12 | DJ59: 5 | DK59: 10 | DL59: 2 | DM59: 15 | DN59: 11 | DO59: 6.1666667 | DP59: 5 | DQ59: 1 | DR59: 7 | DS59: 5 | DT59: NaN | DU59: NaN | DV59: NaN | DW59: 1 | DX59: 19009 | DY59: 7 | DZ59: 0 | EA59: NaN | EB59: NaN | EC59: NaN | ED59: 13 | EE59: 18 | EF59: 16 | EG59: 14 | EH59: 20 | EI59: NaN | EJ59: NaN
A60: 10783 | B60: 120472 | D60: 2.888889 | E60: 2 | F60: 2.75 | G60: 2.444444 | H60: 5.076923 | I60: 3.090909 | J60: 51.18 | K60: Black or African American | L60: Female | M60: 4.33 | N60: 3.7 | O60: 2 | P60: 0 | Q60: 0 | R60: 6 | S60: 5.67 | T60: 6.25 | U60: 6 | V60: 5.93 | W60: 8 | X60: 2 | Y60: 4 | Z60: 2 | AA60: 0 | AB60: 0 | AC60: 4 | AD60: 8 | AE60: 0 | AF60: 3 | AG60: 15 | AH60: 44 | AI60: 11 | AJ60: 1 | AK60: 1 | AL60: 7 | AM60: 7 | AN60: 7 | AO60: 7 | AP60: 3.4 | AQ60: 11 | AR60: 2.08 | AS60: 90 | AT60: 3.17 | AU60: 9999 | AV60: 0 | AW60: 0 | AX60: 0 | AY60: 0 | AZ60: 0 | BA60: 0 | BB60: 0 | BC60: 0 | BD60: 0 | BE60: 0 | BF60: 20 | BG60: 0 | BH60: 0 | BI60: 0 | BJ60: 0 | BK60: 0 | BL60: 0 | BM60: 0 | BN60: 0 | BO60: 8991 | BP60: 0 | BQ60: 0 | BR60: 0 | BS60: 0 | BT60: 3.6 | BU60: 3.7 | BV60: 3.5 | BW60: 3.6 | BX60: 4.5 | BY60: 4.6666667 | BZ60: 5.1666667 | CA60: 4.8333333 | CB60: 0.1 | CC60: 0 | CD60: 0 | CE60: 24 | CF60: 22 | CG60: 8 | CH60: 0.88888889 | CI60: 32 | CJ60: 42 | CK60: 50 | CL60: 24 | CM60: 30 | CN60: 48 | CO60: 48 | CP60: 48 | CQ60: 49 | CR60: 45 | CS60: 60 | CT60: 0 | CU60: 0 | CV60: 2 | CW60: 3 | CX60: 45120 | CY60: 26436 | CZ60: 51.16 | DA60: 3 | DB60: 1 | DC60: 1 | DD60: 0 | DE60: 4 | DF60: 10 | DG60: 12 | DH60: 3.5 | DI60: 12 | DJ60: 5 | DK60: 9 | DL60: 0 | DM60: 18 | DN60: 12 | DO60: 5.6666667 | DP60: 5 | DQ60: 1 | DR60: 6 | DS60: 5 | DT60: NaN | DU60: NaN | DV60: NaN | DW60: 2 | DX60: 19038 | DY60: 6 | DZ60: 0 | EA60: NaN | EB60: NaN | EC60: NaN | ED60: 15 | EE60: 15 | EF60: 19 | EG60: 16 | EH60: 17 | EI60: NaN | EJ60: NaN
A61: 10785 | B61: 201162 | D61: 2.833333 | E61: 3.090909 | F61: 2.545455 | G61: 3.636364 | H61: 3.666667 | I61: 2.461538 | J61: 61.23 | K61: White | L61: Female | M61: 4 | N61: 3.8 | O61: 1 | P61: 1 | Q61: 0 | R61: 6.67 | S61: 6.17 | T61: 6.63 | U61: 5.5 | V61: 6.23 | W61: 6 | X61: 1 | Y61: 5 | Z61: 0 | AA61: 0 | AB61: 1 | AC61: 1 | AD61: 4 | AE61: 1 | AF61: 0 | AG61: 7 | AH61: 39 | AI61: 9 | AJ61: 0 | AK61: 0 | AL61: 5.75 | AM61: 7 | AN61: 4.25 | AO61: 6 | AP61: 2.9 | AQ61: 12 | AR61: 1.92 | AS61: 86 | AT61: 2.83 | AU61: 9999 | AV61: 0 | AW61: 0 | AX61: 0 | AY61: 0 | AZ61: 0 | BA61: 0 | BB61: 0 | BC61: 0 | BD61: 0 | BE61: 0 | BF61: 20 | BG61: 0 | BH61: 0 | BI61: 0 | BJ61: 0 | BK61: 0 | BL61: 0 | BM61: 0 | BN61: 0 | BO61: 8991 | BP61: 0 | BQ61: 0 | BR61: 0 | BS61: 0 | BT61: 4.1 | BU61: 4.3 | BV61: 4.2 | BW61: 4.2 | BX61: 6 | BY61: 2.6666667 | BZ61: 2.6666667 | CA61: 3.8333333 | CB61: 0.4 | CC61: 0 | CD61: 0 | CE61: 25 | CF61: 22 | CG61: 10 | CH61: 0.90909091 | CI61: 33 | CJ61: 31 | CK61: 55 | CL61: 30 | CM61: 29 | CN61: 45 | CO61: 60 | CP61: 43 | CQ61: 60 | CR61: 33 | CS61: 60 | CT61: 2 | CU61: 2 | CV61: 6 | CW61: 1 | CX61: 45121 | CY61: 22841 | CZ61: 61 | DA61: 4 | DB61: 1 | DC61: 0 | DD61: 0 | DE61: 2 | DF61: 13 | DG61: 27 | DH61: 2.6875 | DI61: 12 | DJ61: 2 | DK61: 6 | DL61: 2 | DM61: 11 | DN61: 10 | DO61: 2.75 | DP61: 5 | DQ61: 1 | DR61: 5 | DS61: 5 | DT61: NaN | DU61: NaN | DV61: NaN | DW61: 1 | DX61: 16125 | DY61: 5 | DZ61: 1 | EA61: NaN | EB61: NaN | EC61: NaN | ED61: 18 | EE61: 11 | EF61: 14 | EG61: 17 | EH61: 15 | EI61: 0 | EJ61: NaN
A62: 10794 | B62: 200884 | D62: 3.230769 | E62: 3.333333 | F62: 2.769231 | G62: 3.090909 | H62: 4.307692 | I62: 4.153846 | J62: 39.69 | K62: Black or African American | L62: Male | M62: 4.89 | N62: 2.6 | O62: 2 | P62: 6 | Q62: 0 | R62: 6.17 | S62: 5.5 | T62: 6.13 | U62: 4.67 | V62: 5.73 | W62: 10 | X62: 0 | Y62: 4 | Z62: 3 | AA62: 3 | AB62: 1 | AC62: 0 | AD62: 3 | AE62: 1 | AF62: 0 | AG62: 5 | AH62: 16 | AI62: 10 | AJ62: 0 | AK62: 0 | AL62: 5.5 | AM62: 5.5 | AN62: 5.5 | AO62: 5.5 | AP62: 3 | AQ62: 9 | AR62: 2.58 | AS62: 76 | AT62: 2.5 | AU62: 9999 | AV62: 0 | AW62: 0 | AX62: 0 | AY62: 0 | AZ62: 0 | BA62: 0 | BB62: 0 | BC62: 0 | BD62: 0 | BE62: 0 | BF62: 20 | BG62: 0 | BH62: 0 | BI62: 0 | BJ62: 0 | BK62: 0 | BL62: 0 | BM62: 0 | BN62: 0 | BO62: 8991 | BP62: 0 | BQ62: 0 | BR62: 0 | BS62: 0 | BT62: 3.9 | BU62: 3.9 | BV62: 3.5 | BW62: 3.77 | BX62: 4.3333333 | BY62: 3.5 | BZ62: 6 | CA62: 6 | CB62: 1.6 | CC62: 0 | CD62: 0 | CE62: 25 | CF62: 23 | CG62: 9 | CH62: 0.9 | CI62: 34 | CJ62: 24 | CK62: 38 | CL62: 18 | CM62: 30 | CN62: 31 | CO62: 60 | CP62: 31 | CQ62: 60 | CR62: 21 | CS62: 60 | CT62: 2 | CU62: 2 | CV62: 4 | CW62: 2 | CX62: 45124 | CY62: 30707 | CZ62: 39.47 | DA62: 3 | DB62: 0 | DC62: 0 | DD62: 0 | DE62: 2 | DF62: 12 | DG62: 0 | DH62: 3.5625 | DI62: 10 | DJ62: 6 | DK62: 12 | DL62: 2 | DM62: 15 | DN62: 12 | DO62: 4.6666667 | DP62: 5 | DQ62: 1 | DR62: 2 | DS62: 5 | DT62: NaN | DU62: NaN | DV62: NaN | DW62: 0 | DX62: 19131 | DY62: 2 | DZ62: 1 | EA62: NaN | EB62: NaN | EC62: NaN | ED62: 14 | EE62: 14 | EF62: 15 | EG62: 20 | EH62: 18 | EI62: NaN | EJ62: NaN
A63: 10800 | B63: 52296 | D63: 5.571429 | E63: 6 | F63: 4.6 | G63: 6.307692 | H63: 5 | I63: 5.076923 | J63: 26.85 | K63: Two or more races | L63: Female | M63: 5 | N63: 3.8 | O63: 6 | P63: 5 | Q63: 0 | R63: 6.5 | S63: 5 | T63: 6.63 | U63: 4.83 | V63: 5.7 | W63: 39 | X63: 9 | Y63: 14 | Z63: 5 | AA63: 11 | AB63: 5 | AC63: 6 | AD63: 4 | AE63: 5 | AF63: 3 | AG63: 23 | AH63: 34 | AI63: 11 | AJ63: 0 | AK63: 0 | AL63: 6 | AM63: 7 | AN63: 6.5 | AO63: 4.5 | AP63: 3.5 | AQ63: 19 | AR63: 4.5 | AS63: 71 | AT63: 3 | AU63: 9999 | AV63: 0 | AW63: 0 | AX63: 0 | AY63: 0 | AZ63: 0 | BA63: 0 | BB63: 0 | BC63: 0 | BD63: 0 | BE63: 0 | BF63: 20 | BG63: 0 | BH63: 0 | BI63: 0 | BJ63: 0 | BK63: 0 | BL63: 0 | BM63: 0 | BN63: 0 | BO63: 8991 | BP63: 0 | BQ63: 0 | BR63: 0 | BS63: 0 | BT63: 3.6 | BU63: 4.7 | BV63: 4.5 | BW63: 4.27 | BX63: 5.8333333 | BY63: 5.1666667 | BZ63: 6 | CA63: 5.1666667 | CB63: 0.9 | CC63: 0 | CD63: 0 | CE63: 30 | CF63: 20 | CG63: 10 | CH63: 0.83333333 | CI63: 40 | CJ63: 33 | CK63: 38 | CL63: 23 | CM63: 34 | CN63: 41 | CO63: 60 | CP63: 30 | CQ63: 60 | CR63: 29 | CS63: 60 | CT63: 0 | CU63: 0 | CV63: 4 | CW63: 3 | CX63: 45125 | CY63: 35345 | CZ63: 26.78 | DA63: 5 | DB63: 1 | DC63: 1 | DD63: 0 | DE63: 1 | DF63: 6 | DG63: 0 | DH63: 3.875 | DI63: 10 | DJ63: 11 | DK63: 10 | DL63: 4 | DM63: 15 | DN63: 12 | DO63: 5.9166667 | DP63: 4 | DQ63: 1 | DR63: 4 | DS63: 4 | DT63: NaN | DU63: NaN | DV63: NaN | DW63: NaN | DX63: 13350 | DY63: 4 | DZ63: 0 | EA63: NaN | EB63: NaN | EC63: NaN | ED63: 14 | EE63: 12 | EF63: 8 | EG63: 18 | EH63: 12 | EI63: NaN | EJ63: NaN
A64: 10801 | B64: 30889 | D64: 5.666667 | E64: 6 | F64: 5.833333 | G64: 5.714286 | H64: 5.857143 | I64: 6.153846 | J64: 34.53 | K64: Black or African American | L64: Female | M64: 3.56 | N64: 2.4 | O64: 5 | P64: 20 | Q64: 0 | R64: 2 | S64: 3.17 | T64: 4.25 | U64: 6 | V64: 3.83 | W64: 30 | X64: 11 | Y64: 16 | Z64: 1 | AA64: 2 | AB64: 1 | AC64: 3 | AD64: 2 | AE64: 3 | AF64: 6 | AG64: 15 | AH64: 18 | AI64: 14 | AJ64: 0 | AK64: 0 | AL64: 3.67 | AM64: 5.5 | AN64: 4.25 | AO64: 1.25 | AP64: 3.4 | AQ64: 11 | AR64: 1.92 | AS64: 90 | AT64: 2 | AU64: 9999 | AV64: 0 | AW64: 0 | AX64: 0 | AY64: 0 | AZ64: 0 | BA64: 0 | BB64: 0 | BC64: 0 | BD64: 0 | BE64: 0 | BF64: 20 | BG64: 0 | BH64: 0 | BI64: 0 | BJ64: 0 | BK64: 0 | BL64: 0 | BM64: 0 | BN64: 0 | BO64: 8991 | BP64: 0 | BQ64: 0 | BR64: 0 | BS64: 0 | BT64: 2.5 | BU64: 2.8 | BV64: 2.7 | BW64: 2.67 | BX64: 5.3333333 | BY64: 3.5 | BZ64: 4.3333333 | CA64: 4 | CB64: 3.05 | CC64: 0 | CD64: 0 | CE64: 15 | CF64: 22 | CG64: 7 | CH64: 0.875 | CI64: 20 | CJ64: 25 | CK64: 49 | CL64: 19 | CM64: 36 | CN64: 37 | CO64: 60 | CP64: 30 | CQ64: 60 | CR64: 29 | CS64: 60 | CT64: 4 | CU64: 4 | CV64: 6 | CW64: 1 | CX64: 45125 | CY64: 32535 | CZ64: 34.47 | DA64: 3 | DB64: 1 | DC64: 2 | DD64: 5 | DE64: 2 | DF64: 9 | DG64: 0 | DH64: 3.125 | DI64: 9 | DJ64: 1 | DK64: 9 | DL64: 7 | DM64: 16 | DN64: 8 | DO64: 2.5833333 | DP64: 5 | DQ64: 1 | DR64: 3 | DS64: 5 | DT64: NaN | DU64: NaN | DV64: NaN | DW64: 0 | DX64: NaN | DY64: 3 | DZ64: 0 | EA64: NaN | EB64: NaN | EC64: NaN | ED64: 9 | EE64: 13 | EF64: 12 | EG64: 19 | EH64: 19 | EI64: NaN | EJ64: NaN
A65: 10802 | B65: 50380 | D65: 3.076923 | E65: 3.636364 | F65: 3.428571 | G65: 3.166667 | H65: 4.923077 | I65: 4.428571 | J65: 42.69 | K65: White | L65: Female | M65: 4.11 | N65: 4 | O65: 4 | P65: 7 | Q65: 0 | R65: 6.83 | S65: 4.17 | T65: 6.25 | U65: 4.67 | V65: 5.37 | W65: 39 | X65: 11 | Y65: 18 | Z65: 4 | AA65: 6 | AB65: 2 | AC65: 6 | AD65: 3 | AE65: 2 | AF65: 2 | AG65: 15 | AH65: 24 | AI65: 10 | AJ65: 0 | AK65: 0 | AL65: 7 | AM65: 7 | AN65: 7 | AO65: 7 | AP65: 3.2 | AQ65: 13 | AR65: 3.75 | AS65: 85 | AT65: 2.67 | AU65: 9999 | AV65: 0 | AW65: 0 | AX65: 0 | AY65: 0 | AZ65: 0 | BA65: 0 | BB65: 0 | BC65: 0 | BD65: 0 | BE65: 0 | BF65: 20 | BG65: 0 | BH65: 0 | BI65: 0 | BJ65: 0 | BK65: 0 | BL65: 0 | BM65: 0 | BN65: 0 | BO65: 8991 | BP65: 0 | BQ65: 0 | BR65: 0 | BS65: 0 | BT65: 2 | BU65: 3.8 | BV65: 2.9 | BW65: 2.9 | BX65: 6 | BY65: 5.1666667 | BZ65: 6 | CA65: 5.1666667 | CB65: 3.15 | CC65: 0 | CD65: 0 | CE65: 30 | CF65: 20 | CG65: 12 | CH65: 1.0909091 | CI65: 38 | CJ65: 30 | CK65: 43 | CL65: 26 | CM65: 34 | CN65: 44 | CO65: 60 | CP65: 36 | CQ65: 60 | CR65: 27 | CS65: 60 | CT65: 6 | CU65: 6 | CV65: 5 | CW65: 1 | CX65: 45125 | CY65: 29563 | CZ65: 42.61 | DA65: 4 | DB65: 1 | DC65: 1 | DD65: 0 | DE65: 2 | DF65: 11 | DG65: 28 | DH65: 3.6875 | DI65: 11 | DJ65: 2 | DK65: 12 | DL65: 5 | DM65: 18 | DN65: 11 | DO65: 6.4166667 | DP65: 6 | DQ65: 0 | DR65: 7 | DS65: 6 | DT65: NaN | DU65: NaN | DV65: NaN | DW65: 0 | DX65: 17584 | DY65: 7 | DZ65: 1 | EA65: NaN | EB65: NaN | EC65: NaN | ED65: 15 | EE65: 13 | EF65: 17 | EG65: 17 | EH65: 17 | EI65: NaN | EJ65: NaN
A66: 10803 | B66: 22601 | D66: 3.333333 | E66: 4.333333 | F66: 5.6 | G66: 4.666667 | H66: 4.666667 | I66: 2.4 | J66: 21.66 | K66: Asian | L66: Female | M66: 3.56 | N66: 3.4 | O66: 0 | P66: 1 | Q66: 0 | R66: 4.83 | S66: 4.5 | T66: 4.38 | U66: 4.5 | V66: 4.47 | W66: 19 | X66: 5 | Y66: 7 | Z66: 0 | AA66: 7 | AB66: 6 | AC66: 8 | AD66: 2 | AE66: 5 | AF66: 4 | AG66: 25 | AH66: 25 | AI66: 10 | AJ66: 0 | AK66: 0 | AL66: 5.42 | AM66: 5.75 | AN66: 4.5 | AO66: 6 | AP66: 2.7 | AQ66: 15 | AR66: 4.83 | AS66: 89 | AT66: 2.33 | AU66: 9999 | AV66: 0 | AW66: 44 | AX66: 1.25 | AY66: 1.25 | AZ66: 1 | BA66: 1.25 | BB66: 1 | BC66: 1 | BD66: 1 | BE66: 1.1071429 | BF66: 93 | BG66: 73 | BH66: 0 | BI66: 0 | BJ66: 0 | BK66: 0 | BL66: 0 | BM66: 37 | BN66: 35 | BO66: 8991 | BP66: 0 | BQ66: 0 | BR66: 0 | BS66: 0 | BT66: 3 | BU66: 2.7 | BV66: 3.4 | BW66: 3.03 | BX66: 4.3333333 | BY66: 4.3333333 | BZ66: 4.3333333 | CA66: 4 | CB66: 1.25 | CC66: 0 | CD66: 0 | CE66: 16 | CF66: 0 | CG66: 7 | CH66: 1 | CI66: 22 | CJ66: 24 | CK66: 29 | CL66: 12 | CM66: 35 | CN66: 40 | CO66: 60 | CP66: 39 | CQ66: 60 | CR66: 36 | CS66: 60 | CT66: 0 | CU66: 0 | CV66: 6 | CW66: 2 | CX66: 45126 | CY66: 37242 | CZ66: 21.59 | DA66: 1 | DB66: 1 | DC66: 0 | DD66: 0 | DE66: 1 | DF66: 3 | DG66: 0 | DH66: 2.9375 | DI66: 11 | DJ66: 2 | DK66: 9 | DL66: 6 | DM66: 15 | DN66: 4 | DO66: 4.1666667 | DP66: 4 | DQ66: 1 | DR66: 6 | DS66: 4 | DT66: NaN | DU66: NaN | DV66: NaN | DW66: 3 | DX66: 11220 | DY66: 6 | DZ66: 0 | EA66: NaN | EB66: NaN | EC66: NaN | ED66: 11 | EE66: 9 | EF66: 10 | EG66: 15 | EH66: 14 | EI66: NaN | EJ66: NaN
A67: 10804 | B67: 120798 | D67: 5.272727 | E67: 5.166667 | F67: 6 | G67: 4.285714 | H67: 6.615385 | I67: 4.333333 | J67: 25.5 | K67: Two or more races | L67: Female | M67: 4.67 | N67: 4.7 | O67: 4 | P67: 2 | Q67: 0 | R67: 6.5 | S67: 5.83 | T67: 6.25 | U67: 6 | V67: 5.9 | W67: 16 | X67: 6 | Y67: 6 | Z67: 0 | AA67: 4 | AB67: 1 | AC67: 3 | AD67: 8 | AE67: 1 | AF67: 4 | AG67: 17 | AH67: 31 | AI67: 10 | AJ67: 0 | AK67: 0 | AL67: 2 | AM67: 2 | AN67: 2 | AO67: 2 | AP67: 3 | AQ67: 10 | AR67: 1.17 | AS67: 83 | AT67: 2.5 | AU67: 9999 | AV67: 0 | AW67: 0 | AX67: 0 | AY67: 0 | AZ67: 0 | BA67: 0 | BB67: 0 | BC67: 0 | BD67: 0 | BE67: 0 | BF67: 20 | BG67: 0 | BH67: 0 | BI67: 0 | BJ67: 0 | BK67: 0 | BL67: 0 | BM67: 0 | BN67: 0 | BO67: 8991 | BP67: 0 | BQ67: 0 | BR67: 0 | BS67: 0 | BT67: 3.3 | BU67: 3.2 | BV67: 3.3 | BW67: 3.27 | BX67: 6 | BY67: 5.5 | BZ67: 6 | CA67: 5.5 | CB67: 0.25 | CC67: 0 | CD67: 0 | CE67: 23 | CF67: 25 | CG67: 9 | CH67: 1 | CI67: 32 | CJ67: 33 | CK67: 54 | CL67: 32 | CM67: 33 | CN67: 42 | CO67: 60 | CP67: 30 | CQ67: 60 | CR67: 23 | CS67: 60 | CT67: 0 | CU67: 0 | CV67: 2 | CW67: 1 | CX67: 45127 | CY67: 35838 | CZ67: 25.43 | DA67: 5 | DB67: 1 | DC67: 1 | DD67: 0 | DE67: 4 | DF67: 9 | DG67: 0 | DH67: 3.5 | DI67: 6 | DJ67: 7 | DK67: 10 | DL67: 8 | DM67: 15 | DN67: 10 | DO67: 4.25 | DP67: 4 | DQ67: 0 | DR67: 3 | DS67: 4 | DT67: NaN | DU67: NaN | DV67: NaN | DW67: 0 | DX67: 7307 | DY67: 3 | DZ67: 1 | EA67: NaN | EB67: NaN | EC67: NaN | ED67: 10 | EE67: 13 | EF67: 11 | EG67: 12 | EH67: 16 | EI67: NaN | EJ67: NaN
A68: 10806 | B68: 150896 | D68: 2.222222 | E68: 2.857143 | F68: 4 | G68: 4.333333 | H68: 4.5 | I68: 6.5 | J68: 26.99 | K68: Prefer not to respond | L68: Male | M68: 0 | N68: 0 | O68: 0 | P68: 0 | Q68: 0 | R68: 0 | S68: 0 | T68: 0 | U68: 0 | V68: 0 | W68: 0 | X68: 0 | Y68: 0 | Z68: 0 | AA68: 0 | AB68: 0 | AC68: 0 | AD68: 0 | AE68: 0 | AF68: 0 | AG68: 0 | AH68: 27 | AI68: 11 | AJ68: 0 | AK68: 0 | AL68: 5 | AM68: 6 | AN68: 3.5 | AO68: 5.5 | AP68: 2.4 | AQ68: 14 | AR68: 2.33 | AS68: 89 | AT68: 2.33 | AU68: 9999 | AV68: 0 | AW68: 0 | AX68: 0 | AY68: 0 | AZ68: 0 | BA68: 0 | BB68: 0 | BC68: 0 | BD68: 0 | BE68: 0 | BF68: 20 | BG68: 0 | BH68: 0 | BI68: 0 | BJ68: 0 | BK68: 0 | BL68: 0 | BM68: 0 | BN68: 0 | BO68: 8991 | BP68: 0 | BQ68: 0 | BR68: 0 | BS68: 0 | BT68: 0 | BU68: 0 | BV68: 0 | BW68: 0 | BX68: 6 | BY68: 3.8333333 | BZ68: 3.5 | CA68: 2.6666667 | CB68: 0 | CC68: 0 | CD68: 0 | CE68: 14 | CF68: 26 | CG68: 5 | CH68: 0.83333333 | CI68: 18 | CJ68: 45 | CK68: 50 | CL68: 0 | CM68: 31 | CN68: 44 | CO68: 60 | CP68: 36 | CQ68: 60 | CR68: 27 | CS68: 60 | CT68: 1 | CU68: 1 | CV68: 5 | CW68: 1 | CX68: 45127 | CY68: 35315 | CZ68: 26.86 | DA68: 6 | DB68: 0 | DC68: 7 | DD68: 2 | DE68: 0 | DF68: 1 | DG68: 0 | DH68: 2.875 | DI68: 10 | DJ68: 5 | DK68: 9 | DL68: 0 | DM68: 15 | DN68: 7 | DO68: 2.9166667 | DP68: 5 | DQ68: 0 | DR68: 7 | DS68: 5 | DT68: NaN | DU68: NaN | DV68: NaN | DW68: 0 | DX68: 7828 | DY68: 7 | DZ68: 0 | EA68: NaN | EB68: NaN | EC68: NaN | ED68: 18 | EE68: 18 | EF68: 17 | EG68: 20 | EH68: 20 | EI68: NaN | EJ68: NaN
A69: 10807 | B69: 12365 | D69: 5.076923 | E69: 6.333333 | F69: 5.666667 | G69: 5.384615 | H69: 6.153846 | I69: 6 | J69: 58.05 | K69: Black or African American | L69: Male | M69: 4.78 | N69: 4.6 | O69: 2 | P69: 0 | Q69: 0 | R69: 6.67 | S69: 5.33 | T69: 4.5 | U69: 5.83 | V69: 5.57 | W69: 7 | X69: 1 | Y69: 0 | Z69: 0 | AA69: 6 | AB69: 3 | AC69: 5 | AD69: 1 | AE69: 4 | AF69: 2 | AG69: 15 | AH69: 36 | AI69: 12 | AJ69: 0 | AK69: 0 | AL69: 7 | AM69: 7 | AN69: 7 | AO69: 7 | AP69: 2.2 | AQ69: 9 | AR69: 1 | AS69: 90 | AT69: 3 | AU69: 9999 | AV69: 0 | AW69: 0 | AX69: 0 | AY69: 0 | AZ69: 0 | BA69: 0 | BB69: 0 | BC69: 0 | BD69: 0 | BE69: 0 | BF69: 20 | BG69: 0 | BH69: 0 | BI69: 0 | BJ69: 0 | BK69: 0 | BL69: 0 | BM69: 0 | BN69: 0 | BO69: 8991 | BP69: 0 | BQ69: 0 | BR69: 0 | BS69: 0 | BT69: 2.8 | BU69: 3.6 | BV69: 2.6 | BW69: 3 | BX69: 2.6666667 | BY69: 2.1666667 | BZ69: 4.6666667 | CA69: 6 | CB69: 0.5 | CC69: 0 | CD69: 0 | CE69: 0 | CF69: 0 | CG69: 0 | CH69: 0 | CI69: 0 | CJ69: 0 | CK69: 0 | CL69: 21 | CM69: 18 | CN69: 0 | CO69: 0 | CP69: 0 | CQ69: 0 | CR69: 0 | CS69: 0 | CT69: 4 | CU69: 4 | CV69: 7 | CW69: 4 | CX69: 45181 | CY69: 23995 | CZ69: 58.01 | DA69: 3 | DB69: 0 | DC69: 0 | DD69: 0 | DE69: 3 | DF69: 14 | DG69: 12 | DH69: 4.3125 | DI69: 12 | DJ69: 12 | DK69: 12 | DL69: 3 | DM69: 18 | DN69: 12 | DO69: 7 | DP69: 4 | DQ69: 1 | DR69: 4 | DS69: 4 | DT69: NaN | DU69: NaN | DV69: NaN | DW69: 4 | DX69: 10301 | DY69: 4 | DZ69: 0 | EA69: NaN | EB69: NaN | EC69: NaN | ED69: 14 | EE69: 15 | EF69: 10 | EG69: 13 | EH69: 26 | EI69: NaN | EJ69: NaN
A70: 10809 | B70: 180255 | D70: 2.75 | E70: 3.2 | F70: 2.8 | G70: 3.333333 | H70: 4 | I70: 4.285714 | J70: 68.77 | K70: White | L70: Male | M70: 4.44 | N70: 4.3 | O70: 2 | P70: 3 | Q70: 0 | R70: 4.17 | S70: 4.5 | T70: 5.63 | U70: 4.67 | V70: 4.67 | W70: 23 | X70: 8 | Y70: 11 | Z70: 0 | AA70: 4 | AB70: 4 | AC70: 4 | AD70: 6 | AE70: 1 | AF70: 5 | AG70: 20 | AH70: 30 | AI70: 16 | AJ70: 0 | AK70: 0 | AL70: 5.58 | AM70: 6.25 | AN70: 4.5 | AO70: 6 | AP70: 3 | AQ70: 22 | AR70: 3.42 | AS70: 81 | AT70: 2.17 | AU70: 9999 | AV70: 0 | AW70: 0 | AX70: 0 | AY70: 0 | AZ70: 0 | BA70: 0 | BB70: 0 | BC70: 0 | BD70: 0 | BE70: 0 | BF70: 20 | BG70: 0 | BH70: 0 | BI70: 0 | BJ70: 0 | BK70: 0 | BL70: 0 | BM70: 0 | BN70: 0 | BO70: 8991 | BP70: 0 | BQ70: 0 | BR70: 0 | BS70: 0 | BT70: 3.7 | BU70: 3 | BV70: 3.3 | BW70: 3.33 | BX70: 1 | BY70: 1 | BZ70: 1 | CA70: 1 | CB70: 1.15 | CC70: 0 | CD70: 0 | CE70: 20 | CF70: 21 | CG70: 7 | CH70: 0.875 | CI70: 25 | CJ70: 32 | CK70: 44 | CL70: 26 | CM70: 18 | CN70: 48 | CO70: 58 | CP70: 48 | CQ70: 60 | CR70: 25 | CS70: 60 | CT70: 5 | CU70: 4 | CV70: 6 | CW70: 1 | CX70: 45181 | CY70: 20096 | CZ70: 68.68 | DA70: 4 | DB70: 0 | DC70: 4 | DD70: 4 | DE70: 1 | DF70: 15 | DG70: 26 | DH70: 3.25 | DI70: 9 | DJ70: 6 | DK70: 10 | DL70: 1 | DM70: 18 | DN70: 8 | DO70: 4 | DP70: 4 | DQ70: 0 | DR70: 4 | DS70: 4 | DT70: NaN | DU70: NaN | DV70: NaN | DW70: 0 | DX70: 19111 | DY70: 4 | DZ70: 0 | EA70: NaN | EB70: NaN | EC70: NaN | ED70: 12 | EE70: 10 | EF70: 9 | EG70: 10 | EH70: 19 | EI70: NaN | EJ70: NaN
A71: 10812 | B71: 131960 | D71: 3.666667 | E71: 4.153846 | F71: 5.230769 | G71: 4 | H71: 6.428571 | I71: 5.076923 | J71: 62.91 | K71: Black or African American | L71: Male | M71: 3.22 | N71: 3 | O71: 1 | P71: 0 | Q71: 0 | R71: 5.67 | S71: 4.83 | T71: 4.5 | U71: 5.33 | V71: 5.1 | W71: 1 | X71: 0 | Y71: 1 | Z71: 0 | AA71: 0 | AB71: 1 | AC71: 1 | AD71: 6 | AE71: 1 | AF71: 1 | AG71: 10 | AH71: 34 | AI71: 10 | AJ71: 0 | AK71: 0 | AL71: 6 | AM71: 6 | AN71: 6 | AO71: 6 | AP71: 2.5 | AQ71: 6 | AR71: 1.58 | AS71: 87 | AT71: 3 | AU71: 9999 | AV71: 0 | AW71: 0 | AX71: 0 | AY71: 0 | AZ71: 0 | BA71: 0 | BB71: 0 | BC71: 0 | BD71: 0 | BE71: 0 | BF71: 20 | BG71: 0 | BH71: 0 | BI71: 0 | BJ71: 0 | BK71: 0 | BL71: 0 | BM71: 0 | BN71: 0 | BO71: 8991 | BP71: 0 | BQ71: 0 | BR71: 0 | BS71: 0 | BT71: 3.8 | BU71: 3.8 | BV71: 3.8 | BW71: 3.8 | BX71: 5.3333333 | BY71: 5.1666667 | BZ71: 4 | CA71: 3.3333333 | CB71: 0.3 | CC71: 0 | CD71: 0 | CE71: 27 | CF71: 20 | CG71: 7 | CH71: 0.63636364 | CI71: 34 | CJ71: 26 | CK71: 32 | CL71: 20 | CM71: 26 | CN71: 36 | CO71: 60 | CP71: 40 | CQ71: 60 | CR71: 26 | CS71: 60 | CT71: 3 | CU71: 3 | CV71: 7 | CW71: 4 | CX71: 45089 | CY71: 22225 | CZ71: 62.6 | DA71: 3 | DB71: 0 | DC71: 3 | DD71: 0 | DE71: 0 | DF71: 2 | DG71: 0 | DH71: 3.875 | DI71: 12 | DJ71: 12 | DK71: 8 | DL71: 6 | DM71: 12 | DN71: 12 | DO71: 7 | DP71: 1 | DQ71: 1 | DR71: 7 | DS71: 1 | DT71: NaN | DU71: NaN | DV71: NaN | DW71: 0 | DX71: 19121 | DY71: 7 | DZ71: 0 | EA71: NaN | EB71: NaN | EC71: NaN | ED71: 18 | EE71: 14 | EF71: 20 | EG71: 21 | EH71: 15 | EI71: 0 | EJ71: NaN

Sheet Model1
A1: sub | B1: ones | C1: IOS (f-c) | D1: sub_age
A2: 10369 | B2: 1 | C2: -0.246 | D2: -12.55
A3: 10402 | B3: 1 | C3: -4.246 | D3: -8.56
A4: 10418 | B4: 1 | C4: -3.246 | D4: 24.14
A5: 10462 | B5: 1 | C5: -1.246 | D5: 17.54
A6: 10478 | B6: 1 | C6: -0.246 | D6: -16.6
A7: 10486 | B7: 1 | C7: -3.246 | D7: -2.59
A8: 10529 | B8: 1 | C8: 2.754 | D8: 23.3
A9: 10541 | B9: 1 | C9: -1.246 | D9: 24.66
A10: 10572 | B10: 1 | C10: -2.246 | D10: 25.96
A11: 10581 | B11: 1 | C11: -3.246 | D11: 3.53
A12: 10584 | B12: 1 | C12: 0.754 | D12: 5.14
A13: 10585 | B13: 1 | C13: 2.754 | D13: 18.83
... A62: 10812 | B62: 1 | C62: -0.246 | D62: 18.41

Sheet Model2
A1: =Sheet1!A1 -> sub | B1: ones | C1: IOS (f-s) | D1: sub_age
A2: =Sheet1!A2 -> 10317 | B2: 1 | C2: -1.2786885 | D2: -12.55
A3: =Sheet1!A3 -> 10369 | B3: 1 | C3: -0.27868852 | D3: -8.56
A4: =Sheet1!A4 -> 10391 | B4: 1 | C4: -2.2786885 | D4: 24.14
A5: =Sheet1!A5 -> 10402 | B5: 1 | C5: -2.2786885 | D5: 17.54
A6: =Sheet1!A6 -> 10418 | B6: 1 | C6: 1.7213115 | D6: -16.6
A7: =Sheet1!A7 -> 10462 | B7: 1 | C7: -0.27868852 | D7: -2.59
A8: =Sheet1!A8 -> 10478 | B8: 1 | C8: 0.72131148 | D8: 23.3
A9: =Sheet1!A9 -> 10486 | B9: 1 | C9: -4.2786885 | D9: 24.66
A10: =Sheet1!A10 -> 10529 | B10: 1 | C10: -2.2786885 | D10: 25.96
A11: =Sheet1!A11 -> 10541 | B11: 1 | C11: -2.2786885 | D11: 3.53
A12: =Sheet1!A12 -> 10555 | B12: 1 | C12: 1.7213115 | D12: 5.14
A13: =Sheet1!A13 -> 10559 | B13: 1 | C13: 2.7213115 | D13: 18.83
... A62: =Sheet1!A62 -> 10794 | B62: 1 | C62: 1.7213115 | D62: 18.41

Sheet Sheet4
A1: sub_id | B1: ones | C1: IOS (f-c)
C2: -0.246
C3: -4.246
C4: -3.246
C5: -1.246
C6: -0.246
C7: -3.246
C8: 2.754
C9: -1.246
C10: -2.246
C11: -3.246
C12: 0.754
C13: 2.754
... C62: -0.246
